DELETE FROM [dbo].[Nop_Product_Manufacturer_Mapping]
DELETE FROM [dbo].[Nop_Picture]
DELETE FROM [dbo].[Nop_ProductPicture]
DELETE FROM [dbo].[Nop_ProductTag_Product_Mapping]
DELETE FROM [dbo].[Nop_ProductAttribute]
DELETE FROM [dbo].[Nop_Manufacturer]
DELETE FROM [dbo].[Nop_Product_Category_Mapping]
DELETE FROM [dbo].[Nop_ProductVariant]
DELETE FROM [dbo].[Vendor]
DELETE FROM [dbo].[Nop_Customer]
DELETE FROM [dbo].[Nop_Product]



/****** Object:  Table [dbo].[Nop_Customer]    Script Date: 09/01/2011 19:21:58 ******/
SET IDENTITY_INSERT [dbo].[Nop_Customer] ON
INSERT [dbo].[Nop_Customer] ([CustomerID], [CustomerGUID], [Email], [Username], [PasswordHash], [SaltKey], [AffiliateID], [BillingAddressID], [ShippingAddressID], [LastPaymentMethodID], [LastAppliedCouponCode], [GiftCardCouponCodes], [CheckoutAttributes], [LanguageID], [CurrencyID], [TaxDisplayTypeID], [IsTaxExempt], [IsAdmin], [IsGuest], [IsVendor], [IsForumModerator], [TotalForumPosts], [Signature], [AdminComment], [Active], [Deleted], [RegistrationDate], [TimeZoneID], [AvatarID], [DateOfBirth]) VALUES (37, N'18c4f7dc-2964-41db-9611-8a313bf672d3', N'siteadmin@sewbie.com', N'siteadmin@sewbie.com', N'16631C8A2A55CC2E6EC47D51A951232AB4D253D9', N'alo50FM=', 0, 78, 77, 0, N'', N'', N'', 7, 1, 1, 0, 1, 0, 0, 1, 0, N'', N'', 1, 0, CAST(0x00009B3600C2192F AS DateTime), N'', 0, CAST(0x0000769B00000000 AS DateTime))
INSERT [dbo].[Nop_Customer] ([CustomerID], [CustomerGUID], [Email], [Username], [PasswordHash], [SaltKey], [AffiliateID], [BillingAddressID], [ShippingAddressID], [LastPaymentMethodID], [LastAppliedCouponCode], [GiftCardCouponCodes], [CheckoutAttributes], [LanguageID], [CurrencyID], [TaxDisplayTypeID], [IsTaxExempt], [IsAdmin], [IsGuest], [IsVendor], [IsForumModerator], [TotalForumPosts], [Signature], [AdminComment], [Active], [Deleted], [RegistrationDate], [TimeZoneID], [AvatarID], [DateOfBirth]) VALUES (52, N'22090225-2fce-4f41-84eb-c7604b0187d9', N'vendoradmin@sewbie.com', N'vendoradmin@sewbie.com', N'16631C8A2A55CC2E6EC47D51A951232AB4D253D9', N'alo50FM=', 0, 81, 82, 0, N'', N'', N'', 7, 1, 2, 0, 0, 0, 1, 0, 0, N'', N'', 1, 0, CAST(0x00009F48005A2558 AS DateTime), N'', 0, CAST(0x00009E5E00000000 AS DateTime))
INSERT [dbo].[Nop_Customer] ([CustomerID], [CustomerGUID], [Email], [Username], [PasswordHash], [SaltKey], [AffiliateID], [BillingAddressID], [ShippingAddressID], [LastPaymentMethodID], [LastAppliedCouponCode], [GiftCardCouponCodes], [CheckoutAttributes], [LanguageID], [CurrencyID], [TaxDisplayTypeID], [IsTaxExempt], [IsAdmin], [IsGuest], [IsVendor], [IsForumModerator], [TotalForumPosts], [Signature], [AdminComment], [Active], [Deleted], [RegistrationDate], [TimeZoneID], [AvatarID], [DateOfBirth]) VALUES (53, N'b6b3570b-748b-4a8e-ac17-228bd06fce7f', N'HAVBETA@sewbie.com', N'HAVBETA@sewbie.com', N'16631C8A2A55CC2E6EC47D51A951232AB4D253D9', N'alo50FM=', 0, 83, 84, 0, N'', N'', N'', 7, 1, 2, 0, 0, 0, 1, 0, 0, N'', N'', 1, 0, CAST(0x00009F48005A8AD5 AS DateTime), N'', 0, NULL)
INSERT [dbo].[Nop_Customer] ([CustomerID], [CustomerGUID], [Email], [Username], [PasswordHash], [SaltKey], [AffiliateID], [BillingAddressID], [ShippingAddressID], [LastPaymentMethodID], [LastAppliedCouponCode], [GiftCardCouponCodes], [CheckoutAttributes], [LanguageID], [CurrencyID], [TaxDisplayTypeID], [IsTaxExempt], [IsAdmin], [IsGuest], [IsVendor], [IsForumModerator], [TotalForumPosts], [Signature], [AdminComment], [Active], [Deleted], [RegistrationDate], [TimeZoneID], [AvatarID], [DateOfBirth]) VALUES (54, N'9f9ebd2b-556d-4278-ab0d-2c0b25270b86', N'WSBETA@sewbie.com', N'WSBETA@sewbie.com', N'16631C8A2A55CC2E6EC47D51A951232AB4D253D9', N'alo50FM=', 0, 85, 86, 0, N'', N'', N'', 7, 1, 2, 0, 0, 0, 1, 0, 0, N'', N'', 1, 0, CAST(0x00009F48005AFAA4 AS DateTime), N'', 0, NULL)
INSERT [dbo].[Nop_Customer] ([CustomerID], [CustomerGUID], [Email], [Username], [PasswordHash], [SaltKey], [AffiliateID], [BillingAddressID], [ShippingAddressID], [LastPaymentMethodID], [LastAppliedCouponCode], [GiftCardCouponCodes], [CheckoutAttributes], [LanguageID], [CurrencyID], [TaxDisplayTypeID], [IsTaxExempt], [IsAdmin], [IsGuest], [IsVendor], [IsForumModerator], [TotalForumPosts], [Signature], [AdminComment], [Active], [Deleted], [RegistrationDate], [TimeZoneID], [AvatarID], [DateOfBirth]) VALUES (55, N'197d7cd9-e6ec-4639-b390-f625cda27dfd', N'KBETA@sewbie.com', N'KBETA@sewbie.com', N'16631C8A2A55CC2E6EC47D51A951232AB4D253D9', N'alo50FM=', 0, 87, 88, 0, N'', N'', N'', 7, 1, 2, 0, 0, 0, 1, 0, 0, N'', N'', 1, 0, CAST(0x00009F48005BBBA8 AS DateTime), N'', 0, NULL)
INSERT [dbo].[Nop_Customer] ([CustomerID], [CustomerGUID], [Email], [Username], [PasswordHash], [SaltKey], [AffiliateID], [BillingAddressID], [ShippingAddressID], [LastPaymentMethodID], [LastAppliedCouponCode], [GiftCardCouponCodes], [CheckoutAttributes], [LanguageID], [CurrencyID], [TaxDisplayTypeID], [IsTaxExempt], [IsAdmin], [IsGuest], [IsVendor], [IsForumModerator], [TotalForumPosts], [Signature], [AdminComment], [Active], [Deleted], [RegistrationDate], [TimeZoneID], [AvatarID], [DateOfBirth]) VALUES (56, N'ae0f29a0-bba4-47d8-a107-36a538353a90', N'MPBETA@sewbie.com', N'MPBETA@sewbie.com', N'16631C8A2A55CC2E6EC47D51A951232AB4D253D9', N'alo50FM=', 0, 89, 90, 0, N'', N'', N'', 7, 1, 2, 0, 0, 0, 1, 0, 0, N'', N'', 1, 0, CAST(0x00009F4A0029D316 AS DateTime), N'', 0, CAST(0x00009E5E00000000 AS DateTime))
INSERT [dbo].[Nop_Customer] ([CustomerID], [CustomerGUID], [Email], [Username], [PasswordHash], [SaltKey], [AffiliateID], [BillingAddressID], [ShippingAddressID], [LastPaymentMethodID], [LastAppliedCouponCode], [GiftCardCouponCodes], [CheckoutAttributes], [LanguageID], [CurrencyID], [TaxDisplayTypeID], [IsTaxExempt], [IsAdmin], [IsGuest], [IsVendor], [IsForumModerator], [TotalForumPosts], [Signature], [AdminComment], [Active], [Deleted], [RegistrationDate], [TimeZoneID], [AvatarID], [DateOfBirth]) VALUES (57, N'1935b040-c309-4112-835b-19049671bdf1', N'neil@sewbie.com', N'neil@sewbie.com', N'16631C8A2A55CC2E6EC47D51A951232AB4D253D9', N'alo50FM=', 0, 91, 92, 0, N'', N'', N'', 7, 1, 2, 0, 0, 0, 0, 0, 0, N'', N'', 1, 0, CAST(0x00009F4A002B0556 AS DateTime), N'', 0, CAST(0x00009E5E00000000 AS DateTime))
INSERT [dbo].[Nop_Customer] ([CustomerID], [CustomerGUID], [Email], [Username], [PasswordHash], [SaltKey], [AffiliateID], [BillingAddressID], [ShippingAddressID], [LastPaymentMethodID], [LastAppliedCouponCode], [GiftCardCouponCodes], [CheckoutAttributes], [LanguageID], [CurrencyID], [TaxDisplayTypeID], [IsTaxExempt], [IsAdmin], [IsGuest], [IsVendor], [IsForumModerator], [TotalForumPosts], [Signature], [AdminComment], [Active], [Deleted], [RegistrationDate], [TimeZoneID], [AvatarID], [DateOfBirth]) VALUES (58, N'4d11c3cc-8684-49ac-b7ae-61a3e25a158d', N'hazel@sewbie.com', N'hazel@sewbie.com', N'16631C8A2A55CC2E6EC47D51A951232AB4D253D9', N'alo50FM=', 0, 93, 94, 0, N'', N'', N'', 7, 1, 2, 0, 0, 0, 0, 0, 0, N'', N'', 1, 0, CAST(0x00009F4A002B5C8E AS DateTime), N'', 0, CAST(0x00009E5E00000000 AS DateTime))
SET IDENTITY_INSERT [dbo].[Nop_Customer] OFF

/****** Object:  Table [dbo].[Vendor]    Script Date: 09/01/2011 19:21:58 ******/
INSERT [dbo].[Vendor] ([CustomerId], [CompanyName], [PaypalEmailAddress]) VALUES (37, N'Sewbie', N'neil@sewbie.com')
INSERT [dbo].[Vendor] ([CustomerId], [CompanyName], [PaypalEmailAddress]) VALUES (52, N'Sewbie', N'vendoradmin@sewbie.com')
INSERT [dbo].[Vendor] ([CustomerId], [CompanyName], [PaypalEmailAddress]) VALUES (53, N'Hello Again Vintage BETA', N'HAVEBETA@sewbie.com')
INSERT [dbo].[Vendor] ([CustomerId], [CompanyName], [PaypalEmailAddress]) VALUES (54, N'Wichser Studio BETA', N'wsbeta@sewbie.com')
INSERT [dbo].[Vendor] ([CustomerId], [CompanyName], [PaypalEmailAddress]) VALUES (55, N'Kana', N'KBETA@sewbie.com')
INSERT [dbo].[Vendor] ([CustomerId], [CompanyName], [PaypalEmailAddress]) VALUES (56, N'Madison Parker BETA', N'MPBETA@sewbie.com')

/****** Object:  Table [dbo].[Nop_Product]    Script Date: 09/01/2011 19:21:58 ******/
SET IDENTITY_INSERT [dbo].[Nop_Product] ON
INSERT [dbo].[Nop_Product] ([ProductId], [Name], [ShortDescription], [FullDescription], [AdminComment], [TemplateID], [ShowOnHomePage], [MetaKeywords], [MetaDescription], [MetaTitle], [SEName], [AllowCustomerReviews], [AllowCustomerRatings], [RatingSum], [TotalRatingVotes], [Published], [Deleted], [CreatedOn], [UpdatedOn]) VALUES (96, N'Logo Cap', N'Kana Signature Logo Cap', N'<p>Kana Signature Logo Cap&nbsp;</p>', N'', 5, 0, N'', N'', N'', N'', 1, 1, 0, 0, 1, 0, CAST(0x00009F4A013CA04A AS DateTime), CAST(0x00009F4A014751EC AS DateTime))
INSERT [dbo].[Nop_Product] ([ProductId], [Name], [ShortDescription], [FullDescription], [AdminComment], [TemplateID], [ShowOnHomePage], [MetaKeywords], [MetaDescription], [MetaTitle], [SEName], [AllowCustomerReviews], [AllowCustomerRatings], [RatingSum], [TotalRatingVotes], [Published], [Deleted], [CreatedOn], [UpdatedOn]) VALUES (97, N'Puffy Leather Vest', N'Boys Vest', N'<p>Urban faux-leather vest fully lined with cool plaid lining.</p>
<p>*currently on pre-order*</p>', N'', 5, 0, N'', N'', N'', N'', 1, 1, 0, 0, 1, 0, CAST(0x00009F4A014780DC AS DateTime), CAST(0x00009F51002BDF74 AS DateTime))
INSERT [dbo].[Nop_Product] ([ProductId], [Name], [ShortDescription], [FullDescription], [AdminComment], [TemplateID], [ShowOnHomePage], [MetaKeywords], [MetaDescription], [MetaTitle], [SEName], [AllowCustomerReviews], [AllowCustomerRatings], [RatingSum], [TotalRatingVotes], [Published], [Deleted], [CreatedOn], [UpdatedOn]) VALUES (98, N'Graphic City Logo T-Shirt', N'', N'', N'', 5, 0, N'', N'', N'', N'', 1, 1, 0, 0, 1, 0, CAST(0x00009F4A014A9E14 AS DateTime), CAST(0x00009F5100364ABC AS DateTime))
INSERT [dbo].[Nop_Product] ([ProductId], [Name], [ShortDescription], [FullDescription], [AdminComment], [TemplateID], [ShowOnHomePage], [MetaKeywords], [MetaDescription], [MetaTitle], [SEName], [AllowCustomerReviews], [AllowCustomerRatings], [RatingSum], [TotalRatingVotes], [Published], [Deleted], [CreatedOn], [UpdatedOn]) VALUES (99, N'Blazer with Piping', N'', N'<p>Fully lined jersey cotton blazer with pinstripe lining.</p>
<p>*currently on pre-orde*</p>', N'', 5, 0, N'', N'', N'', N'', 1, 1, 0, 0, 1, 0, CAST(0x00009F4A014B1B63 AS DateTime), CAST(0x00009F51003B199C AS DateTime))
INSERT [dbo].[Nop_Product] ([ProductId], [Name], [ShortDescription], [FullDescription], [AdminComment], [TemplateID], [ShowOnHomePage], [MetaKeywords], [MetaDescription], [MetaTitle], [SEName], [AllowCustomerReviews], [AllowCustomerRatings], [RatingSum], [TotalRatingVotes], [Published], [Deleted], [CreatedOn], [UpdatedOn]) VALUES (100, N' Taffeta Flower Vest', N'', N'<p>Completely unique look; fun for a formal occasion or just to be cute.</p>
<p>*currently on pre-order*</p>', N'', 5, 0, N'', N'', N'', N'', 1, 1, 0, 0, 1, 0, CAST(0x00009F4A014B5285 AS DateTime), CAST(0x00009F51003AB00A AS DateTime))
INSERT [dbo].[Nop_Product] ([ProductId], [Name], [ShortDescription], [FullDescription], [AdminComment], [TemplateID], [ShowOnHomePage], [MetaKeywords], [MetaDescription], [MetaTitle], [SEName], [AllowCustomerReviews], [AllowCustomerRatings], [RatingSum], [TotalRatingVotes], [Published], [Deleted], [CreatedOn], [UpdatedOn]) VALUES (101, N'Vintage 1980s Flower Wayfarer Sunglasses', N'Vintage 1980s Flower Wayfarer Sunglasses', N'<p>Circa: 1980''s</p>
<p>&nbsp;</p>
<p>MEASUREMENTS</p>
<p>&nbsp;</p>
<p>Front of frame: 5.5&quot;</p>
<p>Lens width: 2.25&quot;</p>
<p>Bridge: 0.45&quot;</p>
<p>Hinge to hinge: 5.45&quot;</p>
<p>Skull temple length: 6&quot;</p>
<p>&nbsp;</p>
<p>Color: Black, Multi-Color (rim)</p>
<p>Material: Plastic</p>
<p>Condition: Very Good (see photos)</p>', N'', 5, 0, N'', N'', N'', N'', 1, 1, 0, 0, 1, 0, CAST(0x00009F4B004E74B6 AS DateTime), CAST(0x00009F500150C38D AS DateTime))
INSERT [dbo].[Nop_Product] ([ProductId], [Name], [ShortDescription], [FullDescription], [AdminComment], [TemplateID], [ShowOnHomePage], [MetaKeywords], [MetaDescription], [MetaTitle], [SEName], [AllowCustomerReviews], [AllowCustomerRatings], [RatingSum], [TotalRatingVotes], [Published], [Deleted], [CreatedOn], [UpdatedOn]) VALUES (102, N'1970s Liz Claiborne Plaid Skirt', N'1970s Liz Claiborne Plaid Skirt', N'<p>Brand: LIZ CLAIBORNE<br />
Circa: 1970''s<br />
<br />
MEASUREMENTS<br />
Waist: 29&quot;<br />
Hips: Full<br />
Length: 33.5&quot;<br />
<br />
Fabric Info: no fabric info<br />
Label Size: no label size (fits like size medium/large)<br />
Color: purple, green<br />
<br />
CONDITION: Very good. Missing belt (see photos)</p>', N'', 5, 0, N'', N'', N'', N'', 1, 1, 0, 0, 1, 0, CAST(0x00009F4B004F15AC AS DateTime), CAST(0x00009F510029FFB7 AS DateTime))
INSERT [dbo].[Nop_Product] ([ProductId], [Name], [ShortDescription], [FullDescription], [AdminComment], [TemplateID], [ShowOnHomePage], [MetaKeywords], [MetaDescription], [MetaTitle], [SEName], [AllowCustomerReviews], [AllowCustomerRatings], [RatingSum], [TotalRatingVotes], [Published], [Deleted], [CreatedOn], [UpdatedOn]) VALUES (103, N'Floral Print Belt', N'', N'<p>MEASUREMENTS: <br />
Width: 0.75&quot;<br />
Length: 35&quot;<br />
<br />
Label Size: Extra Small<br />
Color: Brown, Pink, Yellow, Orange, White, Green, Blue<br />
Condition: Excellent<br />
<br />
<br />
*Made in China</p>', N'', 5, 0, N'', N'', N'', N'', 1, 1, 5, 1, 1, 0, CAST(0x00009F4B004F5D91 AS DateTime), CAST(0x00009F5100354879 AS DateTime))
INSERT [dbo].[Nop_Product] ([ProductId], [Name], [ShortDescription], [FullDescription], [AdminComment], [TemplateID], [ShowOnHomePage], [MetaKeywords], [MetaDescription], [MetaTitle], [SEName], [AllowCustomerReviews], [AllowCustomerRatings], [RatingSum], [TotalRatingVotes], [Published], [Deleted], [CreatedOn], [UpdatedOn]) VALUES (104, N'Gold Skeleton Key Hat Pin', N'', N'<p>Brand: AVON<br />
Circa: 1980s<br />
<br />
MEASUREMENTS: <br />
Length: 2.25&quot;<br />
<br />
Color(s): Gold tone<br />
Condition: Very Good (see photos).</p>', N'', 5, 0, N'', N'', N'', N'', 1, 1, 0, 0, 1, 0, CAST(0x00009F4B00FAD798 AS DateTime), CAST(0x00009F510037C9C1 AS DateTime))
INSERT [dbo].[Nop_Product] ([ProductId], [Name], [ShortDescription], [FullDescription], [AdminComment], [TemplateID], [ShowOnHomePage], [MetaKeywords], [MetaDescription], [MetaTitle], [SEName], [AllowCustomerReviews], [AllowCustomerRatings], [RatingSum], [TotalRatingVotes], [Published], [Deleted], [CreatedOn], [UpdatedOn]) VALUES (105, N'Vintage 1980s LIFE STRIDE Buckle Shoes sz 5.5', N'', N'<p>Brand: LIFE STRIDE<br />
Circa: 1980s<br />
<br />
Measurements:<br />
Heel: 3&quot;<br />
Insole: 9&quot;<br />
Width: 3&quot;<br />
<br />
Size: 5 1/2<br />
Condition: Very Good. Minor mark on right shoe (see photo).</p>', N'', 5, 0, N'', N'', N'', N'', 1, 1, 0, 0, 1, 0, CAST(0x00009F4B00FD1962 AS DateTime), CAST(0x00009F5100414A6B AS DateTime))
INSERT [dbo].[Nop_Product] ([ProductId], [Name], [ShortDescription], [FullDescription], [AdminComment], [TemplateID], [ShowOnHomePage], [MetaKeywords], [MetaDescription], [MetaTitle], [SEName], [AllowCustomerReviews], [AllowCustomerRatings], [RatingSum], [TotalRatingVotes], [Published], [Deleted], [CreatedOn], [UpdatedOn]) VALUES (106, N'Dream Sequins Necklace', N'', N'<p>A necklace made of a mix of colorful sequins, leather triangles, glass  beads...whimsy and fun! Lightweight, great for layering with shorter  length necklaces that''ll add a humble splash of color to a casual  outfit. All copper finish brass chain and findings. <br />
<br />
Total Necklace Length taken flat = approx. 18- 1/2&quot;</p>', N'', 5, 0, N'', N'', N'', N'', 1, 1, 0, 0, 1, 0, CAST(0x00009F4C003B06FC AS DateTime), CAST(0x00009F5100353771 AS DateTime))
INSERT [dbo].[Nop_Product] ([ProductId], [Name], [ShortDescription], [FullDescription], [AdminComment], [TemplateID], [ShowOnHomePage], [MetaKeywords], [MetaDescription], [MetaTitle], [SEName], [AllowCustomerReviews], [AllowCustomerRatings], [RatingSum], [TotalRatingVotes], [Published], [Deleted], [CreatedOn], [UpdatedOn]) VALUES (107, N'Navy Blue, Gray, & Yellow Gun Part Long Necklace', N'', N'<p>A piece of history, a piece of mystery, a piece of metal-ry...<br />
<br />
Exclusive  gun part necklace series from Wichser Studio is coming out slowly but  surely. Check back often for more unique designs.<br />
<br />
Best quality  all natural cowhide leather in navy blue, gray woven texture, and yellow  hair. Old rifle/gun part. Long antique brass chain and findings.  Lobster claw clasp.<br />
<br />
Total Necklace Length taken flat = approx. 18-3/4&quot;<br />
Pendant Dimensions = 2-1/4&quot;H x 1-1/8&quot;W(at widest)<br />
<br />
*Please pay attention to measurements listed to get accurate scale, photos may deceive actual size*</p>', N'', 5, 0, N'', N'', N'', N'', 1, 1, 0, 0, 1, 0, CAST(0x00009F4C003B5BBC AS DateTime), CAST(0x00009F5100409450 AS DateTime))
INSERT [dbo].[Nop_Product] ([ProductId], [Name], [ShortDescription], [FullDescription], [AdminComment], [TemplateID], [ShowOnHomePage], [MetaKeywords], [MetaDescription], [MetaTitle], [SEName], [AllowCustomerReviews], [AllowCustomerRatings], [RatingSum], [TotalRatingVotes], [Published], [Deleted], [CreatedOn], [UpdatedOn]) VALUES (108, N'Mums the Word Necklace', N'Mums the Word Necklace', N'<p>&nbsp;Mums the Word Necklace</p>', N'', 5, 0, N'', N'', N'', N'', 1, 1, 0, 0, 1, 1, CAST(0x00009F4C003BE375 AS DateTime), CAST(0x00009F4C003D08FE AS DateTime))
INSERT [dbo].[Nop_Product] ([ProductId], [Name], [ShortDescription], [FullDescription], [AdminComment], [TemplateID], [ShowOnHomePage], [MetaKeywords], [MetaDescription], [MetaTitle], [SEName], [AllowCustomerReviews], [AllowCustomerRatings], [RatingSum], [TotalRatingVotes], [Published], [Deleted], [CreatedOn], [UpdatedOn]) VALUES (109, N'Time Warp Bracelet', N'Time Warp Bracelet', N'<p>&nbsp;Time Warp Bracelet</p>', N'', 5, 0, N'', N'', N'', N'', 1, 1, 0, 0, 1, 1, CAST(0x00009F4C003C26B8 AS DateTime), CAST(0x00009F4C003C67F0 AS DateTime))
INSERT [dbo].[Nop_Product] ([ProductId], [Name], [ShortDescription], [FullDescription], [AdminComment], [TemplateID], [ShowOnHomePage], [MetaKeywords], [MetaDescription], [MetaTitle], [SEName], [AllowCustomerReviews], [AllowCustomerRatings], [RatingSum], [TotalRatingVotes], [Published], [Deleted], [CreatedOn], [UpdatedOn]) VALUES (110, N'Vintage Leopard Print Earrings', N'', N'<p>A pair of gold plated and leopard print fabric round earrings. Post-Backs. 1980s.<br />
<br />
Dimension: approx. 1- 1/4&quot; Diameter<br />
<br />
Condition: Very good</p>', N'', 5, 0, N'', N'', N'', N'', 1, 1, 0, 0, 1, 0, CAST(0x00009F4C003C951A AS DateTime), CAST(0x00009F5100406E14 AS DateTime))
SET IDENTITY_INSERT [dbo].[Nop_Product] OFF



/****** Object:  Table [dbo].[Nop_ProductPicture]    Script Date: 09/01/2011 19:21:58 ******/
SET IDENTITY_INSERT [dbo].[Nop_ProductPicture] ON
INSERT [dbo].[Nop_ProductPicture] ([ProductPictureID], [ProductID], [PictureID], [DisplayOrder]) VALUES (115, 96, 1, 1)
INSERT [dbo].[Nop_ProductPicture] ([ProductPictureID], [ProductID], [PictureID], [DisplayOrder]) VALUES (116, 97, 2, 1)
INSERT [dbo].[Nop_ProductPicture] ([ProductPictureID], [ProductID], [PictureID], [DisplayOrder]) VALUES (117, 98, 3, 1)
INSERT [dbo].[Nop_ProductPicture] ([ProductPictureID], [ProductID], [PictureID], [DisplayOrder]) VALUES (118, 99, 4, 1)
INSERT [dbo].[Nop_ProductPicture] ([ProductPictureID], [ProductID], [PictureID], [DisplayOrder]) VALUES (119, 100, 5, 1)
INSERT [dbo].[Nop_ProductPicture] ([ProductPictureID], [ProductID], [PictureID], [DisplayOrder]) VALUES (121, 102, 7, 1)
INSERT [dbo].[Nop_ProductPicture] ([ProductPictureID], [ProductID], [PictureID], [DisplayOrder]) VALUES (122, 103, 8, 1)
INSERT [dbo].[Nop_ProductPicture] ([ProductPictureID], [ProductID], [PictureID], [DisplayOrder]) VALUES (123, 104, 9, 1)
INSERT [dbo].[Nop_ProductPicture] ([ProductPictureID], [ProductID], [PictureID], [DisplayOrder]) VALUES (124, 105, 10, 1)
INSERT [dbo].[Nop_ProductPicture] ([ProductPictureID], [ProductID], [PictureID], [DisplayOrder]) VALUES (125, 106, 11, 1)
INSERT [dbo].[Nop_ProductPicture] ([ProductPictureID], [ProductID], [PictureID], [DisplayOrder]) VALUES (126, 107, 12, 1)
INSERT [dbo].[Nop_ProductPicture] ([ProductPictureID], [ProductID], [PictureID], [DisplayOrder]) VALUES (127, 109, 13, 1)
INSERT [dbo].[Nop_ProductPicture] ([ProductPictureID], [ProductID], [PictureID], [DisplayOrder]) VALUES (128, 110, 14, 1)
INSERT [dbo].[Nop_ProductPicture] ([ProductPictureID], [ProductID], [PictureID], [DisplayOrder]) VALUES (129, 108, 15, 1)
INSERT [dbo].[Nop_ProductPicture] ([ProductPictureID], [ProductID], [PictureID], [DisplayOrder]) VALUES (130, 101, 16, 1)
INSERT [dbo].[Nop_ProductPicture] ([ProductPictureID], [ProductID], [PictureID], [DisplayOrder]) VALUES (131, 101, 17, 1)
INSERT [dbo].[Nop_ProductPicture] ([ProductPictureID], [ProductID], [PictureID], [DisplayOrder]) VALUES (132, 101, 18, 1)
SET IDENTITY_INSERT [dbo].[Nop_ProductPicture] OFF

SET IDENTITY_INSERT [dbo].[Nop_Manufacturer] ON
INSERT [dbo].[Nop_Manufacturer] ([ManufacturerID], [Name], [Description], [TemplateID], [MetaKeywords], [MetaDescription], [MetaTitle], [SEName], [PictureID], [PageSize], [PriceRanges], [Published], [Deleted], [DisplayOrder], [CreatedOn], [UpdatedOn]) VALUES (1, N'HP', N'', 1, N'', N'', N'', N'', 0, 4, N'', 1, 1, 5, CAST(0x00009D300082C6BF AS DateTime), CAST(0x00009D300082E245 AS DateTime))
INSERT [dbo].[Nop_Manufacturer] ([ManufacturerID], [Name], [Description], [TemplateID], [MetaKeywords], [MetaDescription], [MetaTitle], [SEName], [PictureID], [PageSize], [PriceRanges], [Published], [Deleted], [DisplayOrder], [CreatedOn], [UpdatedOn]) VALUES (2, N'Madison Parker', N'<p>Madison Parker is a kids clothing designer.&nbsp;</p>', 1, N'', N'', N'', N'', 0, 4, N'', 1, 1, 1, CAST(0x00009D300082F4F7 AS DateTime), CAST(0x00009F2000277E5C AS DateTime))
INSERT [dbo].[Nop_Manufacturer] ([ManufacturerID], [Name], [Description], [TemplateID], [MetaKeywords], [MetaDescription], [MetaTitle], [SEName], [PictureID], [PageSize], [PriceRanges], [Published], [Deleted], [DisplayOrder], [CreatedOn], [UpdatedOn]) VALUES (3, N'Kana BETA', N'<p>Kana is a kids clothing designer based in NJ.&nbsp;</p>', 1, N'', N'', N'', N'', 0, 10, N'', 1, 0, 2, CAST(0x00009F1601186D33 AS DateTime), CAST(0x00009F4A002A9423 AS DateTime))
INSERT [dbo].[Nop_Manufacturer] ([ManufacturerID], [Name], [Description], [TemplateID], [MetaKeywords], [MetaDescription], [MetaTitle], [SEName], [PictureID], [PageSize], [PriceRanges], [Published], [Deleted], [DisplayOrder], [CreatedOn], [UpdatedOn]) VALUES (6, N'New Company', N'<p>&nbsp;The new company</p>', 1, N'', N'', N'', N'', 0, 4, N'', 1, 1, 3, CAST(0x00009F1700F93DFA AS DateTime), CAST(0x00009F200025DD7A AS DateTime))
INSERT [dbo].[Nop_Manufacturer] ([ManufacturerID], [Name], [Description], [TemplateID], [MetaKeywords], [MetaDescription], [MetaTitle], [SEName], [PictureID], [PageSize], [PriceRanges], [Published], [Deleted], [DisplayOrder], [CreatedOn], [UpdatedOn]) VALUES (7, N'Wichser Studio BETA', N'', 1, N'', N'', N'', N'', 0, 4, N'', 1, 1, 4, CAST(0x00009F1701001738 AS DateTime), CAST(0x00009F4A002A9EBF AS DateTime))
INSERT [dbo].[Nop_Manufacturer] ([ManufacturerID], [Name], [Description], [TemplateID], [MetaKeywords], [MetaDescription], [MetaTitle], [SEName], [PictureID], [PageSize], [PriceRanges], [Published], [Deleted], [DisplayOrder], [CreatedOn], [UpdatedOn]) VALUES (8, N'Leigh Me', N'', 1, N'', N'', N'', N'', 0, 4, N'', 1, 1, 5, CAST(0x00009F17013BB2F7 AS DateTime), CAST(0x00009F200025E558 AS DateTime))
INSERT [dbo].[Nop_Manufacturer] ([ManufacturerID], [Name], [Description], [TemplateID], [MetaKeywords], [MetaDescription], [MetaTitle], [SEName], [PictureID], [PageSize], [PriceRanges], [Published], [Deleted], [DisplayOrder], [CreatedOn], [UpdatedOn]) VALUES (9, N'Hello Again Vintage', N'', 1, N'', N'', N'', N'', 0, 10, N'', 1, 1, 1, CAST(0x00009F2900FF8E9D AS DateTime), CAST(0x00009F2900FF8E9D AS DateTime))
INSERT [dbo].[Nop_Manufacturer] ([ManufacturerID], [Name], [Description], [TemplateID], [MetaKeywords], [MetaDescription], [MetaTitle], [SEName], [PictureID], [PageSize], [PriceRanges], [Published], [Deleted], [DisplayOrder], [CreatedOn], [UpdatedOn]) VALUES (10, N'Hello Again Vintage BETA', N'', 1, N'', N'', N'', N'', 0, 4, N'', 1, 1, 0, CAST(0x00009F2E01557938 AS DateTime), CAST(0x00009F2E01557938 AS DateTime))
INSERT [dbo].[Nop_Manufacturer] ([ManufacturerID], [Name], [Description], [TemplateID], [MetaKeywords], [MetaDescription], [MetaTitle], [SEName], [PictureID], [PageSize], [PriceRanges], [Published], [Deleted], [DisplayOrder], [CreatedOn], [UpdatedOn]) VALUES (11, N'Sewbie', N'', 1, N'', N'', N'', N'', 0, 4, N'', 1, 0, 0, CAST(0x00009F47017268DE AS DateTime), CAST(0x00009F47017268DE AS DateTime))
INSERT [dbo].[Nop_Manufacturer] ([ManufacturerID], [Name], [Description], [TemplateID], [MetaKeywords], [MetaDescription], [MetaTitle], [SEName], [PictureID], [PageSize], [PriceRanges], [Published], [Deleted], [DisplayOrder], [CreatedOn], [UpdatedOn]) VALUES (12, N'Hello Again Vintage BETA', N'', 1, N'', N'', N'', N'', 0, 4, N'', 1, 0, 0, CAST(0x00009F470172CE6A AS DateTime), CAST(0x00009F470172CE6A AS DateTime))
INSERT [dbo].[Nop_Manufacturer] ([ManufacturerID], [Name], [Description], [TemplateID], [MetaKeywords], [MetaDescription], [MetaTitle], [SEName], [PictureID], [PageSize], [PriceRanges], [Published], [Deleted], [DisplayOrder], [CreatedOn], [UpdatedOn]) VALUES (13, N'Kana', N'', 1, N'', N'', N'', N'', 0, 4, N'', 1, 1, 0, CAST(0x00009F470173F3DB AS DateTime), CAST(0x00009F470173F3DB AS DateTime))
INSERT [dbo].[Nop_Manufacturer] ([ManufacturerID], [Name], [Description], [TemplateID], [MetaKeywords], [MetaDescription], [MetaTitle], [SEName], [PictureID], [PageSize], [PriceRanges], [Published], [Deleted], [DisplayOrder], [CreatedOn], [UpdatedOn]) VALUES (14, N'Madison Parker BETA', N'', 1, N'', N'', N'', N'', 0, 4, N'', 1, 0, 0, CAST(0x00009F49014221CF AS DateTime), CAST(0x00009F49014221CF AS DateTime))
INSERT [dbo].[Nop_Manufacturer] ([ManufacturerID], [Name], [Description], [TemplateID], [MetaKeywords], [MetaDescription], [MetaTitle], [SEName], [PictureID], [PageSize], [PriceRanges], [Published], [Deleted], [DisplayOrder], [CreatedOn], [UpdatedOn]) VALUES (15, N'Wichser Studio BETA', N'', 1, N'', N'', N'', N'', 0, 4, N'', 1, 0, 0, CAST(0x00009F4B0152D9DC AS DateTime), CAST(0x00009F4B0152D9DC AS DateTime))
SET IDENTITY_INSERT [dbo].[Nop_Manufacturer] OFF


/****** Object:  Table [dbo].[Nop_Product_Manufacturer_Mapping]    Script Date: 09/01/2011 19:21:58 ******/
SET IDENTITY_INSERT [dbo].[Nop_Product_Manufacturer_Mapping] ON
INSERT [dbo].[Nop_Product_Manufacturer_Mapping] ([ProductManufacturerID], [ProductID], [ManufacturerID], [IsFeaturedProduct], [DisplayOrder]) VALUES (7, 101, 12, 0, 1)
INSERT [dbo].[Nop_Product_Manufacturer_Mapping] ([ProductManufacturerID], [ProductID], [ManufacturerID], [IsFeaturedProduct], [DisplayOrder]) VALUES (8, 102, 12, 0, 1)
INSERT [dbo].[Nop_Product_Manufacturer_Mapping] ([ProductManufacturerID], [ProductID], [ManufacturerID], [IsFeaturedProduct], [DisplayOrder]) VALUES (9, 103, 12, 0, 1)
INSERT [dbo].[Nop_Product_Manufacturer_Mapping] ([ProductManufacturerID], [ProductID], [ManufacturerID], [IsFeaturedProduct], [DisplayOrder]) VALUES (10, 104, 12, 0, 1)
INSERT [dbo].[Nop_Product_Manufacturer_Mapping] ([ProductManufacturerID], [ProductID], [ManufacturerID], [IsFeaturedProduct], [DisplayOrder]) VALUES (11, 105, 12, 0, 1)
INSERT [dbo].[Nop_Product_Manufacturer_Mapping] ([ProductManufacturerID], [ProductID], [ManufacturerID], [IsFeaturedProduct], [DisplayOrder]) VALUES (12, 106, 15, 0, 1)
INSERT [dbo].[Nop_Product_Manufacturer_Mapping] ([ProductManufacturerID], [ProductID], [ManufacturerID], [IsFeaturedProduct], [DisplayOrder]) VALUES (13, 106, 7, 0, 1)
INSERT [dbo].[Nop_Product_Manufacturer_Mapping] ([ProductManufacturerID], [ProductID], [ManufacturerID], [IsFeaturedProduct], [DisplayOrder]) VALUES (14, 107, 15, 0, 1)
INSERT [dbo].[Nop_Product_Manufacturer_Mapping] ([ProductManufacturerID], [ProductID], [ManufacturerID], [IsFeaturedProduct], [DisplayOrder]) VALUES (15, 107, 7, 0, 1)
INSERT [dbo].[Nop_Product_Manufacturer_Mapping] ([ProductManufacturerID], [ProductID], [ManufacturerID], [IsFeaturedProduct], [DisplayOrder]) VALUES (16, 108, 15, 0, 1)
INSERT [dbo].[Nop_Product_Manufacturer_Mapping] ([ProductManufacturerID], [ProductID], [ManufacturerID], [IsFeaturedProduct], [DisplayOrder]) VALUES (17, 108, 7, 0, 1)
INSERT [dbo].[Nop_Product_Manufacturer_Mapping] ([ProductManufacturerID], [ProductID], [ManufacturerID], [IsFeaturedProduct], [DisplayOrder]) VALUES (18, 109, 15, 0, 1)
INSERT [dbo].[Nop_Product_Manufacturer_Mapping] ([ProductManufacturerID], [ProductID], [ManufacturerID], [IsFeaturedProduct], [DisplayOrder]) VALUES (19, 109, 7, 0, 1)
INSERT [dbo].[Nop_Product_Manufacturer_Mapping] ([ProductManufacturerID], [ProductID], [ManufacturerID], [IsFeaturedProduct], [DisplayOrder]) VALUES (20, 110, 15, 0, 1)
INSERT [dbo].[Nop_Product_Manufacturer_Mapping] ([ProductManufacturerID], [ProductID], [ManufacturerID], [IsFeaturedProduct], [DisplayOrder]) VALUES (21, 110, 7, 0, 1)
SET IDENTITY_INSERT [dbo].[Nop_Product_Manufacturer_Mapping] OFF


/****** Object:  Table [dbo].[Nop_Product_Category_Mapping]    Script Date: 09/01/2011 19:21:58 ******/
SET IDENTITY_INSERT [dbo].[Nop_Product_Category_Mapping] ON
INSERT [dbo].[Nop_Product_Category_Mapping] ([ProductCategoryID], [ProductID], [CategoryID], [IsFeaturedProduct], [DisplayOrder]) VALUES (133, 96, 57, 0, 1)
INSERT [dbo].[Nop_Product_Category_Mapping] ([ProductCategoryID], [ProductID], [CategoryID], [IsFeaturedProduct], [DisplayOrder]) VALUES (134, 96, 80, 0, 1)
INSERT [dbo].[Nop_Product_Category_Mapping] ([ProductCategoryID], [ProductID], [CategoryID], [IsFeaturedProduct], [DisplayOrder]) VALUES (135, 97, 57, 0, 1)
INSERT [dbo].[Nop_Product_Category_Mapping] ([ProductCategoryID], [ProductID], [CategoryID], [IsFeaturedProduct], [DisplayOrder]) VALUES (136, 97, 81, 0, 1)
INSERT [dbo].[Nop_Product_Category_Mapping] ([ProductCategoryID], [ProductID], [CategoryID], [IsFeaturedProduct], [DisplayOrder]) VALUES (137, 97, 82, 0, 1)
INSERT [dbo].[Nop_Product_Category_Mapping] ([ProductCategoryID], [ProductID], [CategoryID], [IsFeaturedProduct], [DisplayOrder]) VALUES (138, 98, 57, 0, 1)
INSERT [dbo].[Nop_Product_Category_Mapping] ([ProductCategoryID], [ProductID], [CategoryID], [IsFeaturedProduct], [DisplayOrder]) VALUES (139, 98, 88, 0, 1)
INSERT [dbo].[Nop_Product_Category_Mapping] ([ProductCategoryID], [ProductID], [CategoryID], [IsFeaturedProduct], [DisplayOrder]) VALUES (140, 98, 89, 0, 1)
INSERT [dbo].[Nop_Product_Category_Mapping] ([ProductCategoryID], [ProductID], [CategoryID], [IsFeaturedProduct], [DisplayOrder]) VALUES (141, 99, 57, 0, 1)
INSERT [dbo].[Nop_Product_Category_Mapping] ([ProductCategoryID], [ProductID], [CategoryID], [IsFeaturedProduct], [DisplayOrder]) VALUES (142, 99, 81, 0, 1)
INSERT [dbo].[Nop_Product_Category_Mapping] ([ProductCategoryID], [ProductID], [CategoryID], [IsFeaturedProduct], [DisplayOrder]) VALUES (143, 99, 82, 0, 1)
INSERT [dbo].[Nop_Product_Category_Mapping] ([ProductCategoryID], [ProductID], [CategoryID], [IsFeaturedProduct], [DisplayOrder]) VALUES (144, 100, 57, 0, 1)
INSERT [dbo].[Nop_Product_Category_Mapping] ([ProductCategoryID], [ProductID], [CategoryID], [IsFeaturedProduct], [DisplayOrder]) VALUES (145, 100, 81, 0, 1)
INSERT [dbo].[Nop_Product_Category_Mapping] ([ProductCategoryID], [ProductID], [CategoryID], [IsFeaturedProduct], [DisplayOrder]) VALUES (146, 100, 82, 0, 1)
INSERT [dbo].[Nop_Product_Category_Mapping] ([ProductCategoryID], [ProductID], [CategoryID], [IsFeaturedProduct], [DisplayOrder]) VALUES (147, 101, 53, 0, 1)
INSERT [dbo].[Nop_Product_Category_Mapping] ([ProductCategoryID], [ProductID], [CategoryID], [IsFeaturedProduct], [DisplayOrder]) VALUES (148, 101, 54, 0, 1)
INSERT [dbo].[Nop_Product_Category_Mapping] ([ProductCategoryID], [ProductID], [CategoryID], [IsFeaturedProduct], [DisplayOrder]) VALUES (149, 102, 53, 0, 1)
INSERT [dbo].[Nop_Product_Category_Mapping] ([ProductCategoryID], [ProductID], [CategoryID], [IsFeaturedProduct], [DisplayOrder]) VALUES (150, 102, 59, 0, 1)
INSERT [dbo].[Nop_Product_Category_Mapping] ([ProductCategoryID], [ProductID], [CategoryID], [IsFeaturedProduct], [DisplayOrder]) VALUES (151, 102, 64, 0, 1)
INSERT [dbo].[Nop_Product_Category_Mapping] ([ProductCategoryID], [ProductID], [CategoryID], [IsFeaturedProduct], [DisplayOrder]) VALUES (152, 104, 53, 0, 1)
INSERT [dbo].[Nop_Product_Category_Mapping] ([ProductCategoryID], [ProductID], [CategoryID], [IsFeaturedProduct], [DisplayOrder]) VALUES (153, 104, 54, 0, 1)
INSERT [dbo].[Nop_Product_Category_Mapping] ([ProductCategoryID], [ProductID], [CategoryID], [IsFeaturedProduct], [DisplayOrder]) VALUES (154, 105, 53, 0, 1)
INSERT [dbo].[Nop_Product_Category_Mapping] ([ProductCategoryID], [ProductID], [CategoryID], [IsFeaturedProduct], [DisplayOrder]) VALUES (155, 105, 66, 0, 1)
INSERT [dbo].[Nop_Product_Category_Mapping] ([ProductCategoryID], [ProductID], [CategoryID], [IsFeaturedProduct], [DisplayOrder]) VALUES (156, 106, 53, 0, 1)
INSERT [dbo].[Nop_Product_Category_Mapping] ([ProductCategoryID], [ProductID], [CategoryID], [IsFeaturedProduct], [DisplayOrder]) VALUES (158, 107, 53, 0, 1)
INSERT [dbo].[Nop_Product_Category_Mapping] ([ProductCategoryID], [ProductID], [CategoryID], [IsFeaturedProduct], [DisplayOrder]) VALUES (160, 108, 53, 0, 1)
INSERT [dbo].[Nop_Product_Category_Mapping] ([ProductCategoryID], [ProductID], [CategoryID], [IsFeaturedProduct], [DisplayOrder]) VALUES (161, 108, 54, 0, 1)
INSERT [dbo].[Nop_Product_Category_Mapping] ([ProductCategoryID], [ProductID], [CategoryID], [IsFeaturedProduct], [DisplayOrder]) VALUES (162, 109, 53, 0, 1)
INSERT [dbo].[Nop_Product_Category_Mapping] ([ProductCategoryID], [ProductID], [CategoryID], [IsFeaturedProduct], [DisplayOrder]) VALUES (163, 109, 54, 0, 1)
INSERT [dbo].[Nop_Product_Category_Mapping] ([ProductCategoryID], [ProductID], [CategoryID], [IsFeaturedProduct], [DisplayOrder]) VALUES (164, 110, 53, 0, 1)
INSERT [dbo].[Nop_Product_Category_Mapping] ([ProductCategoryID], [ProductID], [CategoryID], [IsFeaturedProduct], [DisplayOrder]) VALUES (166, 106, 61, 0, 1)
INSERT [dbo].[Nop_Product_Category_Mapping] ([ProductCategoryID], [ProductID], [CategoryID], [IsFeaturedProduct], [DisplayOrder]) VALUES (167, 103, 54, 0, 1)
INSERT [dbo].[Nop_Product_Category_Mapping] ([ProductCategoryID], [ProductID], [CategoryID], [IsFeaturedProduct], [DisplayOrder]) VALUES (168, 110, 61, 0, 1)
INSERT [dbo].[Nop_Product_Category_Mapping] ([ProductCategoryID], [ProductID], [CategoryID], [IsFeaturedProduct], [DisplayOrder]) VALUES (169, 107, 61, 0, 1)
SET IDENTITY_INSERT [dbo].[Nop_Product_Category_Mapping] OFF

/****** Object:  Table [dbo].[Nop_ProductVariant]    Script Date: 09/01/2011 19:21:58 ******/
SET IDENTITY_INSERT [dbo].[Nop_ProductVariant] ON
INSERT [dbo].[Nop_ProductVariant] ([ProductVariantId], [ProductID], [Name], [SKU], [Description], [AdminComment], [ManufacturerPartNumber], [IsGiftCard], [GiftCardType], [IsDownload], [DownloadID], [UnlimitedDownloads], [MaxNumberOfDownloads], [DownloadExpirationDays], [DownloadActivationType], [HasSampleDownload], [SampleDownloadID], [HasUserAgreement], [UserAgreementText], [IsRecurring], [CycleLength], [CyclePeriod], [TotalCycles], [IsShipEnabled], [IsFreeShipping], [AdditionalShippingCharge], [IsTaxExempt], [TaxCategoryID], [ManageInventory], [StockQuantity], [DisplayStockAvailability], [DisplayStockQuantity], [MinStockQuantity], [LowStockActivityID], [NotifyAdminForQuantityBelow], [Backorders], [OrderMinimumQuantity], [OrderMaximumQuantity], [WarehouseID], [DisableBuyButton], [CallForPrice], [Price], [OldPrice], [ProductCost], [CustomerEntersPrice], [MinimumCustomerEnteredPrice], [MaximumCustomerEnteredPrice], [Weight], [Length], [Width], [Height], [PictureID], [AvailableStartDateTime], [AvailableEndDateTime], [Published], [Deleted], [DisplayOrder], [VendorId], [CreatedOn], [UpdatedOn]) VALUES (54, 45, N'', N'', N'', N'', N'', 0, 0, 0, 0, 1, 0, NULL, 1, 0, 0, 0, N'', 0, 1, 0, 1, 1, 0, 0.0000, 0, 8, 1, 10000, 1, 0, 0, 1, 1, 0, 1, 10000, 0, 0, 0, 130.0000, 0.0000, 0.0000, 0, 0.0000, 1000.0000, CAST(1.0000 AS Decimal(18, 4)), CAST(1.0000 AS Decimal(18, 4)), CAST(1.0000 AS Decimal(18, 4)), CAST(1.0000 AS Decimal(18, 4)), 0, NULL, NULL, 1, 1, 1, 37, CAST(0x00009BE2013713F7 AS DateTime), CAST(0x00009BE20147695B AS DateTime))
INSERT [dbo].[Nop_ProductVariant] ([ProductVariantId], [ProductID], [Name], [SKU], [Description], [AdminComment], [ManufacturerPartNumber], [IsGiftCard], [GiftCardType], [IsDownload], [DownloadID], [UnlimitedDownloads], [MaxNumberOfDownloads], [DownloadExpirationDays], [DownloadActivationType], [HasSampleDownload], [SampleDownloadID], [HasUserAgreement], [UserAgreementText], [IsRecurring], [CycleLength], [CyclePeriod], [TotalCycles], [IsShipEnabled], [IsFreeShipping], [AdditionalShippingCharge], [IsTaxExempt], [TaxCategoryID], [ManageInventory], [StockQuantity], [DisplayStockAvailability], [DisplayStockQuantity], [MinStockQuantity], [LowStockActivityID], [NotifyAdminForQuantityBelow], [Backorders], [OrderMinimumQuantity], [OrderMaximumQuantity], [WarehouseID], [DisableBuyButton], [CallForPrice], [Price], [OldPrice], [ProductCost], [CustomerEntersPrice], [MinimumCustomerEnteredPrice], [MaximumCustomerEnteredPrice], [Weight], [Length], [Width], [Height], [PictureID], [AvailableStartDateTime], [AvailableEndDateTime], [Published], [Deleted], [DisplayOrder], [VendorId], [CreatedOn], [UpdatedOn]) VALUES (55, 46, N'', N'', N'', N'', N'', 0, 0, 0, 0, 1, 0, NULL, 1, 0, 0, 0, N'', 0, 1, 0, 1, 1, 0, 0.0000, 0, 8, 1, 10000, 1, 0, 0, 1, 1, 0, 1, 10000, 0, 0, 0, 360.0000, 0.0000, 0.0000, 0, 0.0000, 1000.0000, CAST(1.0000 AS Decimal(18, 4)), CAST(1.0000 AS Decimal(18, 4)), CAST(1.0000 AS Decimal(18, 4)), CAST(1.0000 AS Decimal(18, 4)), 0, NULL, NULL, 1, 1, 1, 37, CAST(0x00009BE2013E590B AS DateTime), CAST(0x00009BE20147829D AS DateTime))
INSERT [dbo].[Nop_ProductVariant] ([ProductVariantId], [ProductID], [Name], [SKU], [Description], [AdminComment], [ManufacturerPartNumber], [IsGiftCard], [GiftCardType], [IsDownload], [DownloadID], [UnlimitedDownloads], [MaxNumberOfDownloads], [DownloadExpirationDays], [DownloadActivationType], [HasSampleDownload], [SampleDownloadID], [HasUserAgreement], [UserAgreementText], [IsRecurring], [CycleLength], [CyclePeriod], [TotalCycles], [IsShipEnabled], [IsFreeShipping], [AdditionalShippingCharge], [IsTaxExempt], [TaxCategoryID], [ManageInventory], [StockQuantity], [DisplayStockAvailability], [DisplayStockQuantity], [MinStockQuantity], [LowStockActivityID], [NotifyAdminForQuantityBelow], [Backorders], [OrderMinimumQuantity], [OrderMaximumQuantity], [WarehouseID], [DisableBuyButton], [CallForPrice], [Price], [OldPrice], [ProductCost], [CustomerEntersPrice], [MinimumCustomerEnteredPrice], [MaximumCustomerEnteredPrice], [Weight], [Length], [Width], [Height], [PictureID], [AvailableStartDateTime], [AvailableEndDateTime], [Published], [Deleted], [DisplayOrder], [VendorId], [CreatedOn], [UpdatedOn]) VALUES (56, 47, N'', N'', N'', N'', N'', 0, 0, 0, 0, 1, 0, NULL, 1, 0, 0, 0, N'', 0, 1, 0, 1, 1, 0, 0.0000, 0, 8, 1, 10000, 1, 0, 0, 1, 1, 0, 1, 10000, 0, 0, 0, 2100.0000, 0.0000, 0.0000, 0, 0.0000, 1000.0000, CAST(1.0000 AS Decimal(18, 4)), CAST(1.0000 AS Decimal(18, 4)), CAST(1.0000 AS Decimal(18, 4)), CAST(1.0000 AS Decimal(18, 4)), 0, NULL, NULL, 1, 1, 1, 37, CAST(0x00009BE20140500F AS DateTime), CAST(0x00009BE2014872E4 AS DateTime))
INSERT [dbo].[Nop_ProductVariant] ([ProductVariantId], [ProductID], [Name], [SKU], [Description], [AdminComment], [ManufacturerPartNumber], [IsGiftCard], [GiftCardType], [IsDownload], [DownloadID], [UnlimitedDownloads], [MaxNumberOfDownloads], [DownloadExpirationDays], [DownloadActivationType], [HasSampleDownload], [SampleDownloadID], [HasUserAgreement], [UserAgreementText], [IsRecurring], [CycleLength], [CyclePeriod], [TotalCycles], [IsShipEnabled], [IsFreeShipping], [AdditionalShippingCharge], [IsTaxExempt], [TaxCategoryID], [ManageInventory], [StockQuantity], [DisplayStockAvailability], [DisplayStockQuantity], [MinStockQuantity], [LowStockActivityID], [NotifyAdminForQuantityBelow], [Backorders], [OrderMinimumQuantity], [OrderMaximumQuantity], [WarehouseID], [DisableBuyButton], [CallForPrice], [Price], [OldPrice], [ProductCost], [CustomerEntersPrice], [MinimumCustomerEnteredPrice], [MaximumCustomerEnteredPrice], [Weight], [Length], [Width], [Height], [PictureID], [AvailableStartDateTime], [AvailableEndDateTime], [Published], [Deleted], [DisplayOrder], [VendorId], [CreatedOn], [UpdatedOn]) VALUES (57, 48, N'', N'', N'', N'', N'', 0, 0, 0, 0, 1, 0, NULL, 1, 0, 0, 0, N'', 0, 1, 0, 1, 1, 0, 0.0000, 0, 8, 1, 10000, 1, 0, 0, 1, 1, 0, 1, 10000, 0, 0, 0, 569.0000, 0.0000, 0.0000, 0, 0.0000, 1000.0000, CAST(1.0000 AS Decimal(18, 4)), CAST(1.0000 AS Decimal(18, 4)), CAST(1.0000 AS Decimal(18, 4)), CAST(1.0000 AS Decimal(18, 4)), 0, NULL, NULL, 1, 1, 1, 37, CAST(0x00009BE201440489 AS DateTime), CAST(0x00009BE500ADF24F AS DateTime))
INSERT [dbo].[Nop_ProductVariant] ([ProductVariantId], [ProductID], [Name], [SKU], [Description], [AdminComment], [ManufacturerPartNumber], [IsGiftCard], [GiftCardType], [IsDownload], [DownloadID], [UnlimitedDownloads], [MaxNumberOfDownloads], [DownloadExpirationDays], [DownloadActivationType], [HasSampleDownload], [SampleDownloadID], [HasUserAgreement], [UserAgreementText], [IsRecurring], [CycleLength], [CyclePeriod], [TotalCycles], [IsShipEnabled], [IsFreeShipping], [AdditionalShippingCharge], [IsTaxExempt], [TaxCategoryID], [ManageInventory], [StockQuantity], [DisplayStockAvailability], [DisplayStockQuantity], [MinStockQuantity], [LowStockActivityID], [NotifyAdminForQuantityBelow], [Backorders], [OrderMinimumQuantity], [OrderMaximumQuantity], [WarehouseID], [DisableBuyButton], [CallForPrice], [Price], [OldPrice], [ProductCost], [CustomerEntersPrice], [MinimumCustomerEnteredPrice], [MaximumCustomerEnteredPrice], [Weight], [Length], [Width], [Height], [PictureID], [AvailableStartDateTime], [AvailableEndDateTime], [Published], [Deleted], [DisplayOrder], [VendorId], [CreatedOn], [UpdatedOn]) VALUES (58, 49, N'', N'', N'', N'', N'', 0, 0, 0, 0, 1, 0, NULL, 1, 0, 0, 0, N'', 0, 1, 0, 1, 1, 0, 0.0000, 0, 9, 2, 10000, 1, 0, 0, 1, 1, 0, 1, 10000, 0, 0, 0, 40.0000, 0.0000, 0.0000, 0, 0.0000, 1000.0000, CAST(2.0000 AS Decimal(18, 4)), CAST(2.0000 AS Decimal(18, 4)), CAST(2.0000 AS Decimal(18, 4)), CAST(2.0000 AS Decimal(18, 4)), 0, NULL, NULL, 1, 1, 1, 37, CAST(0x00009BE20187F4F0 AS DateTime), CAST(0x00009D300099E46C AS DateTime))
INSERT [dbo].[Nop_ProductVariant] ([ProductVariantId], [ProductID], [Name], [SKU], [Description], [AdminComment], [ManufacturerPartNumber], [IsGiftCard], [GiftCardType], [IsDownload], [DownloadID], [UnlimitedDownloads], [MaxNumberOfDownloads], [DownloadExpirationDays], [DownloadActivationType], [HasSampleDownload], [SampleDownloadID], [HasUserAgreement], [UserAgreementText], [IsRecurring], [CycleLength], [CyclePeriod], [TotalCycles], [IsShipEnabled], [IsFreeShipping], [AdditionalShippingCharge], [IsTaxExempt], [TaxCategoryID], [ManageInventory], [StockQuantity], [DisplayStockAvailability], [DisplayStockQuantity], [MinStockQuantity], [LowStockActivityID], [NotifyAdminForQuantityBelow], [Backorders], [OrderMinimumQuantity], [OrderMaximumQuantity], [WarehouseID], [DisableBuyButton], [CallForPrice], [Price], [OldPrice], [ProductCost], [CustomerEntersPrice], [MinimumCustomerEnteredPrice], [MaximumCustomerEnteredPrice], [Weight], [Length], [Width], [Height], [PictureID], [AvailableStartDateTime], [AvailableEndDateTime], [Published], [Deleted], [DisplayOrder], [VendorId], [CreatedOn], [UpdatedOn]) VALUES (59, 50, N'', N'', N'', N'', N'', 0, 0, 0, 0, 1, 0, NULL, 1, 0, 0, 0, N'', 0, 1, 0, 1, 1, 0, 0.0000, 0, 9, 2, 10000, 1, 0, 0, 1, 1, 0, 1, 10000, 0, 0, 0, 17.5600, 0.0000, 0.0000, 0, 0.0000, 1000.0000, CAST(2.0000 AS Decimal(18, 4)), CAST(3.0000 AS Decimal(18, 4)), CAST(3.0000 AS Decimal(18, 4)), CAST(3.0000 AS Decimal(18, 4)), 0, NULL, NULL, 1, 1, 1, 37, CAST(0x00009BE201890539 AS DateTime), CAST(0x00009D300099EA3F AS DateTime))
INSERT [dbo].[Nop_ProductVariant] ([ProductVariantId], [ProductID], [Name], [SKU], [Description], [AdminComment], [ManufacturerPartNumber], [IsGiftCard], [GiftCardType], [IsDownload], [DownloadID], [UnlimitedDownloads], [MaxNumberOfDownloads], [DownloadExpirationDays], [DownloadActivationType], [HasSampleDownload], [SampleDownloadID], [HasUserAgreement], [UserAgreementText], [IsRecurring], [CycleLength], [CyclePeriod], [TotalCycles], [IsShipEnabled], [IsFreeShipping], [AdditionalShippingCharge], [IsTaxExempt], [TaxCategoryID], [ManageInventory], [StockQuantity], [DisplayStockAvailability], [DisplayStockQuantity], [MinStockQuantity], [LowStockActivityID], [NotifyAdminForQuantityBelow], [Backorders], [OrderMinimumQuantity], [OrderMaximumQuantity], [WarehouseID], [DisableBuyButton], [CallForPrice], [Price], [OldPrice], [ProductCost], [CustomerEntersPrice], [MinimumCustomerEnteredPrice], [MaximumCustomerEnteredPrice], [Weight], [Length], [Width], [Height], [PictureID], [AvailableStartDateTime], [AvailableEndDateTime], [Published], [Deleted], [DisplayOrder], [VendorId], [CreatedOn], [UpdatedOn]) VALUES (60, 51, N'', N'', N'', N'', N'', 0, 0, 0, 0, 1, 0, NULL, 1, 0, 0, 0, N'', 0, 1, 0, 1, 1, 0, 0.0000, 0, 9, 1, 9994, 1, 0, 0, 1, 1, 0, 1, 10000, 0, 0, 0, 43.5000, 55.0000, 0.0000, 0, 0.0000, 1000.0000, CAST(3.0000 AS Decimal(18, 4)), CAST(1.0000 AS Decimal(18, 4)), CAST(5.0000 AS Decimal(18, 4)), CAST(5.0000 AS Decimal(18, 4)), 0, NULL, NULL, 1, 1, 1, 37, CAST(0x00009BE300039A8C AS DateTime), CAST(0x00009BE300039A8C AS DateTime))
INSERT [dbo].[Nop_ProductVariant] ([ProductVariantId], [ProductID], [Name], [SKU], [Description], [AdminComment], [ManufacturerPartNumber], [IsGiftCard], [GiftCardType], [IsDownload], [DownloadID], [UnlimitedDownloads], [MaxNumberOfDownloads], [DownloadExpirationDays], [DownloadActivationType], [HasSampleDownload], [SampleDownloadID], [HasUserAgreement], [UserAgreementText], [IsRecurring], [CycleLength], [CyclePeriod], [TotalCycles], [IsShipEnabled], [IsFreeShipping], [AdditionalShippingCharge], [IsTaxExempt], [TaxCategoryID], [ManageInventory], [StockQuantity], [DisplayStockAvailability], [DisplayStockQuantity], [MinStockQuantity], [LowStockActivityID], [NotifyAdminForQuantityBelow], [Backorders], [OrderMinimumQuantity], [OrderMaximumQuantity], [WarehouseID], [DisableBuyButton], [CallForPrice], [Price], [OldPrice], [ProductCost], [CustomerEntersPrice], [MinimumCustomerEnteredPrice], [MaximumCustomerEnteredPrice], [Weight], [Length], [Width], [Height], [PictureID], [AvailableStartDateTime], [AvailableEndDateTime], [Published], [Deleted], [DisplayOrder], [VendorId], [CreatedOn], [UpdatedOn]) VALUES (61, 52, N'', N'', N'', N'', N'', 0, 0, 0, 0, 1, 0, NULL, 1, 0, 0, 0, N'', 0, 1, 0, 1, 1, 0, 0.0000, 0, 9, 1, 10000, 1, 0, 0, 1, 1, 0, 1, 10000, 0, 0, 0, 10.0000, 0.0000, 0.0000, 0, 0.0000, 1000.0000, CAST(6.0000 AS Decimal(18, 4)), CAST(4.0000 AS Decimal(18, 4)), CAST(4.0000 AS Decimal(18, 4)), CAST(4.0000 AS Decimal(18, 4)), 0, NULL, NULL, 1, 1, 1, 37, CAST(0x00009BE300052663 AS DateTime), CAST(0x00009BE300052663 AS DateTime))
INSERT [dbo].[Nop_ProductVariant] ([ProductVariantId], [ProductID], [Name], [SKU], [Description], [AdminComment], [ManufacturerPartNumber], [IsGiftCard], [GiftCardType], [IsDownload], [DownloadID], [UnlimitedDownloads], [MaxNumberOfDownloads], [DownloadExpirationDays], [DownloadActivationType], [HasSampleDownload], [SampleDownloadID], [HasUserAgreement], [UserAgreementText], [IsRecurring], [CycleLength], [CyclePeriod], [TotalCycles], [IsShipEnabled], [IsFreeShipping], [AdditionalShippingCharge], [IsTaxExempt], [TaxCategoryID], [ManageInventory], [StockQuantity], [DisplayStockAvailability], [DisplayStockQuantity], [MinStockQuantity], [LowStockActivityID], [NotifyAdminForQuantityBelow], [Backorders], [OrderMinimumQuantity], [OrderMaximumQuantity], [WarehouseID], [DisableBuyButton], [CallForPrice], [Price], [OldPrice], [ProductCost], [CustomerEntersPrice], [MinimumCustomerEnteredPrice], [MaximumCustomerEnteredPrice], [Weight], [Length], [Width], [Height], [PictureID], [AvailableStartDateTime], [AvailableEndDateTime], [Published], [Deleted], [DisplayOrder], [VendorId], [CreatedOn], [UpdatedOn]) VALUES (62, 53, N'', N'', N'', N'', N'', 0, 0, 0, 0, 1, 0, NULL, 1, 0, 0, 0, N'', 0, 1, 0, 1, 1, 0, 0.0000, 0, 9, 1, 10000, 1, 0, 0, 1, 1, 0, 1, 10000, 0, 0, 0, 24.0000, 0.0000, 0.0000, 0, 0.0000, 1000.0000, CAST(4.0000 AS Decimal(18, 4)), CAST(3.0000 AS Decimal(18, 4)), CAST(3.0000 AS Decimal(18, 4)), CAST(3.0000 AS Decimal(18, 4)), 0, NULL, NULL, 1, 1, 1, 37, CAST(0x00009BE30006F30A AS DateTime), CAST(0x00009BE30006F30A AS DateTime))
INSERT [dbo].[Nop_ProductVariant] ([ProductVariantId], [ProductID], [Name], [SKU], [Description], [AdminComment], [ManufacturerPartNumber], [IsGiftCard], [GiftCardType], [IsDownload], [DownloadID], [UnlimitedDownloads], [MaxNumberOfDownloads], [DownloadExpirationDays], [DownloadActivationType], [HasSampleDownload], [SampleDownloadID], [HasUserAgreement], [UserAgreementText], [IsRecurring], [CycleLength], [CyclePeriod], [TotalCycles], [IsShipEnabled], [IsFreeShipping], [AdditionalShippingCharge], [IsTaxExempt], [TaxCategoryID], [ManageInventory], [StockQuantity], [DisplayStockAvailability], [DisplayStockQuantity], [MinStockQuantity], [LowStockActivityID], [NotifyAdminForQuantityBelow], [Backorders], [OrderMinimumQuantity], [OrderMaximumQuantity], [WarehouseID], [DisableBuyButton], [CallForPrice], [Price], [OldPrice], [ProductCost], [CustomerEntersPrice], [MinimumCustomerEnteredPrice], [MaximumCustomerEnteredPrice], [Weight], [Length], [Width], [Height], [PictureID], [AvailableStartDateTime], [AvailableEndDateTime], [Published], [Deleted], [DisplayOrder], [VendorId], [CreatedOn], [UpdatedOn]) VALUES (63, 54, N'', N'', N'', N'', N'', 0, 0, 0, 0, 1, 0, NULL, 1, 0, 0, 0, N'', 0, 1, 0, 1, 1, 0, 0.0000, 0, 9, 1, 10000, 1, 0, 0, 1, 1, 0, 1, 10000, 0, 0, 0, 15.0000, 0.0000, 0.0000, 0, 0.0000, 1000.0000, CAST(1.0000 AS Decimal(18, 4)), CAST(2.0000 AS Decimal(18, 4)), CAST(3.0000 AS Decimal(18, 4)), CAST(3.0000 AS Decimal(18, 4)), 0, NULL, NULL, 1, 1, 1, 37, CAST(0x00009BE30007AF4D AS DateTime), CAST(0x00009BE30007AF4D AS DateTime))
INSERT [dbo].[Nop_ProductVariant] ([ProductVariantId], [ProductID], [Name], [SKU], [Description], [AdminComment], [ManufacturerPartNumber], [IsGiftCard], [GiftCardType], [IsDownload], [DownloadID], [UnlimitedDownloads], [MaxNumberOfDownloads], [DownloadExpirationDays], [DownloadActivationType], [HasSampleDownload], [SampleDownloadID], [HasUserAgreement], [UserAgreementText], [IsRecurring], [CycleLength], [CyclePeriod], [TotalCycles], [IsShipEnabled], [IsFreeShipping], [AdditionalShippingCharge], [IsTaxExempt], [TaxCategoryID], [ManageInventory], [StockQuantity], [DisplayStockAvailability], [DisplayStockQuantity], [MinStockQuantity], [LowStockActivityID], [NotifyAdminForQuantityBelow], [Backorders], [OrderMinimumQuantity], [OrderMaximumQuantity], [WarehouseID], [DisableBuyButton], [CallForPrice], [Price], [OldPrice], [ProductCost], [CustomerEntersPrice], [MinimumCustomerEnteredPrice], [MaximumCustomerEnteredPrice], [Weight], [Length], [Width], [Height], [PictureID], [AvailableStartDateTime], [AvailableEndDateTime], [Published], [Deleted], [DisplayOrder], [VendorId], [CreatedOn], [UpdatedOn]) VALUES (64, 55, N'', N'', N'', N'', N'', 0, 0, 0, 0, 1, 0, NULL, 1, 0, 0, 0, N'', 0, 1, 0, 1, 1, 0, 0.0000, 0, 9, 1, 10000, 1, 0, 0, 1, 1, 0, 1, 10000, 0, 0, 0, 30.0000, 0.0000, 0.0000, 0, 0.0000, 1000.0000, CAST(1.0000 AS Decimal(18, 4)), CAST(2.0000 AS Decimal(18, 4)), CAST(2.0000 AS Decimal(18, 4)), CAST(2.0000 AS Decimal(18, 4)), 0, NULL, NULL, 1, 1, 1, 37, CAST(0x00009BE300090C3C AS DateTime), CAST(0x00009BE30009A040 AS DateTime))
INSERT [dbo].[Nop_ProductVariant] ([ProductVariantId], [ProductID], [Name], [SKU], [Description], [AdminComment], [ManufacturerPartNumber], [IsGiftCard], [GiftCardType], [IsDownload], [DownloadID], [UnlimitedDownloads], [MaxNumberOfDownloads], [DownloadExpirationDays], [DownloadActivationType], [HasSampleDownload], [SampleDownloadID], [HasUserAgreement], [UserAgreementText], [IsRecurring], [CycleLength], [CyclePeriod], [TotalCycles], [IsShipEnabled], [IsFreeShipping], [AdditionalShippingCharge], [IsTaxExempt], [TaxCategoryID], [ManageInventory], [StockQuantity], [DisplayStockAvailability], [DisplayStockQuantity], [MinStockQuantity], [LowStockActivityID], [NotifyAdminForQuantityBelow], [Backorders], [OrderMinimumQuantity], [OrderMaximumQuantity], [WarehouseID], [DisableBuyButton], [CallForPrice], [Price], [OldPrice], [ProductCost], [CustomerEntersPrice], [MinimumCustomerEnteredPrice], [MaximumCustomerEnteredPrice], [Weight], [Length], [Width], [Height], [PictureID], [AvailableStartDateTime], [AvailableEndDateTime], [Published], [Deleted], [DisplayOrder], [VendorId], [CreatedOn], [UpdatedOn]) VALUES (65, 56, N'', N'', N'', N'', N'', 0, 0, 0, 0, 1, 0, NULL, 1, 0, 0, 0, N'', 0, 1, 0, 1, 1, 0, 0.0000, 0, 0, 1, 10000, 1, 0, 0, 0, 1, 0, 1, 10000, 0, 0, 0, 25.0000, 0.0000, 0.0000, 0, 0.0000, 1000.0000, CAST(1.0000 AS Decimal(18, 4)), CAST(2.0000 AS Decimal(18, 4)), CAST(3.0000 AS Decimal(18, 4)), CAST(3.0000 AS Decimal(18, 4)), 0, NULL, NULL, 1, 1, 1, 37, CAST(0x00009BE3000A7567 AS DateTime), CAST(0x00009BE3000A7567 AS DateTime))
INSERT [dbo].[Nop_ProductVariant] ([ProductVariantId], [ProductID], [Name], [SKU], [Description], [AdminComment], [ManufacturerPartNumber], [IsGiftCard], [GiftCardType], [IsDownload], [DownloadID], [UnlimitedDownloads], [MaxNumberOfDownloads], [DownloadExpirationDays], [DownloadActivationType], [HasSampleDownload], [SampleDownloadID], [HasUserAgreement], [UserAgreementText], [IsRecurring], [CycleLength], [CyclePeriod], [TotalCycles], [IsShipEnabled], [IsFreeShipping], [AdditionalShippingCharge], [IsTaxExempt], [TaxCategoryID], [ManageInventory], [StockQuantity], [DisplayStockAvailability], [DisplayStockQuantity], [MinStockQuantity], [LowStockActivityID], [NotifyAdminForQuantityBelow], [Backorders], [OrderMinimumQuantity], [OrderMaximumQuantity], [WarehouseID], [DisableBuyButton], [CallForPrice], [Price], [OldPrice], [ProductCost], [CustomerEntersPrice], [MinimumCustomerEnteredPrice], [MaximumCustomerEnteredPrice], [Weight], [Length], [Width], [Height], [PictureID], [AvailableStartDateTime], [AvailableEndDateTime], [Published], [Deleted], [DisplayOrder], [VendorId], [CreatedOn], [UpdatedOn]) VALUES (66, 57, N'', N'', N'', N'', N'', 0, 0, 0, 0, 1, 0, NULL, 1, 0, 0, 0, N'', 0, 1, 0, 1, 1, 0, 0.0000, 0, 9, 1, 10000, 1, 0, 0, 1, 1, 0, 1, 10000, 0, 0, 0, 35.0000, 0.0000, 0.0000, 0, 0.0000, 1000.0000, CAST(3.0000 AS Decimal(18, 4)), CAST(1.0000 AS Decimal(18, 4)), CAST(2.0000 AS Decimal(18, 4)), CAST(1.0000 AS Decimal(18, 4)), 0, NULL, NULL, 1, 1, 1, 37, CAST(0x00009BE3000B03E3 AS DateTime), CAST(0x00009BE600F7471D AS DateTime))
INSERT [dbo].[Nop_ProductVariant] ([ProductVariantId], [ProductID], [Name], [SKU], [Description], [AdminComment], [ManufacturerPartNumber], [IsGiftCard], [GiftCardType], [IsDownload], [DownloadID], [UnlimitedDownloads], [MaxNumberOfDownloads], [DownloadExpirationDays], [DownloadActivationType], [HasSampleDownload], [SampleDownloadID], [HasUserAgreement], [UserAgreementText], [IsRecurring], [CycleLength], [CyclePeriod], [TotalCycles], [IsShipEnabled], [IsFreeShipping], [AdditionalShippingCharge], [IsTaxExempt], [TaxCategoryID], [ManageInventory], [StockQuantity], [DisplayStockAvailability], [DisplayStockQuantity], [MinStockQuantity], [LowStockActivityID], [NotifyAdminForQuantityBelow], [Backorders], [OrderMinimumQuantity], [OrderMaximumQuantity], [WarehouseID], [DisableBuyButton], [CallForPrice], [Price], [OldPrice], [ProductCost], [CustomerEntersPrice], [MinimumCustomerEnteredPrice], [MaximumCustomerEnteredPrice], [Weight], [Length], [Width], [Height], [PictureID], [AvailableStartDateTime], [AvailableEndDateTime], [Published], [Deleted], [DisplayOrder], [VendorId], [CreatedOn], [UpdatedOn]) VALUES (67, 58, N'', N'', N'', N'', N'', 0, 0, 1, 16, 1, 0, NULL, 1, 1, 17, 0, N'', 0, 1, 0, 1, 0, 0, 0.0000, 0, 4, 0, 10000, 1, 0, 0, 0, 1, 0, 1, 10000, 0, 0, 0, 3.0000, 0.0000, 0.0000, 0, 0.0000, 1000.0000, CAST(0.0000 AS Decimal(18, 4)), CAST(0.0000 AS Decimal(18, 4)), CAST(0.0000 AS Decimal(18, 4)), CAST(0.0000 AS Decimal(18, 4)), 0, NULL, NULL, 1, 1, 1, 37, CAST(0x00009BE300B2E589 AS DateTime), CAST(0x00009D30007F2F86 AS DateTime))
INSERT [dbo].[Nop_ProductVariant] ([ProductVariantId], [ProductID], [Name], [SKU], [Description], [AdminComment], [ManufacturerPartNumber], [IsGiftCard], [GiftCardType], [IsDownload], [DownloadID], [UnlimitedDownloads], [MaxNumberOfDownloads], [DownloadExpirationDays], [DownloadActivationType], [HasSampleDownload], [SampleDownloadID], [HasUserAgreement], [UserAgreementText], [IsRecurring], [CycleLength], [CyclePeriod], [TotalCycles], [IsShipEnabled], [IsFreeShipping], [AdditionalShippingCharge], [IsTaxExempt], [TaxCategoryID], [ManageInventory], [StockQuantity], [DisplayStockAvailability], [DisplayStockQuantity], [MinStockQuantity], [LowStockActivityID], [NotifyAdminForQuantityBelow], [Backorders], [OrderMinimumQuantity], [OrderMaximumQuantity], [WarehouseID], [DisableBuyButton], [CallForPrice], [Price], [OldPrice], [ProductCost], [CustomerEntersPrice], [MinimumCustomerEnteredPrice], [MaximumCustomerEnteredPrice], [Weight], [Length], [Width], [Height], [PictureID], [AvailableStartDateTime], [AvailableEndDateTime], [Published], [Deleted], [DisplayOrder], [VendorId], [CreatedOn], [UpdatedOn]) VALUES (68, 59, N'', N'', N'', N'', N'', 0, 0, 1, 11, 1, 0, NULL, 1, 1, 14, 0, N'', 0, 1, 0, 1, 0, 0, 0.0000, 0, 4, 0, 10000, 1, 0, 0, 0, 1, 0, 1, 10000, 0, 0, 0, 2.8000, 0.0000, 0.0000, 0, 0.0000, 1000.0000, CAST(0.0000 AS Decimal(18, 4)), CAST(0.0000 AS Decimal(18, 4)), CAST(0.0000 AS Decimal(18, 4)), CAST(0.0000 AS Decimal(18, 4)), 0, NULL, NULL, 1, 1, 1, 37, CAST(0x00009BE300B38E46 AS DateTime), CAST(0x00009D30007FB446 AS DateTime))
INSERT [dbo].[Nop_ProductVariant] ([ProductVariantId], [ProductID], [Name], [SKU], [Description], [AdminComment], [ManufacturerPartNumber], [IsGiftCard], [GiftCardType], [IsDownload], [DownloadID], [UnlimitedDownloads], [MaxNumberOfDownloads], [DownloadExpirationDays], [DownloadActivationType], [HasSampleDownload], [SampleDownloadID], [HasUserAgreement], [UserAgreementText], [IsRecurring], [CycleLength], [CyclePeriod], [TotalCycles], [IsShipEnabled], [IsFreeShipping], [AdditionalShippingCharge], [IsTaxExempt], [TaxCategoryID], [ManageInventory], [StockQuantity], [DisplayStockAvailability], [DisplayStockQuantity], [MinStockQuantity], [LowStockActivityID], [NotifyAdminForQuantityBelow], [Backorders], [OrderMinimumQuantity], [OrderMaximumQuantity], [WarehouseID], [DisableBuyButton], [CallForPrice], [Price], [OldPrice], [ProductCost], [CustomerEntersPrice], [MinimumCustomerEnteredPrice], [MaximumCustomerEnteredPrice], [Weight], [Length], [Width], [Height], [PictureID], [AvailableStartDateTime], [AvailableEndDateTime], [Published], [Deleted], [DisplayOrder], [VendorId], [CreatedOn], [UpdatedOn]) VALUES (69, 60, N'', N'', N'', N'', N'', 0, 0, 0, 0, 1, 0, NULL, 1, 0, 0, 0, N'', 0, 1, 0, 1, 1, 0, 0.0000, 0, 6, 1, 10000, 1, 0, 0, 1, 1, 0, 1, 10000, 0, 0, 0, 24.0000, 35.0000, 0.0000, 0, 0.0000, 1000.0000, CAST(1.0000 AS Decimal(18, 4)), CAST(5.0000 AS Decimal(18, 4)), CAST(5.0000 AS Decimal(18, 4)), CAST(2.0000 AS Decimal(18, 4)), 0, NULL, NULL, 1, 1, 1, 37, CAST(0x00009BE300B59FD8 AS DateTime), CAST(0x00009BE300B59FD8 AS DateTime))
INSERT [dbo].[Nop_ProductVariant] ([ProductVariantId], [ProductID], [Name], [SKU], [Description], [AdminComment], [ManufacturerPartNumber], [IsGiftCard], [GiftCardType], [IsDownload], [DownloadID], [UnlimitedDownloads], [MaxNumberOfDownloads], [DownloadExpirationDays], [DownloadActivationType], [HasSampleDownload], [SampleDownloadID], [HasUserAgreement], [UserAgreementText], [IsRecurring], [CycleLength], [CyclePeriod], [TotalCycles], [IsShipEnabled], [IsFreeShipping], [AdditionalShippingCharge], [IsTaxExempt], [TaxCategoryID], [ManageInventory], [StockQuantity], [DisplayStockAvailability], [DisplayStockQuantity], [MinStockQuantity], [LowStockActivityID], [NotifyAdminForQuantityBelow], [Backorders], [OrderMinimumQuantity], [OrderMaximumQuantity], [WarehouseID], [DisableBuyButton], [CallForPrice], [Price], [OldPrice], [ProductCost], [CustomerEntersPrice], [MinimumCustomerEnteredPrice], [MaximumCustomerEnteredPrice], [Weight], [Length], [Width], [Height], [PictureID], [AvailableStartDateTime], [AvailableEndDateTime], [Published], [Deleted], [DisplayOrder], [VendorId], [CreatedOn], [UpdatedOn]) VALUES (70, 61, N'', N'', N'', N'', N'', 0, 0, 0, 0, 1, 0, NULL, 1, 0, 0, 0, N'', 0, 1, 0, 1, 1, 0, 0.0000, 0, 6, 1, 10000, 1, 0, 0, 1, 1, 0, 1, 10000, 0, 0, 0, 19.0000, 27.0000, 0.0000, 0, 0.0000, 1000.0000, CAST(1.0000 AS Decimal(18, 4)), CAST(6.0000 AS Decimal(18, 4)), CAST(6.0000 AS Decimal(18, 4)), CAST(2.0000 AS Decimal(18, 4)), 0, NULL, NULL, 1, 1, 1, 37, CAST(0x00009BE300B83182 AS DateTime), CAST(0x00009BE300B83182 AS DateTime))
INSERT [dbo].[Nop_ProductVariant] ([ProductVariantId], [ProductID], [Name], [SKU], [Description], [AdminComment], [ManufacturerPartNumber], [IsGiftCard], [GiftCardType], [IsDownload], [DownloadID], [UnlimitedDownloads], [MaxNumberOfDownloads], [DownloadExpirationDays], [DownloadActivationType], [HasSampleDownload], [SampleDownloadID], [HasUserAgreement], [UserAgreementText], [IsRecurring], [CycleLength], [CyclePeriod], [TotalCycles], [IsShipEnabled], [IsFreeShipping], [AdditionalShippingCharge], [IsTaxExempt], [TaxCategoryID], [ManageInventory], [StockQuantity], [DisplayStockAvailability], [DisplayStockQuantity], [MinStockQuantity], [LowStockActivityID], [NotifyAdminForQuantityBelow], [Backorders], [OrderMinimumQuantity], [OrderMaximumQuantity], [WarehouseID], [DisableBuyButton], [CallForPrice], [Price], [OldPrice], [ProductCost], [CustomerEntersPrice], [MinimumCustomerEnteredPrice], [MaximumCustomerEnteredPrice], [Weight], [Length], [Width], [Height], [PictureID], [AvailableStartDateTime], [AvailableEndDateTime], [Published], [Deleted], [DisplayOrder], [VendorId], [CreatedOn], [UpdatedOn]) VALUES (71, 62, N'', N'', N'', N'', N'', 0, 0, 0, 0, 1, 0, NULL, 1, 0, 0, 0, N'', 0, 1, 0, 1, 1, 0, 0.0000, 0, 6, 1, 10000, 1, 0, 0, 1, 1, 0, 1, 10000, 0, 0, 0, 54.0000, 37.0000, 0.0000, 0, 0.0000, 1000.0000, CAST(3.0000 AS Decimal(18, 4)), CAST(4.0000 AS Decimal(18, 4)), CAST(4.0000 AS Decimal(18, 4)), CAST(2.0000 AS Decimal(18, 4)), 0, NULL, NULL, 1, 1, 1, 37, CAST(0x00009BE300B90A94 AS DateTime), CAST(0x00009BE300B90A94 AS DateTime))
INSERT [dbo].[Nop_ProductVariant] ([ProductVariantId], [ProductID], [Name], [SKU], [Description], [AdminComment], [ManufacturerPartNumber], [IsGiftCard], [GiftCardType], [IsDownload], [DownloadID], [UnlimitedDownloads], [MaxNumberOfDownloads], [DownloadExpirationDays], [DownloadActivationType], [HasSampleDownload], [SampleDownloadID], [HasUserAgreement], [UserAgreementText], [IsRecurring], [CycleLength], [CyclePeriod], [TotalCycles], [IsShipEnabled], [IsFreeShipping], [AdditionalShippingCharge], [IsTaxExempt], [TaxCategoryID], [ManageInventory], [StockQuantity], [DisplayStockAvailability], [DisplayStockQuantity], [MinStockQuantity], [LowStockActivityID], [NotifyAdminForQuantityBelow], [Backorders], [OrderMinimumQuantity], [OrderMaximumQuantity], [WarehouseID], [DisableBuyButton], [CallForPrice], [Price], [OldPrice], [ProductCost], [CustomerEntersPrice], [MinimumCustomerEnteredPrice], [MaximumCustomerEnteredPrice], [Weight], [Length], [Width], [Height], [PictureID], [AvailableStartDateTime], [AvailableEndDateTime], [Published], [Deleted], [DisplayOrder], [VendorId], [CreatedOn], [UpdatedOn]) VALUES (72, 63, N'', N'', N'', N'', N'', 0, 0, 0, 0, 1, 0, NULL, 1, 0, 0, 0, N'', 0, 1, 0, 1, 1, 0, 0.0000, 0, 6, 1, 10000, 1, 0, 0, 1, 1, 0, 1, 10000, 0, 0, 0, 27.0000, 19.0000, 0.0000, 0, 0.0000, 1000.0000, CAST(3.0000 AS Decimal(18, 4)), CAST(4.0000 AS Decimal(18, 4)), CAST(6.0000 AS Decimal(18, 4)), CAST(7.0000 AS Decimal(18, 4)), 0, NULL, NULL, 1, 1, 1, 37, CAST(0x00009BE300BA0570 AS DateTime), CAST(0x00009BE300BA0570 AS DateTime))
INSERT [dbo].[Nop_ProductVariant] ([ProductVariantId], [ProductID], [Name], [SKU], [Description], [AdminComment], [ManufacturerPartNumber], [IsGiftCard], [GiftCardType], [IsDownload], [DownloadID], [UnlimitedDownloads], [MaxNumberOfDownloads], [DownloadExpirationDays], [DownloadActivationType], [HasSampleDownload], [SampleDownloadID], [HasUserAgreement], [UserAgreementText], [IsRecurring], [CycleLength], [CyclePeriod], [TotalCycles], [IsShipEnabled], [IsFreeShipping], [AdditionalShippingCharge], [IsTaxExempt], [TaxCategoryID], [ManageInventory], [StockQuantity], [DisplayStockAvailability], [DisplayStockQuantity], [MinStockQuantity], [LowStockActivityID], [NotifyAdminForQuantityBelow], [Backorders], [OrderMinimumQuantity], [OrderMaximumQuantity], [WarehouseID], [DisableBuyButton], [CallForPrice], [Price], [OldPrice], [ProductCost], [CustomerEntersPrice], [MinimumCustomerEnteredPrice], [MaximumCustomerEnteredPrice], [Weight], [Length], [Width], [Height], [PictureID], [AvailableStartDateTime], [AvailableEndDateTime], [Published], [Deleted], [DisplayOrder], [VendorId], [CreatedOn], [UpdatedOn]) VALUES (73, 64, N'', N'', N'', N'', N'', 0, 0, 0, 0, 1, 0, NULL, 1, 0, 0, 0, N'', 0, 1, 0, 1, 1, 0, 0.0000, 0, 1, 1, 10000, 1, 0, 0, 0, 1, 0, 1, 10000, 0, 0, 0, 1199.0000, 0.0000, 0.0000, 0, 0.0000, 1000.0000, CAST(5.0000 AS Decimal(18, 4)), CAST(5.0000 AS Decimal(18, 4)), CAST(5.0000 AS Decimal(18, 4)), CAST(5.0000 AS Decimal(18, 4)), 0, NULL, NULL, 1, 1, 1, 37, CAST(0x00009BE300C1CAD5 AS DateTime), CAST(0x00009BE300C1CAD5 AS DateTime))
INSERT [dbo].[Nop_ProductVariant] ([ProductVariantId], [ProductID], [Name], [SKU], [Description], [AdminComment], [ManufacturerPartNumber], [IsGiftCard], [GiftCardType], [IsDownload], [DownloadID], [UnlimitedDownloads], [MaxNumberOfDownloads], [DownloadExpirationDays], [DownloadActivationType], [HasSampleDownload], [SampleDownloadID], [HasUserAgreement], [UserAgreementText], [IsRecurring], [CycleLength], [CyclePeriod], [TotalCycles], [IsShipEnabled], [IsFreeShipping], [AdditionalShippingCharge], [IsTaxExempt], [TaxCategoryID], [ManageInventory], [StockQuantity], [DisplayStockAvailability], [DisplayStockQuantity], [MinStockQuantity], [LowStockActivityID], [NotifyAdminForQuantityBelow], [Backorders], [OrderMinimumQuantity], [OrderMaximumQuantity], [WarehouseID], [DisableBuyButton], [CallForPrice], [Price], [OldPrice], [ProductCost], [CustomerEntersPrice], [MinimumCustomerEnteredPrice], [MaximumCustomerEnteredPrice], [Weight], [Length], [Width], [Height], [PictureID], [AvailableStartDateTime], [AvailableEndDateTime], [Published], [Deleted], [DisplayOrder], [VendorId], [CreatedOn], [UpdatedOn]) VALUES (74, 65, N'', N'', N'', N'', N'', 0, 0, 0, 0, 1, 0, NULL, 1, 0, 0, 0, N'', 0, 1, 0, 1, 1, 0, 0.0000, 0, 1, 1, 10000, 1, 0, 0, 1, 1, 0, 1, 10000, 0, 0, 0, 1350.0000, 0.0000, 0.0000, 0, 0.0000, 1000.0000, CAST(3.0000 AS Decimal(18, 4)), CAST(3.0000 AS Decimal(18, 4)), CAST(3.0000 AS Decimal(18, 4)), CAST(3.0000 AS Decimal(18, 4)), 0, NULL, NULL, 1, 1, 1, 37, CAST(0x00009BE300C23D02 AS DateTime), CAST(0x00009BE300C23D02 AS DateTime))
INSERT [dbo].[Nop_ProductVariant] ([ProductVariantId], [ProductID], [Name], [SKU], [Description], [AdminComment], [ManufacturerPartNumber], [IsGiftCard], [GiftCardType], [IsDownload], [DownloadID], [UnlimitedDownloads], [MaxNumberOfDownloads], [DownloadExpirationDays], [DownloadActivationType], [HasSampleDownload], [SampleDownloadID], [HasUserAgreement], [UserAgreementText], [IsRecurring], [CycleLength], [CyclePeriod], [TotalCycles], [IsShipEnabled], [IsFreeShipping], [AdditionalShippingCharge], [IsTaxExempt], [TaxCategoryID], [ManageInventory], [StockQuantity], [DisplayStockAvailability], [DisplayStockQuantity], [MinStockQuantity], [LowStockActivityID], [NotifyAdminForQuantityBelow], [Backorders], [OrderMinimumQuantity], [OrderMaximumQuantity], [WarehouseID], [DisableBuyButton], [CallForPrice], [Price], [OldPrice], [ProductCost], [CustomerEntersPrice], [MinimumCustomerEnteredPrice], [MaximumCustomerEnteredPrice], [Weight], [Length], [Width], [Height], [PictureID], [AvailableStartDateTime], [AvailableEndDateTime], [Published], [Deleted], [DisplayOrder], [VendorId], [CreatedOn], [UpdatedOn]) VALUES (75, 66, N'', N'', N'', N'', N'', 0, 0, 0, 0, 1, 0, NULL, 1, 0, 0, 0, N'', 0, 1, 0, 1, 1, 0, 0.0000, 0, 1, 1, 10000, 1, 0, 0, 1, 1, 0, 1, 10000, 0, 0, 0, 500.0000, 0.0000, 0.0000, 0, 0.0000, 1000.0000, CAST(6.0000 AS Decimal(18, 4)), CAST(6.0000 AS Decimal(18, 4)), CAST(6.0000 AS Decimal(18, 4)), CAST(6.0000 AS Decimal(18, 4)), 0, NULL, NULL, 1, 1, 1, 37, CAST(0x00009BE300C344E1 AS DateTime), CAST(0x00009BE300C344E1 AS DateTime))
INSERT [dbo].[Nop_ProductVariant] ([ProductVariantId], [ProductID], [Name], [SKU], [Description], [AdminComment], [ManufacturerPartNumber], [IsGiftCard], [GiftCardType], [IsDownload], [DownloadID], [UnlimitedDownloads], [MaxNumberOfDownloads], [DownloadExpirationDays], [DownloadActivationType], [HasSampleDownload], [SampleDownloadID], [HasUserAgreement], [UserAgreementText], [IsRecurring], [CycleLength], [CyclePeriod], [TotalCycles], [IsShipEnabled], [IsFreeShipping], [AdditionalShippingCharge], [IsTaxExempt], [TaxCategoryID], [ManageInventory], [StockQuantity], [DisplayStockAvailability], [DisplayStockQuantity], [MinStockQuantity], [LowStockActivityID], [NotifyAdminForQuantityBelow], [Backorders], [OrderMinimumQuantity], [OrderMaximumQuantity], [WarehouseID], [DisableBuyButton], [CallForPrice], [Price], [OldPrice], [ProductCost], [CustomerEntersPrice], [MinimumCustomerEnteredPrice], [MaximumCustomerEnteredPrice], [Weight], [Length], [Width], [Height], [PictureID], [AvailableStartDateTime], [AvailableEndDateTime], [Published], [Deleted], [DisplayOrder], [VendorId], [CreatedOn], [UpdatedOn]) VALUES (76, 67, N'', N'', N'', N'', N'', 0, 0, 0, 0, 1, 0, NULL, 1, 0, 0, 0, N'', 0, 1, 0, 1, 1, 0, 0.0000, 0, 1, 1, 9999, 1, 0, 0, 1, 1, 0, 1, 10000, 0, 0, 0, 1200.0000, 0.0000, 0.0000, 0, 0.0000, 1000.0000, CAST(3.0000 AS Decimal(18, 4)), CAST(4.0000 AS Decimal(18, 4)), CAST(4.0000 AS Decimal(18, 4)), CAST(4.0000 AS Decimal(18, 4)), 0, NULL, NULL, 1, 1, 1, 37, CAST(0x00009BE300C42DDD AS DateTime), CAST(0x00009BE300C42DDD AS DateTime))
INSERT [dbo].[Nop_ProductVariant] ([ProductVariantId], [ProductID], [Name], [SKU], [Description], [AdminComment], [ManufacturerPartNumber], [IsGiftCard], [GiftCardType], [IsDownload], [DownloadID], [UnlimitedDownloads], [MaxNumberOfDownloads], [DownloadExpirationDays], [DownloadActivationType], [HasSampleDownload], [SampleDownloadID], [HasUserAgreement], [UserAgreementText], [IsRecurring], [CycleLength], [CyclePeriod], [TotalCycles], [IsShipEnabled], [IsFreeShipping], [AdditionalShippingCharge], [IsTaxExempt], [TaxCategoryID], [ManageInventory], [StockQuantity], [DisplayStockAvailability], [DisplayStockQuantity], [MinStockQuantity], [LowStockActivityID], [NotifyAdminForQuantityBelow], [Backorders], [OrderMinimumQuantity], [OrderMaximumQuantity], [WarehouseID], [DisableBuyButton], [CallForPrice], [Price], [OldPrice], [ProductCost], [CustomerEntersPrice], [MinimumCustomerEnteredPrice], [MaximumCustomerEnteredPrice], [Weight], [Length], [Width], [Height], [PictureID], [AvailableStartDateTime], [AvailableEndDateTime], [Published], [Deleted], [DisplayOrder], [VendorId], [CreatedOn], [UpdatedOn]) VALUES (77, 68, N'', N'', N'', N'', N'', 0, 0, 0, 0, 1, 0, NULL, 1, 0, 0, 0, N'', 0, 1, 0, 1, 1, 0, 0.0000, 0, 1, 1, 10000, 1, 0, 0, 1, 1, 0, 1, 10000, 0, 0, 0, 1500.0000, 0.0000, 0.0000, 0, 0.0000, 1000.0000, CAST(7.0000 AS Decimal(18, 4)), CAST(7.0000 AS Decimal(18, 4)), CAST(7.0000 AS Decimal(18, 4)), CAST(7.0000 AS Decimal(18, 4)), 0, NULL, NULL, 1, 1, 1, 37, CAST(0x00009BE300CB3CF9 AS DateTime), CAST(0x00009BE300CB3CF9 AS DateTime))
INSERT [dbo].[Nop_ProductVariant] ([ProductVariantId], [ProductID], [Name], [SKU], [Description], [AdminComment], [ManufacturerPartNumber], [IsGiftCard], [GiftCardType], [IsDownload], [DownloadID], [UnlimitedDownloads], [MaxNumberOfDownloads], [DownloadExpirationDays], [DownloadActivationType], [HasSampleDownload], [SampleDownloadID], [HasUserAgreement], [UserAgreementText], [IsRecurring], [CycleLength], [CyclePeriod], [TotalCycles], [IsShipEnabled], [IsFreeShipping], [AdditionalShippingCharge], [IsTaxExempt], [TaxCategoryID], [ManageInventory], [StockQuantity], [DisplayStockAvailability], [DisplayStockQuantity], [MinStockQuantity], [LowStockActivityID], [NotifyAdminForQuantityBelow], [Backorders], [OrderMinimumQuantity], [OrderMaximumQuantity], [WarehouseID], [DisableBuyButton], [CallForPrice], [Price], [OldPrice], [ProductCost], [CustomerEntersPrice], [MinimumCustomerEnteredPrice], [MaximumCustomerEnteredPrice], [Weight], [Length], [Width], [Height], [PictureID], [AvailableStartDateTime], [AvailableEndDateTime], [Published], [Deleted], [DisplayOrder], [VendorId], [CreatedOn], [UpdatedOn]) VALUES (78, 69, N'', N'', N'', N'', N'', 0, 0, 0, 0, 1, 0, NULL, 1, 0, 0, 0, N'', 0, 1, 0, 1, 1, 0, 0.0000, 0, 1, 1, 10000, 1, 0, 0, 1, 1, 0, 1, 10000, 0, 0, 0, 1360.0000, 0.0000, 0.0000, 0, 0.0000, 1000.0000, CAST(4.0000 AS Decimal(18, 4)), CAST(4.0000 AS Decimal(18, 4)), CAST(4.0000 AS Decimal(18, 4)), CAST(4.0000 AS Decimal(18, 4)), 0, NULL, NULL, 1, 1, 1, 37, CAST(0x00009BE300CBB68D AS DateTime), CAST(0x00009BE300CBB68D AS DateTime))
INSERT [dbo].[Nop_ProductVariant] ([ProductVariantId], [ProductID], [Name], [SKU], [Description], [AdminComment], [ManufacturerPartNumber], [IsGiftCard], [GiftCardType], [IsDownload], [DownloadID], [UnlimitedDownloads], [MaxNumberOfDownloads], [DownloadExpirationDays], [DownloadActivationType], [HasSampleDownload], [SampleDownloadID], [HasUserAgreement], [UserAgreementText], [IsRecurring], [CycleLength], [CyclePeriod], [TotalCycles], [IsShipEnabled], [IsFreeShipping], [AdditionalShippingCharge], [IsTaxExempt], [TaxCategoryID], [ManageInventory], [StockQuantity], [DisplayStockAvailability], [DisplayStockQuantity], [MinStockQuantity], [LowStockActivityID], [NotifyAdminForQuantityBelow], [Backorders], [OrderMinimumQuantity], [OrderMaximumQuantity], [WarehouseID], [DisableBuyButton], [CallForPrice], [Price], [OldPrice], [ProductCost], [CustomerEntersPrice], [MinimumCustomerEnteredPrice], [MaximumCustomerEnteredPrice], [Weight], [Length], [Width], [Height], [PictureID], [AvailableStartDateTime], [AvailableEndDateTime], [Published], [Deleted], [DisplayOrder], [VendorId], [CreatedOn], [UpdatedOn]) VALUES (79, 70, N'', N'', N'', N'', N'', 0, 0, 0, 0, 1, 0, NULL, 1, 0, 0, 0, N'', 0, 1, 0, 1, 1, 0, 0.0000, 0, 1, 1, 10000, 1, 0, 0, 1, 1, 0, 1, 10000, 0, 0, 0, 2600.0000, 0.0000, 0.0000, 0, 0.0000, 1000.0000, CAST(3.0000 AS Decimal(18, 4)), CAST(3.0000 AS Decimal(18, 4)), CAST(2.0000 AS Decimal(18, 4)), CAST(2.0000 AS Decimal(18, 4)), 0, NULL, NULL, 1, 1, 1, 37, CAST(0x00009BE300CC482F AS DateTime), CAST(0x00009BE300CC482F AS DateTime))
INSERT [dbo].[Nop_ProductVariant] ([ProductVariantId], [ProductID], [Name], [SKU], [Description], [AdminComment], [ManufacturerPartNumber], [IsGiftCard], [GiftCardType], [IsDownload], [DownloadID], [UnlimitedDownloads], [MaxNumberOfDownloads], [DownloadExpirationDays], [DownloadActivationType], [HasSampleDownload], [SampleDownloadID], [HasUserAgreement], [UserAgreementText], [IsRecurring], [CycleLength], [CyclePeriod], [TotalCycles], [IsShipEnabled], [IsFreeShipping], [AdditionalShippingCharge], [IsTaxExempt], [TaxCategoryID], [ManageInventory], [StockQuantity], [DisplayStockAvailability], [DisplayStockQuantity], [MinStockQuantity], [LowStockActivityID], [NotifyAdminForQuantityBelow], [Backorders], [OrderMinimumQuantity], [OrderMaximumQuantity], [WarehouseID], [DisableBuyButton], [CallForPrice], [Price], [OldPrice], [ProductCost], [CustomerEntersPrice], [MinimumCustomerEnteredPrice], [MaximumCustomerEnteredPrice], [Weight], [Length], [Width], [Height], [PictureID], [AvailableStartDateTime], [AvailableEndDateTime], [Published], [Deleted], [DisplayOrder], [VendorId], [CreatedOn], [UpdatedOn]) VALUES (80, 71, N'', N'', N'', N'', N'', 0, 0, 0, 0, 1, 0, NULL, 1, 0, 0, 0, N'', 0, 1, 0, 1, 1, 0, 0.0000, 0, 1, 1, 10000, 1, 0, 0, 1, 1, 0, 1, 10000, 0, 0, 0, 1460.0000, 0.0000, 0.0000, 0, 0.0000, 1000.0000, CAST(3.0000 AS Decimal(18, 4)), CAST(3.0000 AS Decimal(18, 4)), CAST(3.0000 AS Decimal(18, 4)), CAST(3.0000 AS Decimal(18, 4)), 0, NULL, NULL, 1, 1, 1, 37, CAST(0x00009BE300CCA3C1 AS DateTime), CAST(0x00009BE300CE217A AS DateTime))
INSERT [dbo].[Nop_ProductVariant] ([ProductVariantId], [ProductID], [Name], [SKU], [Description], [AdminComment], [ManufacturerPartNumber], [IsGiftCard], [GiftCardType], [IsDownload], [DownloadID], [UnlimitedDownloads], [MaxNumberOfDownloads], [DownloadExpirationDays], [DownloadActivationType], [HasSampleDownload], [SampleDownloadID], [HasUserAgreement], [UserAgreementText], [IsRecurring], [CycleLength], [CyclePeriod], [TotalCycles], [IsShipEnabled], [IsFreeShipping], [AdditionalShippingCharge], [IsTaxExempt], [TaxCategoryID], [ManageInventory], [StockQuantity], [DisplayStockAvailability], [DisplayStockQuantity], [MinStockQuantity], [LowStockActivityID], [NotifyAdminForQuantityBelow], [Backorders], [OrderMinimumQuantity], [OrderMaximumQuantity], [WarehouseID], [DisableBuyButton], [CallForPrice], [Price], [OldPrice], [ProductCost], [CustomerEntersPrice], [MinimumCustomerEnteredPrice], [MaximumCustomerEnteredPrice], [Weight], [Length], [Width], [Height], [PictureID], [AvailableStartDateTime], [AvailableEndDateTime], [Published], [Deleted], [DisplayOrder], [VendorId], [CreatedOn], [UpdatedOn]) VALUES (81, 72, N'', N'', N'', N'', N'', 0, 0, 0, 0, 1, 0, NULL, 1, 0, 0, 0, N'', 0, 1, 0, 1, 1, 0, 0.0000, 0, 1, 1, 10000, 1, 0, 0, 1, 1, 0, 1, 10000, 0, 0, 0, 1590.0000, 0.0000, 0.0000, 0, 0.0000, 1000.0000, CAST(7.0000 AS Decimal(18, 4)), CAST(7.0000 AS Decimal(18, 4)), CAST(7.0000 AS Decimal(18, 4)), CAST(5.0000 AS Decimal(18, 4)), 0, NULL, NULL, 1, 1, 1, 37, CAST(0x00009BE300CDDF7F AS DateTime), CAST(0x00009BE300CDDF7F AS DateTime))
INSERT [dbo].[Nop_ProductVariant] ([ProductVariantId], [ProductID], [Name], [SKU], [Description], [AdminComment], [ManufacturerPartNumber], [IsGiftCard], [GiftCardType], [IsDownload], [DownloadID], [UnlimitedDownloads], [MaxNumberOfDownloads], [DownloadExpirationDays], [DownloadActivationType], [HasSampleDownload], [SampleDownloadID], [HasUserAgreement], [UserAgreementText], [IsRecurring], [CycleLength], [CyclePeriod], [TotalCycles], [IsShipEnabled], [IsFreeShipping], [AdditionalShippingCharge], [IsTaxExempt], [TaxCategoryID], [ManageInventory], [StockQuantity], [DisplayStockAvailability], [DisplayStockQuantity], [MinStockQuantity], [LowStockActivityID], [NotifyAdminForQuantityBelow], [Backorders], [OrderMinimumQuantity], [OrderMaximumQuantity], [WarehouseID], [DisableBuyButton], [CallForPrice], [Price], [OldPrice], [ProductCost], [CustomerEntersPrice], [MinimumCustomerEnteredPrice], [MaximumCustomerEnteredPrice], [Weight], [Length], [Width], [Height], [PictureID], [AvailableStartDateTime], [AvailableEndDateTime], [Published], [Deleted], [DisplayOrder], [VendorId], [CreatedOn], [UpdatedOn]) VALUES (82, 73, N'', N'', N'', N'', N'', 0, 0, 0, 0, 1, 0, NULL, 1, 0, 0, 0, N'', 0, 1, 0, 1, 1, 0, 0.0000, 0, 1, 1, 10000, 1, 0, 0, 1, 1, 0, 1, 10000, 0, 0, 0, 21.6000, 0.0000, 0.0000, 0, 0.0000, 1000.0000, CAST(2.0000 AS Decimal(18, 4)), CAST(2.0000 AS Decimal(18, 4)), CAST(2.0000 AS Decimal(18, 4)), CAST(3.0000 AS Decimal(18, 4)), 0, NULL, NULL, 1, 1, 1, 37, CAST(0x00009BE300D70E19 AS DateTime), CAST(0x00009BE300D70E19 AS DateTime))
INSERT [dbo].[Nop_ProductVariant] ([ProductVariantId], [ProductID], [Name], [SKU], [Description], [AdminComment], [ManufacturerPartNumber], [IsGiftCard], [GiftCardType], [IsDownload], [DownloadID], [UnlimitedDownloads], [MaxNumberOfDownloads], [DownloadExpirationDays], [DownloadActivationType], [HasSampleDownload], [SampleDownloadID], [HasUserAgreement], [UserAgreementText], [IsRecurring], [CycleLength], [CyclePeriod], [TotalCycles], [IsShipEnabled], [IsFreeShipping], [AdditionalShippingCharge], [IsTaxExempt], [TaxCategoryID], [ManageInventory], [StockQuantity], [DisplayStockAvailability], [DisplayStockQuantity], [MinStockQuantity], [LowStockActivityID], [NotifyAdminForQuantityBelow], [Backorders], [OrderMinimumQuantity], [OrderMaximumQuantity], [WarehouseID], [DisableBuyButton], [CallForPrice], [Price], [OldPrice], [ProductCost], [CustomerEntersPrice], [MinimumCustomerEnteredPrice], [MaximumCustomerEnteredPrice], [Weight], [Length], [Width], [Height], [PictureID], [AvailableStartDateTime], [AvailableEndDateTime], [Published], [Deleted], [DisplayOrder], [VendorId], [CreatedOn], [UpdatedOn]) VALUES (83, 74, N'', N'', N'', N'', N'', 0, 0, 0, 0, 1, 0, NULL, 1, 0, 0, 0, N'', 0, 1, 0, 1, 1, 0, 0.0000, 0, 1, 1, 10000, 1, 0, 0, 1, 1, 0, 1, 10000, 0, 0, 0, 35.0000, 0.0000, 0.0000, 0, 0.0000, 1000.0000, CAST(3.0000 AS Decimal(18, 4)), CAST(1.0000 AS Decimal(18, 4)), CAST(2.0000 AS Decimal(18, 4)), CAST(2.0000 AS Decimal(18, 4)), 0, NULL, NULL, 1, 1, 1, 37, CAST(0x00009BE300D78BB1 AS DateTime), CAST(0x00009BE300D78BB1 AS DateTime))
INSERT [dbo].[Nop_ProductVariant] ([ProductVariantId], [ProductID], [Name], [SKU], [Description], [AdminComment], [ManufacturerPartNumber], [IsGiftCard], [GiftCardType], [IsDownload], [DownloadID], [UnlimitedDownloads], [MaxNumberOfDownloads], [DownloadExpirationDays], [DownloadActivationType], [HasSampleDownload], [SampleDownloadID], [HasUserAgreement], [UserAgreementText], [IsRecurring], [CycleLength], [CyclePeriod], [TotalCycles], [IsShipEnabled], [IsFreeShipping], [AdditionalShippingCharge], [IsTaxExempt], [TaxCategoryID], [ManageInventory], [StockQuantity], [DisplayStockAvailability], [DisplayStockQuantity], [MinStockQuantity], [LowStockActivityID], [NotifyAdminForQuantityBelow], [Backorders], [OrderMinimumQuantity], [OrderMaximumQuantity], [WarehouseID], [DisableBuyButton], [CallForPrice], [Price], [OldPrice], [ProductCost], [CustomerEntersPrice], [MinimumCustomerEnteredPrice], [MaximumCustomerEnteredPrice], [Weight], [Length], [Width], [Height], [PictureID], [AvailableStartDateTime], [AvailableEndDateTime], [Published], [Deleted], [DisplayOrder], [VendorId], [CreatedOn], [UpdatedOn]) VALUES (84, 75, N'', N'', N'', N'', N'', 0, 0, 0, 0, 1, 0, NULL, 1, 0, 0, 0, N'', 0, 1, 0, 1, 1, 0, 0.0000, 0, 1, 1, 10000, 1, 0, 0, 1, 1, 0, 1, 10000, 0, 0, 0, 122.0000, 0.0000, 0.0000, 0, 0.0000, 1000.0000, CAST(2.0000 AS Decimal(18, 4)), CAST(2.0000 AS Decimal(18, 4)), CAST(2.0000 AS Decimal(18, 4)), CAST(2.0000 AS Decimal(18, 4)), 0, NULL, NULL, 1, 1, 1, 37, CAST(0x00009BE300D80115 AS DateTime), CAST(0x00009BE300D80115 AS DateTime))
INSERT [dbo].[Nop_ProductVariant] ([ProductVariantId], [ProductID], [Name], [SKU], [Description], [AdminComment], [ManufacturerPartNumber], [IsGiftCard], [GiftCardType], [IsDownload], [DownloadID], [UnlimitedDownloads], [MaxNumberOfDownloads], [DownloadExpirationDays], [DownloadActivationType], [HasSampleDownload], [SampleDownloadID], [HasUserAgreement], [UserAgreementText], [IsRecurring], [CycleLength], [CyclePeriod], [TotalCycles], [IsShipEnabled], [IsFreeShipping], [AdditionalShippingCharge], [IsTaxExempt], [TaxCategoryID], [ManageInventory], [StockQuantity], [DisplayStockAvailability], [DisplayStockQuantity], [MinStockQuantity], [LowStockActivityID], [NotifyAdminForQuantityBelow], [Backorders], [OrderMinimumQuantity], [OrderMaximumQuantity], [WarehouseID], [DisableBuyButton], [CallForPrice], [Price], [OldPrice], [ProductCost], [CustomerEntersPrice], [MinimumCustomerEnteredPrice], [MaximumCustomerEnteredPrice], [Weight], [Length], [Width], [Height], [PictureID], [AvailableStartDateTime], [AvailableEndDateTime], [Published], [Deleted], [DisplayOrder], [VendorId], [CreatedOn], [UpdatedOn]) VALUES (85, 76, N'', N'', N'', N'', N'', 0, 0, 0, 0, 1, 0, NULL, 1, 0, 0, 0, N'', 0, 1, 0, 1, 1, 0, 0.0000, 0, 1, 1, 10000, 1, 0, 0, 1, 1, 0, 1, 10000, 0, 0, 0, 29.5000, 0.0000, 0.0000, 0, 0.0000, 1000.0000, CAST(2.0000 AS Decimal(18, 4)), CAST(2.0000 AS Decimal(18, 4)), CAST(2.0000 AS Decimal(18, 4)), CAST(2.0000 AS Decimal(18, 4)), 0, NULL, NULL, 1, 1, 1, 37, CAST(0x00009BE300DCF8F7 AS DateTime), CAST(0x00009BE300DCF8F7 AS DateTime))
INSERT [dbo].[Nop_ProductVariant] ([ProductVariantId], [ProductID], [Name], [SKU], [Description], [AdminComment], [ManufacturerPartNumber], [IsGiftCard], [GiftCardType], [IsDownload], [DownloadID], [UnlimitedDownloads], [MaxNumberOfDownloads], [DownloadExpirationDays], [DownloadActivationType], [HasSampleDownload], [SampleDownloadID], [HasUserAgreement], [UserAgreementText], [IsRecurring], [CycleLength], [CyclePeriod], [TotalCycles], [IsShipEnabled], [IsFreeShipping], [AdditionalShippingCharge], [IsTaxExempt], [TaxCategoryID], [ManageInventory], [StockQuantity], [DisplayStockAvailability], [DisplayStockQuantity], [MinStockQuantity], [LowStockActivityID], [NotifyAdminForQuantityBelow], [Backorders], [OrderMinimumQuantity], [OrderMaximumQuantity], [WarehouseID], [DisableBuyButton], [CallForPrice], [Price], [OldPrice], [ProductCost], [CustomerEntersPrice], [MinimumCustomerEnteredPrice], [MaximumCustomerEnteredPrice], [Weight], [Length], [Width], [Height], [PictureID], [AvailableStartDateTime], [AvailableEndDateTime], [Published], [Deleted], [DisplayOrder], [VendorId], [CreatedOn], [UpdatedOn]) VALUES (86, 77, N'', N'', N'', N'', N'', 0, 0, 0, 0, 1, 0, NULL, 1, 0, 0, 0, N'', 0, 1, 0, 1, 1, 0, 0.0000, 0, 1, 1, 10000, 1, 0, 0, 1, 1, 0, 1, 10000, 0, 0, 0, 14.9900, 0.0000, 0.0000, 0, 0.0000, 1000.0000, CAST(1.0000 AS Decimal(18, 4)), CAST(2.0000 AS Decimal(18, 4)), CAST(3.0000 AS Decimal(18, 4)), CAST(3.0000 AS Decimal(18, 4)), 0, NULL, NULL, 1, 1, 1, 37, CAST(0x00009BE300DE29B6 AS DateTime), CAST(0x00009BE300DE29B6 AS DateTime))
INSERT [dbo].[Nop_ProductVariant] ([ProductVariantId], [ProductID], [Name], [SKU], [Description], [AdminComment], [ManufacturerPartNumber], [IsGiftCard], [GiftCardType], [IsDownload], [DownloadID], [UnlimitedDownloads], [MaxNumberOfDownloads], [DownloadExpirationDays], [DownloadActivationType], [HasSampleDownload], [SampleDownloadID], [HasUserAgreement], [UserAgreementText], [IsRecurring], [CycleLength], [CyclePeriod], [TotalCycles], [IsShipEnabled], [IsFreeShipping], [AdditionalShippingCharge], [IsTaxExempt], [TaxCategoryID], [ManageInventory], [StockQuantity], [DisplayStockAvailability], [DisplayStockQuantity], [MinStockQuantity], [LowStockActivityID], [NotifyAdminForQuantityBelow], [Backorders], [OrderMinimumQuantity], [OrderMaximumQuantity], [WarehouseID], [DisableBuyButton], [CallForPrice], [Price], [OldPrice], [ProductCost], [CustomerEntersPrice], [MinimumCustomerEnteredPrice], [MaximumCustomerEnteredPrice], [Weight], [Length], [Width], [Height], [PictureID], [AvailableStartDateTime], [AvailableEndDateTime], [Published], [Deleted], [DisplayOrder], [VendorId], [CreatedOn], [UpdatedOn]) VALUES (87, 78, N'', N'', N'', N'', N'', 0, 0, 0, 0, 1, 0, NULL, 1, 0, 0, 0, N'', 0, 1, 0, 1, 1, 0, 0.0000, 0, 1, 1, 10000, 1, 0, 0, 1, 1, 0, 1, 10000, 0, 0, 0, 25.9900, 0.0000, 0.0000, 0, 0.0000, 1000.0000, CAST(1.0000 AS Decimal(18, 4)), CAST(2.0000 AS Decimal(18, 4)), CAST(2.0000 AS Decimal(18, 4)), CAST(2.0000 AS Decimal(18, 4)), 0, NULL, NULL, 1, 1, 1, 37, CAST(0x00009BE300DF2B54 AS DateTime), CAST(0x00009BE300DF2B54 AS DateTime))
INSERT [dbo].[Nop_ProductVariant] ([ProductVariantId], [ProductID], [Name], [SKU], [Description], [AdminComment], [ManufacturerPartNumber], [IsGiftCard], [GiftCardType], [IsDownload], [DownloadID], [UnlimitedDownloads], [MaxNumberOfDownloads], [DownloadExpirationDays], [DownloadActivationType], [HasSampleDownload], [SampleDownloadID], [HasUserAgreement], [UserAgreementText], [IsRecurring], [CycleLength], [CyclePeriod], [TotalCycles], [IsShipEnabled], [IsFreeShipping], [AdditionalShippingCharge], [IsTaxExempt], [TaxCategoryID], [ManageInventory], [StockQuantity], [DisplayStockAvailability], [DisplayStockQuantity], [MinStockQuantity], [LowStockActivityID], [NotifyAdminForQuantityBelow], [Backorders], [OrderMinimumQuantity], [OrderMaximumQuantity], [WarehouseID], [DisableBuyButton], [CallForPrice], [Price], [OldPrice], [ProductCost], [CustomerEntersPrice], [MinimumCustomerEnteredPrice], [MaximumCustomerEnteredPrice], [Weight], [Length], [Width], [Height], [PictureID], [AvailableStartDateTime], [AvailableEndDateTime], [Published], [Deleted], [DisplayOrder], [VendorId], [CreatedOn], [UpdatedOn]) VALUES (88, 79, N'', N'', N'', N'', N'', 0, 0, 0, 0, 1, 0, NULL, 1, 0, 0, 0, N'', 0, 1, 0, 1, 1, 0, 0.0000, 0, 1, 1, 10000, 1, 0, 0, 1, 1, 0, 1, 10000, 0, 0, 0, 75.0000, 0.0000, 0.0000, 0, 0.0000, 1000.0000, CAST(2.0000 AS Decimal(18, 4)), CAST(2.0000 AS Decimal(18, 4)), CAST(2.0000 AS Decimal(18, 4)), CAST(2.0000 AS Decimal(18, 4)), 0, NULL, NULL, 1, 1, 1, 37, CAST(0x00009BE300E6ED70 AS DateTime), CAST(0x00009BE300E6ED70 AS DateTime))
INSERT [dbo].[Nop_ProductVariant] ([ProductVariantId], [ProductID], [Name], [SKU], [Description], [AdminComment], [ManufacturerPartNumber], [IsGiftCard], [GiftCardType], [IsDownload], [DownloadID], [UnlimitedDownloads], [MaxNumberOfDownloads], [DownloadExpirationDays], [DownloadActivationType], [HasSampleDownload], [SampleDownloadID], [HasUserAgreement], [UserAgreementText], [IsRecurring], [CycleLength], [CyclePeriod], [TotalCycles], [IsShipEnabled], [IsFreeShipping], [AdditionalShippingCharge], [IsTaxExempt], [TaxCategoryID], [ManageInventory], [StockQuantity], [DisplayStockAvailability], [DisplayStockQuantity], [MinStockQuantity], [LowStockActivityID], [NotifyAdminForQuantityBelow], [Backorders], [OrderMinimumQuantity], [OrderMaximumQuantity], [WarehouseID], [DisableBuyButton], [CallForPrice], [Price], [OldPrice], [ProductCost], [CustomerEntersPrice], [MinimumCustomerEnteredPrice], [MaximumCustomerEnteredPrice], [Weight], [Length], [Width], [Height], [PictureID], [AvailableStartDateTime], [AvailableEndDateTime], [Published], [Deleted], [DisplayOrder], [VendorId], [CreatedOn], [UpdatedOn]) VALUES (89, 80, N'', N'', N'', N'', N'', 0, 0, 0, 0, 1, 0, NULL, 1, 0, 0, 0, N'', 0, 1, 0, 1, 1, 0, 0.0000, 0, 1, 1, 10000, 1, 0, 0, 1, 1, 0, 1, 10000, 0, 0, 0, 65.0000, 0.0000, 0.0000, 0, 0.0000, 1000.0000, CAST(1.0000 AS Decimal(18, 4)), CAST(2.0000 AS Decimal(18, 4)), CAST(2.0000 AS Decimal(18, 4)), CAST(2.0000 AS Decimal(18, 4)), 0, NULL, NULL, 1, 1, 1, 37, CAST(0x00009BE300E799AD AS DateTime), CAST(0x00009BE300E799AD AS DateTime))
INSERT [dbo].[Nop_ProductVariant] ([ProductVariantId], [ProductID], [Name], [SKU], [Description], [AdminComment], [ManufacturerPartNumber], [IsGiftCard], [GiftCardType], [IsDownload], [DownloadID], [UnlimitedDownloads], [MaxNumberOfDownloads], [DownloadExpirationDays], [DownloadActivationType], [HasSampleDownload], [SampleDownloadID], [HasUserAgreement], [UserAgreementText], [IsRecurring], [CycleLength], [CyclePeriod], [TotalCycles], [IsShipEnabled], [IsFreeShipping], [AdditionalShippingCharge], [IsTaxExempt], [TaxCategoryID], [ManageInventory], [StockQuantity], [DisplayStockAvailability], [DisplayStockQuantity], [MinStockQuantity], [LowStockActivityID], [NotifyAdminForQuantityBelow], [Backorders], [OrderMinimumQuantity], [OrderMaximumQuantity], [WarehouseID], [DisableBuyButton], [CallForPrice], [Price], [OldPrice], [ProductCost], [CustomerEntersPrice], [MinimumCustomerEnteredPrice], [MaximumCustomerEnteredPrice], [Weight], [Length], [Width], [Height], [PictureID], [AvailableStartDateTime], [AvailableEndDateTime], [Published], [Deleted], [DisplayOrder], [VendorId], [CreatedOn], [UpdatedOn]) VALUES (90, 81, N'', N'', N'', N'', N'', 0, 0, 0, 0, 1, 0, NULL, 1, 0, 0, 0, N'', 0, 1, 0, 1, 1, 0, 0.0000, 0, 0, 1, 10000, 1, 0, 0, 0, 1, 0, 1, 10000, 0, 0, 0, 100.0000, 0.0000, 0.0000, 0, 0.0000, 1000.0000, CAST(2.0000 AS Decimal(18, 4)), CAST(1.0000 AS Decimal(18, 4)), CAST(2.0000 AS Decimal(18, 4)), CAST(2.0000 AS Decimal(18, 4)), 0, NULL, NULL, 1, 1, 1, 37, CAST(0x00009BE300ED4B43 AS DateTime), CAST(0x00009BE300EED9AD AS DateTime))
INSERT [dbo].[Nop_ProductVariant] ([ProductVariantId], [ProductID], [Name], [SKU], [Description], [AdminComment], [ManufacturerPartNumber], [IsGiftCard], [GiftCardType], [IsDownload], [DownloadID], [UnlimitedDownloads], [MaxNumberOfDownloads], [DownloadExpirationDays], [DownloadActivationType], [HasSampleDownload], [SampleDownloadID], [HasUserAgreement], [UserAgreementText], [IsRecurring], [CycleLength], [CyclePeriod], [TotalCycles], [IsShipEnabled], [IsFreeShipping], [AdditionalShippingCharge], [IsTaxExempt], [TaxCategoryID], [ManageInventory], [StockQuantity], [DisplayStockAvailability], [DisplayStockQuantity], [MinStockQuantity], [LowStockActivityID], [NotifyAdminForQuantityBelow], [Backorders], [OrderMinimumQuantity], [OrderMaximumQuantity], [WarehouseID], [DisableBuyButton], [CallForPrice], [Price], [OldPrice], [ProductCost], [CustomerEntersPrice], [MinimumCustomerEnteredPrice], [MaximumCustomerEnteredPrice], [Weight], [Length], [Width], [Height], [PictureID], [AvailableStartDateTime], [AvailableEndDateTime], [Published], [Deleted], [DisplayOrder], [VendorId], [CreatedOn], [UpdatedOn]) VALUES (91, 82, N'', N'', N'', N'', N'', 0, 0, 0, 0, 1, 0, NULL, 1, 0, 0, 0, N'', 0, 1, 0, 1, 1, 0, 0.0000, 0, 1, 1, 10000, 1, 0, 0, 1, 1, 0, 1, 10000, 0, 0, 0, 245.0000, 0.0000, 0.0000, 0, 0.0000, 1000.0000, CAST(3.0000 AS Decimal(18, 4)), CAST(3.0000 AS Decimal(18, 4)), CAST(3.0000 AS Decimal(18, 4)), CAST(3.0000 AS Decimal(18, 4)), 0, NULL, NULL, 1, 1, 1, 37, CAST(0x00009BE300EE3781 AS DateTime), CAST(0x00009BE300EE3781 AS DateTime))
INSERT [dbo].[Nop_ProductVariant] ([ProductVariantId], [ProductID], [Name], [SKU], [Description], [AdminComment], [ManufacturerPartNumber], [IsGiftCard], [GiftCardType], [IsDownload], [DownloadID], [UnlimitedDownloads], [MaxNumberOfDownloads], [DownloadExpirationDays], [DownloadActivationType], [HasSampleDownload], [SampleDownloadID], [HasUserAgreement], [UserAgreementText], [IsRecurring], [CycleLength], [CyclePeriod], [TotalCycles], [IsShipEnabled], [IsFreeShipping], [AdditionalShippingCharge], [IsTaxExempt], [TaxCategoryID], [ManageInventory], [StockQuantity], [DisplayStockAvailability], [DisplayStockQuantity], [MinStockQuantity], [LowStockActivityID], [NotifyAdminForQuantityBelow], [Backorders], [OrderMinimumQuantity], [OrderMaximumQuantity], [WarehouseID], [DisableBuyButton], [CallForPrice], [Price], [OldPrice], [ProductCost], [CustomerEntersPrice], [MinimumCustomerEnteredPrice], [MaximumCustomerEnteredPrice], [Weight], [Length], [Width], [Height], [PictureID], [AvailableStartDateTime], [AvailableEndDateTime], [Published], [Deleted], [DisplayOrder], [VendorId], [CreatedOn], [UpdatedOn]) VALUES (92, 83, N'', N'', N'', N'', N'', 0, 0, 0, 0, 1, 0, NULL, 1, 0, 0, 0, N'', 0, 1, 0, 1, 1, 0, 0.0000, 0, 1, 1, 10000, 1, 0, 0, 1, 1, 0, 1, 10000, 0, 0, 0, 530.0000, 0.0000, 0.0000, 0, 0.0000, 1000.0000, CAST(3.0000 AS Decimal(18, 4)), CAST(3.0000 AS Decimal(18, 4)), CAST(3.0000 AS Decimal(18, 4)), CAST(3.0000 AS Decimal(18, 4)), 0, NULL, NULL, 1, 1, 1, 37, CAST(0x00009BE300EFF7CD AS DateTime), CAST(0x00009BE300EFF7CD AS DateTime))
INSERT [dbo].[Nop_ProductVariant] ([ProductVariantId], [ProductID], [Name], [SKU], [Description], [AdminComment], [ManufacturerPartNumber], [IsGiftCard], [GiftCardType], [IsDownload], [DownloadID], [UnlimitedDownloads], [MaxNumberOfDownloads], [DownloadExpirationDays], [DownloadActivationType], [HasSampleDownload], [SampleDownloadID], [HasUserAgreement], [UserAgreementText], [IsRecurring], [CycleLength], [CyclePeriod], [TotalCycles], [IsShipEnabled], [IsFreeShipping], [AdditionalShippingCharge], [IsTaxExempt], [TaxCategoryID], [ManageInventory], [StockQuantity], [DisplayStockAvailability], [DisplayStockQuantity], [MinStockQuantity], [LowStockActivityID], [NotifyAdminForQuantityBelow], [Backorders], [OrderMinimumQuantity], [OrderMaximumQuantity], [WarehouseID], [DisableBuyButton], [CallForPrice], [Price], [OldPrice], [ProductCost], [CustomerEntersPrice], [MinimumCustomerEnteredPrice], [MaximumCustomerEnteredPrice], [Weight], [Length], [Width], [Height], [PictureID], [AvailableStartDateTime], [AvailableEndDateTime], [Published], [Deleted], [DisplayOrder], [VendorId], [CreatedOn], [UpdatedOn]) VALUES (93, 84, N'', N'', N'', N'', N'', 0, 0, 0, 0, 1, 0, NULL, 1, 0, 0, 0, N'', 0, 1, 0, 1, 1, 0, 0.0000, 0, 1, 1, 10000, 1, 0, 0, 0, 1, 0, 1, 10000, 0, 0, 0, 349.0000, 0.0000, 0.0000, 0, 0.0000, 1000.0000, CAST(7.0000 AS Decimal(18, 4)), CAST(7.0000 AS Decimal(18, 4)), CAST(7.0000 AS Decimal(18, 4)), CAST(5.0000 AS Decimal(18, 4)), 0, NULL, NULL, 1, 1, 1, 37, CAST(0x00009BE300F06FAD AS DateTime), CAST(0x00009BE300F06FAD AS DateTime))
INSERT [dbo].[Nop_ProductVariant] ([ProductVariantId], [ProductID], [Name], [SKU], [Description], [AdminComment], [ManufacturerPartNumber], [IsGiftCard], [GiftCardType], [IsDownload], [DownloadID], [UnlimitedDownloads], [MaxNumberOfDownloads], [DownloadExpirationDays], [DownloadActivationType], [HasSampleDownload], [SampleDownloadID], [HasUserAgreement], [UserAgreementText], [IsRecurring], [CycleLength], [CyclePeriod], [TotalCycles], [IsShipEnabled], [IsFreeShipping], [AdditionalShippingCharge], [IsTaxExempt], [TaxCategoryID], [ManageInventory], [StockQuantity], [DisplayStockAvailability], [DisplayStockQuantity], [MinStockQuantity], [LowStockActivityID], [NotifyAdminForQuantityBelow], [Backorders], [OrderMinimumQuantity], [OrderMaximumQuantity], [WarehouseID], [DisableBuyButton], [CallForPrice], [Price], [OldPrice], [ProductCost], [CustomerEntersPrice], [MinimumCustomerEnteredPrice], [MaximumCustomerEnteredPrice], [Weight], [Length], [Width], [Height], [PictureID], [AvailableStartDateTime], [AvailableEndDateTime], [Published], [Deleted], [DisplayOrder], [VendorId], [CreatedOn], [UpdatedOn]) VALUES (94, 85, N'Black', N'', N'', N'', N'', 0, 0, 0, 0, 1, 0, NULL, 1, 0, 0, 0, N'', 0, 1, 0, 1, 1, 0, 0.0000, 0, 1, 1, 10000, 1, 0, 0, 1, 1, 0, 1, 10000, 0, 0, 0, 670.0000, 0.0000, 0.0000, 0, 0.0000, 1000.0000, CAST(2.0000 AS Decimal(18, 4)), CAST(2.0000 AS Decimal(18, 4)), CAST(2.0000 AS Decimal(18, 4)), CAST(2.0000 AS Decimal(18, 4)), 144, NULL, NULL, 1, 1, 1, 37, CAST(0x00009BE300F163C5 AS DateTime), CAST(0x00009BE600EEE019 AS DateTime))
INSERT [dbo].[Nop_ProductVariant] ([ProductVariantId], [ProductID], [Name], [SKU], [Description], [AdminComment], [ManufacturerPartNumber], [IsGiftCard], [GiftCardType], [IsDownload], [DownloadID], [UnlimitedDownloads], [MaxNumberOfDownloads], [DownloadExpirationDays], [DownloadActivationType], [HasSampleDownload], [SampleDownloadID], [HasUserAgreement], [UserAgreementText], [IsRecurring], [CycleLength], [CyclePeriod], [TotalCycles], [IsShipEnabled], [IsFreeShipping], [AdditionalShippingCharge], [IsTaxExempt], [TaxCategoryID], [ManageInventory], [StockQuantity], [DisplayStockAvailability], [DisplayStockQuantity], [MinStockQuantity], [LowStockActivityID], [NotifyAdminForQuantityBelow], [Backorders], [OrderMinimumQuantity], [OrderMaximumQuantity], [WarehouseID], [DisableBuyButton], [CallForPrice], [Price], [OldPrice], [ProductCost], [CustomerEntersPrice], [MinimumCustomerEnteredPrice], [MaximumCustomerEnteredPrice], [Weight], [Length], [Width], [Height], [PictureID], [AvailableStartDateTime], [AvailableEndDateTime], [Published], [Deleted], [DisplayOrder], [VendorId], [CreatedOn], [UpdatedOn]) VALUES (95, 85, N'Silver', N'', N'', N'', N'', 0, 0, 0, 0, 1, 0, NULL, 1, 0, 0, 0, N'', 0, 1, 0, 1, 1, 0, 0.0000, 0, 1, 1, 10000, 1, 0, 0, 1, 1, 0, 1, 10000, 0, 0, 0, 630.0000, 0.0000, 0.0000, 0, 0.0000, 1000.0000, CAST(2.0000 AS Decimal(18, 4)), CAST(2.0000 AS Decimal(18, 4)), CAST(3.0000 AS Decimal(18, 4)), CAST(3.0000 AS Decimal(18, 4)), 145, NULL, NULL, 1, 1, 2, 37, CAST(0x00009BE600E78DD3 AS DateTime), CAST(0x00009BE600EEDC79 AS DateTime))
INSERT [dbo].[Nop_ProductVariant] ([ProductVariantId], [ProductID], [Name], [SKU], [Description], [AdminComment], [ManufacturerPartNumber], [IsGiftCard], [GiftCardType], [IsDownload], [DownloadID], [UnlimitedDownloads], [MaxNumberOfDownloads], [DownloadExpirationDays], [DownloadActivationType], [HasSampleDownload], [SampleDownloadID], [HasUserAgreement], [UserAgreementText], [IsRecurring], [CycleLength], [CyclePeriod], [TotalCycles], [IsShipEnabled], [IsFreeShipping], [AdditionalShippingCharge], [IsTaxExempt], [TaxCategoryID], [ManageInventory], [StockQuantity], [DisplayStockAvailability], [DisplayStockQuantity], [MinStockQuantity], [LowStockActivityID], [NotifyAdminForQuantityBelow], [Backorders], [OrderMinimumQuantity], [OrderMaximumQuantity], [WarehouseID], [DisableBuyButton], [CallForPrice], [Price], [OldPrice], [ProductCost], [CustomerEntersPrice], [MinimumCustomerEnteredPrice], [MaximumCustomerEnteredPrice], [Weight], [Length], [Width], [Height], [PictureID], [AvailableStartDateTime], [AvailableEndDateTime], [Published], [Deleted], [DisplayOrder], [VendorId], [CreatedOn], [UpdatedOn]) VALUES (96, 86, N'', N'', N'<p>Comfort comes in all shapes and forms, yet this tee out does it all. Rising above the rest, our classic cotton crew provides the simple practicality you need to make it through the day. Tag-free, relaxed fit wears well under dress shirts or stands alone in laid-back style. Reinforced collar and lightweight feel give way to long-lasting shape and breathability. One less thing to worry about, rely on this tee to provide comfort and ease with every wear.</p>', N'', N'', 0, 0, 0, 0, 1, 0, NULL, 1, 0, 0, 0, N'', 0, 1, 0, 1, 1, 0, 0.0000, 0, 9, 1, 10000, 1, 0, 0, 1, 1, 0, 1, 10000, 0, 0, 0, 15.0000, 0.0000, 0.0000, 0, 0.0000, 1000.0000, CAST(2.0000 AS Decimal(18, 4)), CAST(5.0000 AS Decimal(18, 4)), CAST(5.0000 AS Decimal(18, 4)), CAST(5.0000 AS Decimal(18, 4)), 0, NULL, NULL, 1, 1, 1, 37, CAST(0x00009BE600F3F592 AS DateTime), CAST(0x00009BE600F4D21D AS DateTime))
INSERT [dbo].[Nop_ProductVariant] ([ProductVariantId], [ProductID], [Name], [SKU], [Description], [AdminComment], [ManufacturerPartNumber], [IsGiftCard], [GiftCardType], [IsDownload], [DownloadID], [UnlimitedDownloads], [MaxNumberOfDownloads], [DownloadExpirationDays], [DownloadActivationType], [HasSampleDownload], [SampleDownloadID], [HasUserAgreement], [UserAgreementText], [IsRecurring], [CycleLength], [CyclePeriod], [TotalCycles], [IsShipEnabled], [IsFreeShipping], [AdditionalShippingCharge], [IsTaxExempt], [TaxCategoryID], [ManageInventory], [StockQuantity], [DisplayStockAvailability], [DisplayStockQuantity], [MinStockQuantity], [LowStockActivityID], [NotifyAdminForQuantityBelow], [Backorders], [OrderMinimumQuantity], [OrderMaximumQuantity], [WarehouseID], [DisableBuyButton], [CallForPrice], [Price], [OldPrice], [ProductCost], [CustomerEntersPrice], [MinimumCustomerEnteredPrice], [MaximumCustomerEnteredPrice], [Weight], [Length], [Width], [Height], [PictureID], [AvailableStartDateTime], [AvailableEndDateTime], [Published], [Deleted], [DisplayOrder], [VendorId], [CreatedOn], [UpdatedOn]) VALUES (97, 87, N'', N'', N'', N'', N'', 0, 0, 1, 13, 1, 0, NULL, 1, 0, 0, 0, N'', 0, 1, 0, 1, 0, 0, 0.0000, 0, 4, 0, 10000, 1, 0, 0, 0, 1, 0, 1, 10000, 0, 0, 0, 4.0000, 0.0000, 0.0000, 0, 0.0000, 1000.0000, CAST(0.0000 AS Decimal(18, 4)), CAST(0.0000 AS Decimal(18, 4)), CAST(0.0000 AS Decimal(18, 4)), CAST(0.0000 AS Decimal(18, 4)), 0, NULL, NULL, 1, 1, 1, 37, CAST(0x00009BE6010A4809 AS DateTime), CAST(0x00009D3000800CD3 AS DateTime))
INSERT [dbo].[Nop_ProductVariant] ([ProductVariantId], [ProductID], [Name], [SKU], [Description], [AdminComment], [ManufacturerPartNumber], [IsGiftCard], [GiftCardType], [IsDownload], [DownloadID], [UnlimitedDownloads], [MaxNumberOfDownloads], [DownloadExpirationDays], [DownloadActivationType], [HasSampleDownload], [SampleDownloadID], [HasUserAgreement], [UserAgreementText], [IsRecurring], [CycleLength], [CyclePeriod], [TotalCycles], [IsShipEnabled], [IsFreeShipping], [AdditionalShippingCharge], [IsTaxExempt], [TaxCategoryID], [ManageInventory], [StockQuantity], [DisplayStockAvailability], [DisplayStockQuantity], [MinStockQuantity], [LowStockActivityID], [NotifyAdminForQuantityBelow], [Backorders], [OrderMinimumQuantity], [OrderMaximumQuantity], [WarehouseID], [DisableBuyButton], [CallForPrice], [Price], [OldPrice], [ProductCost], [CustomerEntersPrice], [MinimumCustomerEnteredPrice], [MaximumCustomerEnteredPrice], [Weight], [Length], [Width], [Height], [PictureID], [AvailableStartDateTime], [AvailableEndDateTime], [Published], [Deleted], [DisplayOrder], [VendorId], [CreatedOn], [UpdatedOn]) VALUES (98, 88, N'', N'', N'', N'', N'', 1, 0, 0, 0, 1, 10, NULL, 1, 0, 0, 0, N'', 0, 100, 0, 10, 0, 0, 0.0000, 0, 0, 0, 10000, 0, 0, 0, 0, 1, 0, 1, 10000, 0, 0, 0, 5.0000, 0.0000, 0.0000, 0, 0.0000, 1000.0000, CAST(0.0000 AS Decimal(18, 4)), CAST(0.0000 AS Decimal(18, 4)), CAST(0.0000 AS Decimal(18, 4)), CAST(0.0000 AS Decimal(18, 4)), 0, NULL, NULL, 1, 1, 1, 37, CAST(0x00009D30009322E2 AS DateTime), CAST(0x00009D3000939829 AS DateTime))
INSERT [dbo].[Nop_ProductVariant] ([ProductVariantId], [ProductID], [Name], [SKU], [Description], [AdminComment], [ManufacturerPartNumber], [IsGiftCard], [GiftCardType], [IsDownload], [DownloadID], [UnlimitedDownloads], [MaxNumberOfDownloads], [DownloadExpirationDays], [DownloadActivationType], [HasSampleDownload], [SampleDownloadID], [HasUserAgreement], [UserAgreementText], [IsRecurring], [CycleLength], [CyclePeriod], [TotalCycles], [IsShipEnabled], [IsFreeShipping], [AdditionalShippingCharge], [IsTaxExempt], [TaxCategoryID], [ManageInventory], [StockQuantity], [DisplayStockAvailability], [DisplayStockQuantity], [MinStockQuantity], [LowStockActivityID], [NotifyAdminForQuantityBelow], [Backorders], [OrderMinimumQuantity], [OrderMaximumQuantity], [WarehouseID], [DisableBuyButton], [CallForPrice], [Price], [OldPrice], [ProductCost], [CustomerEntersPrice], [MinimumCustomerEnteredPrice], [MaximumCustomerEnteredPrice], [Weight], [Length], [Width], [Height], [PictureID], [AvailableStartDateTime], [AvailableEndDateTime], [Published], [Deleted], [DisplayOrder], [VendorId], [CreatedOn], [UpdatedOn]) VALUES (99, 89, N'', N'', N'', N'', N'', 1, 0, 0, 0, 1, 10, NULL, 1, 0, 0, 0, N'', 0, 100, 0, 10, 0, 0, 0.0000, 0, 0, 0, 10000, 0, 0, 0, 0, 1, 0, 1, 10000, 0, 0, 0, 25.0000, 0.0000, 0.0000, 0, 0.0000, 1000.0000, CAST(0.0000 AS Decimal(18, 4)), CAST(0.0000 AS Decimal(18, 4)), CAST(0.0000 AS Decimal(18, 4)), CAST(0.0000 AS Decimal(18, 4)), 0, NULL, NULL, 1, 1, 1, 37, CAST(0x00009D30009322E2 AS DateTime), CAST(0x00009D3000941302 AS DateTime))
INSERT [dbo].[Nop_ProductVariant] ([ProductVariantId], [ProductID], [Name], [SKU], [Description], [AdminComment], [ManufacturerPartNumber], [IsGiftCard], [GiftCardType], [IsDownload], [DownloadID], [UnlimitedDownloads], [MaxNumberOfDownloads], [DownloadExpirationDays], [DownloadActivationType], [HasSampleDownload], [SampleDownloadID], [HasUserAgreement], [UserAgreementText], [IsRecurring], [CycleLength], [CyclePeriod], [TotalCycles], [IsShipEnabled], [IsFreeShipping], [AdditionalShippingCharge], [IsTaxExempt], [TaxCategoryID], [ManageInventory], [StockQuantity], [DisplayStockAvailability], [DisplayStockQuantity], [MinStockQuantity], [LowStockActivityID], [NotifyAdminForQuantityBelow], [Backorders], [OrderMinimumQuantity], [OrderMaximumQuantity], [WarehouseID], [DisableBuyButton], [CallForPrice], [Price], [OldPrice], [ProductCost], [CustomerEntersPrice], [MinimumCustomerEnteredPrice], [MaximumCustomerEnteredPrice], [Weight], [Length], [Width], [Height], [PictureID], [AvailableStartDateTime], [AvailableEndDateTime], [Published], [Deleted], [DisplayOrder], [VendorId], [CreatedOn], [UpdatedOn]) VALUES (100, 90, N'', N'', N'', N'', N'', 1, 1, 0, 0, 1, 10, NULL, 1, 0, 0, 0, N'', 0, 100, 0, 10, 1, 0, 0.0000, 0, 0, 0, 10000, 0, 0, 0, 0, 1, 0, 1, 10000, 0, 0, 0, 50.0000, 0.0000, 0.0000, 0, 0.0000, 1000.0000, CAST(1.0000 AS Decimal(18, 4)), CAST(1.0000 AS Decimal(18, 4)), CAST(1.0000 AS Decimal(18, 4)), CAST(1.0000 AS Decimal(18, 4)), 0, NULL, NULL, 1, 1, 1, 37, CAST(0x00009DDA00927BD6 AS DateTime), CAST(0x00009DDA009297E8 AS DateTime))
INSERT [dbo].[Nop_ProductVariant] ([ProductVariantId], [ProductID], [Name], [SKU], [Description], [AdminComment], [ManufacturerPartNumber], [IsGiftCard], [GiftCardType], [IsDownload], [DownloadID], [UnlimitedDownloads], [MaxNumberOfDownloads], [DownloadExpirationDays], [DownloadActivationType], [HasSampleDownload], [SampleDownloadID], [HasUserAgreement], [UserAgreementText], [IsRecurring], [CycleLength], [CyclePeriod], [TotalCycles], [IsShipEnabled], [IsFreeShipping], [AdditionalShippingCharge], [IsTaxExempt], [TaxCategoryID], [ManageInventory], [StockQuantity], [DisplayStockAvailability], [DisplayStockQuantity], [MinStockQuantity], [LowStockActivityID], [NotifyAdminForQuantityBelow], [Backorders], [OrderMinimumQuantity], [OrderMaximumQuantity], [WarehouseID], [DisableBuyButton], [CallForPrice], [Price], [OldPrice], [ProductCost], [CustomerEntersPrice], [MinimumCustomerEnteredPrice], [MaximumCustomerEnteredPrice], [Weight], [Length], [Width], [Height], [PictureID], [AvailableStartDateTime], [AvailableEndDateTime], [Published], [Deleted], [DisplayOrder], [VendorId], [CreatedOn], [UpdatedOn]) VALUES (101, 91, N'', N'', N'', N'', N'', 1, 1, 0, 0, 1, 10, NULL, 1, 0, 0, 0, N'', 0, 100, 0, 10, 1, 0, 0.0000, 0, 0, 0, 10000, 0, 0, 0, 0, 1, 0, 1, 10000, 0, 0, 0, 100.0000, 0.0000, 0.0000, 0, 0.0000, 1000.0000, CAST(1.0000 AS Decimal(18, 4)), CAST(1.0000 AS Decimal(18, 4)), CAST(1.0000 AS Decimal(18, 4)), CAST(1.0000 AS Decimal(18, 4)), 0, NULL, NULL, 1, 1, 1, 37, CAST(0x00009E3100A39950 AS DateTime), CAST(0x00009E3100A3C70D AS DateTime))
INSERT [dbo].[Nop_ProductVariant] ([ProductVariantId], [ProductID], [Name], [SKU], [Description], [AdminComment], [ManufacturerPartNumber], [IsGiftCard], [GiftCardType], [IsDownload], [DownloadID], [UnlimitedDownloads], [MaxNumberOfDownloads], [DownloadExpirationDays], [DownloadActivationType], [HasSampleDownload], [SampleDownloadID], [HasUserAgreement], [UserAgreementText], [IsRecurring], [CycleLength], [CyclePeriod], [TotalCycles], [IsShipEnabled], [IsFreeShipping], [AdditionalShippingCharge], [IsTaxExempt], [TaxCategoryID], [ManageInventory], [StockQuantity], [DisplayStockAvailability], [DisplayStockQuantity], [MinStockQuantity], [LowStockActivityID], [NotifyAdminForQuantityBelow], [Backorders], [OrderMinimumQuantity], [OrderMaximumQuantity], [WarehouseID], [DisableBuyButton], [CallForPrice], [Price], [OldPrice], [ProductCost], [CustomerEntersPrice], [MinimumCustomerEnteredPrice], [MaximumCustomerEnteredPrice], [Weight], [Length], [Width], [Height], [PictureID], [AvailableStartDateTime], [AvailableEndDateTime], [Published], [Deleted], [DisplayOrder], [VendorId], [CreatedOn], [UpdatedOn]) VALUES (102, 92, N'', N'', N'', N'', N'', 0, 0, 0, 0, 1, 10, NULL, 1, 0, 0, 0, N'', 0, 100, 0, 10, 1, 0, 0.0000, 0, 0, 1, 10000, 0, 0, 0, 0, 1, 0, 1, 10000, 0, 0, 0, 45.0000, 0.0000, 0.0000, 0, 0.0000, 1000.0000, CAST(1.0000 AS Decimal(18, 4)), CAST(10.0000 AS Decimal(18, 4)), CAST(1.0000 AS Decimal(18, 4)), CAST(1.0000 AS Decimal(18, 4)), 0, NULL, NULL, 1, 1, 1, 37, CAST(0x00009E3100A5606B AS DateTime), CAST(0x00009E3100A5606B AS DateTime))
INSERT [dbo].[Nop_ProductVariant] ([ProductVariantId], [ProductID], [Name], [SKU], [Description], [AdminComment], [ManufacturerPartNumber], [IsGiftCard], [GiftCardType], [IsDownload], [DownloadID], [UnlimitedDownloads], [MaxNumberOfDownloads], [DownloadExpirationDays], [DownloadActivationType], [HasSampleDownload], [SampleDownloadID], [HasUserAgreement], [UserAgreementText], [IsRecurring], [CycleLength], [CyclePeriod], [TotalCycles], [IsShipEnabled], [IsFreeShipping], [AdditionalShippingCharge], [IsTaxExempt], [TaxCategoryID], [ManageInventory], [StockQuantity], [DisplayStockAvailability], [DisplayStockQuantity], [MinStockQuantity], [LowStockActivityID], [NotifyAdminForQuantityBelow], [Backorders], [OrderMinimumQuantity], [OrderMaximumQuantity], [WarehouseID], [DisableBuyButton], [CallForPrice], [Price], [OldPrice], [ProductCost], [CustomerEntersPrice], [MinimumCustomerEnteredPrice], [MaximumCustomerEnteredPrice], [Weight], [Length], [Width], [Height], [PictureID], [AvailableStartDateTime], [AvailableEndDateTime], [Published], [Deleted], [DisplayOrder], [VendorId], [CreatedOn], [UpdatedOn]) VALUES (103, 93, N'', N'', N'', N'', N'', 0, 0, 0, 0, 1, 10, NULL, 1, 0, 0, 0, N'', 0, 100, 0, 10, 1, 0, 0.0000, 0, 0, 1, 10000, 0, 0, 0, 0, 1, 0, 1, 10000, 0, 0, 0, 1300.0000, 0.0000, 0.0000, 0, 0.0000, 1000.0000, CAST(5.0000 AS Decimal(18, 4)), CAST(20.0000 AS Decimal(18, 4)), CAST(20.0000 AS Decimal(18, 4)), CAST(20.0000 AS Decimal(18, 4)), 0, NULL, NULL, 1, 1, 1, 37, CAST(0x00009E3100A63674 AS DateTime), CAST(0x00009E3100A63674 AS DateTime))
INSERT [dbo].[Nop_ProductVariant] ([ProductVariantId], [ProductID], [Name], [SKU], [Description], [AdminComment], [ManufacturerPartNumber], [IsGiftCard], [GiftCardType], [IsDownload], [DownloadID], [UnlimitedDownloads], [MaxNumberOfDownloads], [DownloadExpirationDays], [DownloadActivationType], [HasSampleDownload], [SampleDownloadID], [HasUserAgreement], [UserAgreementText], [IsRecurring], [CycleLength], [CyclePeriod], [TotalCycles], [IsShipEnabled], [IsFreeShipping], [AdditionalShippingCharge], [IsTaxExempt], [TaxCategoryID], [ManageInventory], [StockQuantity], [DisplayStockAvailability], [DisplayStockQuantity], [MinStockQuantity], [LowStockActivityID], [NotifyAdminForQuantityBelow], [Backorders], [OrderMinimumQuantity], [OrderMaximumQuantity], [WarehouseID], [DisableBuyButton], [CallForPrice], [Price], [OldPrice], [ProductCost], [CustomerEntersPrice], [MinimumCustomerEnteredPrice], [MaximumCustomerEnteredPrice], [Weight], [Length], [Width], [Height], [PictureID], [AvailableStartDateTime], [AvailableEndDateTime], [Published], [Deleted], [DisplayOrder], [VendorId], [CreatedOn], [UpdatedOn]) VALUES (104, 94, N'', N'', N'', N'', N'', 0, 0, 0, 0, 1, 10, NULL, 1, 0, 0, 0, N'', 0, 100, 0, 10, 1, 0, 0.0000, 0, 0, 1, 10000, 0, 0, 0, 0, 1, 0, 1, 10000, 0, 0, 0, 37.0000, 0.0000, 0.0000, 0, 0.0000, 1000.0000, CAST(0.0000 AS Decimal(18, 4)), CAST(0.0000 AS Decimal(18, 4)), CAST(0.0000 AS Decimal(18, 4)), CAST(0.0000 AS Decimal(18, 4)), 0, NULL, NULL, 1, 1, 1, 37, CAST(0x00009E3100A6BCF6 AS DateTime), CAST(0x00009E3100A6BCF6 AS DateTime))
INSERT [dbo].[Nop_ProductVariant] ([ProductVariantId], [ProductID], [Name], [SKU], [Description], [AdminComment], [ManufacturerPartNumber], [IsGiftCard], [GiftCardType], [IsDownload], [DownloadID], [UnlimitedDownloads], [MaxNumberOfDownloads], [DownloadExpirationDays], [DownloadActivationType], [HasSampleDownload], [SampleDownloadID], [HasUserAgreement], [UserAgreementText], [IsRecurring], [CycleLength], [CyclePeriod], [TotalCycles], [IsShipEnabled], [IsFreeShipping], [AdditionalShippingCharge], [IsTaxExempt], [TaxCategoryID], [ManageInventory], [StockQuantity], [DisplayStockAvailability], [DisplayStockQuantity], [MinStockQuantity], [LowStockActivityID], [NotifyAdminForQuantityBelow], [Backorders], [OrderMinimumQuantity], [OrderMaximumQuantity], [WarehouseID], [DisableBuyButton], [CallForPrice], [Price], [OldPrice], [ProductCost], [CustomerEntersPrice], [MinimumCustomerEnteredPrice], [MaximumCustomerEnteredPrice], [Weight], [Length], [Width], [Height], [PictureID], [AvailableStartDateTime], [AvailableEndDateTime], [Published], [Deleted], [DisplayOrder], [VendorId], [CreatedOn], [UpdatedOn]) VALUES (105, 95, N'', N'', N'', N'', N'', 0, 0, 0, 0, 1, 10, NULL, 1, 0, 0, 0, N'', 0, 100, 0, 10, 1, 0, 0.0000, 0, 0, 1, 10000, 0, 0, 0, 0, 1, 0, 1, 10000, 0, 0, 0, 37.0000, 0.0000, 0.0000, 0, 0.0000, 1000.0000, CAST(0.0000 AS Decimal(18, 4)), CAST(0.0000 AS Decimal(18, 4)), CAST(0.0000 AS Decimal(18, 4)), CAST(0.0000 AS Decimal(18, 4)), 0, NULL, NULL, 1, 1, 1, 37, CAST(0x00009E3100A78108 AS DateTime), CAST(0x00009E3100A78108 AS DateTime))
INSERT [dbo].[Nop_ProductVariant] ([ProductVariantId], [ProductID], [Name], [SKU], [Description], [AdminComment], [ManufacturerPartNumber], [IsGiftCard], [GiftCardType], [IsDownload], [DownloadID], [UnlimitedDownloads], [MaxNumberOfDownloads], [DownloadExpirationDays], [DownloadActivationType], [HasSampleDownload], [SampleDownloadID], [HasUserAgreement], [UserAgreementText], [IsRecurring], [CycleLength], [CyclePeriod], [TotalCycles], [IsShipEnabled], [IsFreeShipping], [AdditionalShippingCharge], [IsTaxExempt], [TaxCategoryID], [ManageInventory], [StockQuantity], [DisplayStockAvailability], [DisplayStockQuantity], [MinStockQuantity], [LowStockActivityID], [NotifyAdminForQuantityBelow], [Backorders], [OrderMinimumQuantity], [OrderMaximumQuantity], [WarehouseID], [DisableBuyButton], [CallForPrice], [Price], [OldPrice], [ProductCost], [CustomerEntersPrice], [MinimumCustomerEnteredPrice], [MaximumCustomerEnteredPrice], [Weight], [Length], [Width], [Height], [PictureID], [AvailableStartDateTime], [AvailableEndDateTime], [Published], [Deleted], [DisplayOrder], [VendorId], [CreatedOn], [UpdatedOn]) VALUES (106, 96, N'', N'', N'', N'', N'', 0, 0, 0, 0, 0, 0, NULL, 0, 0, 0, 0, N'', 0, 0, 0, 0, 0, 0, 0.0000, 0, 9, 1, 1, 0, 0, 0, 0, 1, 0, 1, 10000, 0, 1, 0, 25.0000, 30.0000, 0.0000, 0, 0.0000, 0.0000, CAST(0.0000 AS Decimal(18, 4)), CAST(0.0000 AS Decimal(18, 4)), CAST(0.0000 AS Decimal(18, 4)), CAST(0.0000 AS Decimal(18, 4)), 0, NULL, NULL, 1, 0, 1, 55, CAST(0x00009F4A013CA04A AS DateTime), CAST(0x00009F4A013CA04A AS DateTime))
INSERT [dbo].[Nop_ProductVariant] ([ProductVariantId], [ProductID], [Name], [SKU], [Description], [AdminComment], [ManufacturerPartNumber], [IsGiftCard], [GiftCardType], [IsDownload], [DownloadID], [UnlimitedDownloads], [MaxNumberOfDownloads], [DownloadExpirationDays], [DownloadActivationType], [HasSampleDownload], [SampleDownloadID], [HasUserAgreement], [UserAgreementText], [IsRecurring], [CycleLength], [CyclePeriod], [TotalCycles], [IsShipEnabled], [IsFreeShipping], [AdditionalShippingCharge], [IsTaxExempt], [TaxCategoryID], [ManageInventory], [StockQuantity], [DisplayStockAvailability], [DisplayStockQuantity], [MinStockQuantity], [LowStockActivityID], [NotifyAdminForQuantityBelow], [Backorders], [OrderMinimumQuantity], [OrderMaximumQuantity], [WarehouseID], [DisableBuyButton], [CallForPrice], [Price], [OldPrice], [ProductCost], [CustomerEntersPrice], [MinimumCustomerEnteredPrice], [MaximumCustomerEnteredPrice], [Weight], [Length], [Width], [Height], [PictureID], [AvailableStartDateTime], [AvailableEndDateTime], [Published], [Deleted], [DisplayOrder], [VendorId], [CreatedOn], [UpdatedOn]) VALUES (107, 97, N'', N'', N'', N'', N'', 0, 0, 0, 0, 0, 0, NULL, 0, 0, 0, 0, N'', 0, 0, 0, 0, 0, 0, 0.0000, 0, 9, 1, 1, 0, 0, 0, 0, 1, 0, 1, 10000, 0, 1, 0, 35.0000, 40.0000, 0.0000, 0, 0.0000, 0.0000, CAST(0.0000 AS Decimal(18, 4)), CAST(0.0000 AS Decimal(18, 4)), CAST(0.0000 AS Decimal(18, 4)), CAST(0.0000 AS Decimal(18, 4)), 0, NULL, NULL, 1, 0, 1, 55, CAST(0x00009F4A014780DC AS DateTime), CAST(0x00009F4A014780DC AS DateTime))
INSERT [dbo].[Nop_ProductVariant] ([ProductVariantId], [ProductID], [Name], [SKU], [Description], [AdminComment], [ManufacturerPartNumber], [IsGiftCard], [GiftCardType], [IsDownload], [DownloadID], [UnlimitedDownloads], [MaxNumberOfDownloads], [DownloadExpirationDays], [DownloadActivationType], [HasSampleDownload], [SampleDownloadID], [HasUserAgreement], [UserAgreementText], [IsRecurring], [CycleLength], [CyclePeriod], [TotalCycles], [IsShipEnabled], [IsFreeShipping], [AdditionalShippingCharge], [IsTaxExempt], [TaxCategoryID], [ManageInventory], [StockQuantity], [DisplayStockAvailability], [DisplayStockQuantity], [MinStockQuantity], [LowStockActivityID], [NotifyAdminForQuantityBelow], [Backorders], [OrderMinimumQuantity], [OrderMaximumQuantity], [WarehouseID], [DisableBuyButton], [CallForPrice], [Price], [OldPrice], [ProductCost], [CustomerEntersPrice], [MinimumCustomerEnteredPrice], [MaximumCustomerEnteredPrice], [Weight], [Length], [Width], [Height], [PictureID], [AvailableStartDateTime], [AvailableEndDateTime], [Published], [Deleted], [DisplayOrder], [VendorId], [CreatedOn], [UpdatedOn]) VALUES (108, 98, N'', N'', N'', N'', N'', 0, 0, 0, 0, 0, 0, NULL, 0, 0, 0, 0, N'', 0, 0, 0, 0, 0, 0, 0.0000, 0, 9, 1, 1, 0, 0, 0, 0, 1, 0, 1, 10000, 0, 1, 0, 19.9900, 24.9900, 0.0000, 0, 0.0000, 0.0000, CAST(0.0000 AS Decimal(18, 4)), CAST(0.0000 AS Decimal(18, 4)), CAST(0.0000 AS Decimal(18, 4)), CAST(0.0000 AS Decimal(18, 4)), 0, NULL, NULL, 1, 0, 1, 55, CAST(0x00009F4A014A9E14 AS DateTime), CAST(0x00009F4A014A9E14 AS DateTime))
INSERT [dbo].[Nop_ProductVariant] ([ProductVariantId], [ProductID], [Name], [SKU], [Description], [AdminComment], [ManufacturerPartNumber], [IsGiftCard], [GiftCardType], [IsDownload], [DownloadID], [UnlimitedDownloads], [MaxNumberOfDownloads], [DownloadExpirationDays], [DownloadActivationType], [HasSampleDownload], [SampleDownloadID], [HasUserAgreement], [UserAgreementText], [IsRecurring], [CycleLength], [CyclePeriod], [TotalCycles], [IsShipEnabled], [IsFreeShipping], [AdditionalShippingCharge], [IsTaxExempt], [TaxCategoryID], [ManageInventory], [StockQuantity], [DisplayStockAvailability], [DisplayStockQuantity], [MinStockQuantity], [LowStockActivityID], [NotifyAdminForQuantityBelow], [Backorders], [OrderMinimumQuantity], [OrderMaximumQuantity], [WarehouseID], [DisableBuyButton], [CallForPrice], [Price], [OldPrice], [ProductCost], [CustomerEntersPrice], [MinimumCustomerEnteredPrice], [MaximumCustomerEnteredPrice], [Weight], [Length], [Width], [Height], [PictureID], [AvailableStartDateTime], [AvailableEndDateTime], [Published], [Deleted], [DisplayOrder], [VendorId], [CreatedOn], [UpdatedOn]) VALUES (109, 99, N'', N'', N'', N'', N'', 0, 0, 0, 0, 0, 0, NULL, 0, 0, 0, 0, N'', 0, 0, 0, 0, 0, 0, 0.0000, 0, 9, 1, 1, 0, 0, 0, 0, 1, 0, 1, 10000, 0, 1, 0, 35.0000, 40.0000, 0.0000, 0, 0.0000, 0.0000, CAST(0.0000 AS Decimal(18, 4)), CAST(0.0000 AS Decimal(18, 4)), CAST(0.0000 AS Decimal(18, 4)), CAST(0.0000 AS Decimal(18, 4)), 0, NULL, NULL, 1, 0, 1, 55, CAST(0x00009F4A014B1B63 AS DateTime), CAST(0x00009F4A014B1B63 AS DateTime))
INSERT [dbo].[Nop_ProductVariant] ([ProductVariantId], [ProductID], [Name], [SKU], [Description], [AdminComment], [ManufacturerPartNumber], [IsGiftCard], [GiftCardType], [IsDownload], [DownloadID], [UnlimitedDownloads], [MaxNumberOfDownloads], [DownloadExpirationDays], [DownloadActivationType], [HasSampleDownload], [SampleDownloadID], [HasUserAgreement], [UserAgreementText], [IsRecurring], [CycleLength], [CyclePeriod], [TotalCycles], [IsShipEnabled], [IsFreeShipping], [AdditionalShippingCharge], [IsTaxExempt], [TaxCategoryID], [ManageInventory], [StockQuantity], [DisplayStockAvailability], [DisplayStockQuantity], [MinStockQuantity], [LowStockActivityID], [NotifyAdminForQuantityBelow], [Backorders], [OrderMinimumQuantity], [OrderMaximumQuantity], [WarehouseID], [DisableBuyButton], [CallForPrice], [Price], [OldPrice], [ProductCost], [CustomerEntersPrice], [MinimumCustomerEnteredPrice], [MaximumCustomerEnteredPrice], [Weight], [Length], [Width], [Height], [PictureID], [AvailableStartDateTime], [AvailableEndDateTime], [Published], [Deleted], [DisplayOrder], [VendorId], [CreatedOn], [UpdatedOn]) VALUES (110, 100, N'', N'', N'', N'', N'', 0, 0, 0, 0, 0, 0, NULL, 0, 0, 0, 0, N'', 0, 0, 0, 0, 0, 0, 0.0000, 0, 9, 1, 1, 0, 0, 0, 0, 1, 0, 1, 10000, 0, 1, 0, 30.0000, 30.0000, 0.0000, 0, 0.0000, 0.0000, CAST(0.0000 AS Decimal(18, 4)), CAST(0.0000 AS Decimal(18, 4)), CAST(0.0000 AS Decimal(18, 4)), CAST(0.0000 AS Decimal(18, 4)), 0, NULL, NULL, 1, 0, 1, 55, CAST(0x00009F4A014B5285 AS DateTime), CAST(0x00009F4A014B5285 AS DateTime))
INSERT [dbo].[Nop_ProductVariant] ([ProductVariantId], [ProductID], [Name], [SKU], [Description], [AdminComment], [ManufacturerPartNumber], [IsGiftCard], [GiftCardType], [IsDownload], [DownloadID], [UnlimitedDownloads], [MaxNumberOfDownloads], [DownloadExpirationDays], [DownloadActivationType], [HasSampleDownload], [SampleDownloadID], [HasUserAgreement], [UserAgreementText], [IsRecurring], [CycleLength], [CyclePeriod], [TotalCycles], [IsShipEnabled], [IsFreeShipping], [AdditionalShippingCharge], [IsTaxExempt], [TaxCategoryID], [ManageInventory], [StockQuantity], [DisplayStockAvailability], [DisplayStockQuantity], [MinStockQuantity], [LowStockActivityID], [NotifyAdminForQuantityBelow], [Backorders], [OrderMinimumQuantity], [OrderMaximumQuantity], [WarehouseID], [DisableBuyButton], [CallForPrice], [Price], [OldPrice], [ProductCost], [CustomerEntersPrice], [MinimumCustomerEnteredPrice], [MaximumCustomerEnteredPrice], [Weight], [Length], [Width], [Height], [PictureID], [AvailableStartDateTime], [AvailableEndDateTime], [Published], [Deleted], [DisplayOrder], [VendorId], [CreatedOn], [UpdatedOn]) VALUES (111, 101, N'', N'', N'', N'', N'', 0, 0, 0, 0, 0, 0, NULL, 0, 0, 0, 0, N'', 0, 0, 0, 0, 0, 0, 0.0000, 0, 9, 1, 1, 0, 0, 0, 0, 1, 0, 1, 10000, 0, 1, 0, 85.0000, 0.0000, 0.0000, 0, 0.0000, 0.0000, CAST(0.0000 AS Decimal(18, 4)), CAST(0.0000 AS Decimal(18, 4)), CAST(0.0000 AS Decimal(18, 4)), CAST(0.0000 AS Decimal(18, 4)), 0, NULL, NULL, 1, 0, 1, 53, CAST(0x00009F4B004E74B6 AS DateTime), CAST(0x00009F4B004E74B6 AS DateTime))
INSERT [dbo].[Nop_ProductVariant] ([ProductVariantId], [ProductID], [Name], [SKU], [Description], [AdminComment], [ManufacturerPartNumber], [IsGiftCard], [GiftCardType], [IsDownload], [DownloadID], [UnlimitedDownloads], [MaxNumberOfDownloads], [DownloadExpirationDays], [DownloadActivationType], [HasSampleDownload], [SampleDownloadID], [HasUserAgreement], [UserAgreementText], [IsRecurring], [CycleLength], [CyclePeriod], [TotalCycles], [IsShipEnabled], [IsFreeShipping], [AdditionalShippingCharge], [IsTaxExempt], [TaxCategoryID], [ManageInventory], [StockQuantity], [DisplayStockAvailability], [DisplayStockQuantity], [MinStockQuantity], [LowStockActivityID], [NotifyAdminForQuantityBelow], [Backorders], [OrderMinimumQuantity], [OrderMaximumQuantity], [WarehouseID], [DisableBuyButton], [CallForPrice], [Price], [OldPrice], [ProductCost], [CustomerEntersPrice], [MinimumCustomerEnteredPrice], [MaximumCustomerEnteredPrice], [Weight], [Length], [Width], [Height], [PictureID], [AvailableStartDateTime], [AvailableEndDateTime], [Published], [Deleted], [DisplayOrder], [VendorId], [CreatedOn], [UpdatedOn]) VALUES (112, 102, N'', N'', N'', N'', N'', 0, 0, 0, 0, 0, 0, NULL, 0, 0, 0, 0, N'', 0, 0, 0, 0, 0, 0, 0.0000, 0, 9, 1, 1, 0, 0, 0, 0, 1, 0, 1, 10000, 0, 1, 0, 80.0000, 0.0000, 0.0000, 0, 0.0000, 0.0000, CAST(0.0000 AS Decimal(18, 4)), CAST(0.0000 AS Decimal(18, 4)), CAST(0.0000 AS Decimal(18, 4)), CAST(0.0000 AS Decimal(18, 4)), 0, NULL, NULL, 1, 0, 1, 53, CAST(0x00009F4B004F15AC AS DateTime), CAST(0x00009F4B004F15AC AS DateTime))
INSERT [dbo].[Nop_ProductVariant] ([ProductVariantId], [ProductID], [Name], [SKU], [Description], [AdminComment], [ManufacturerPartNumber], [IsGiftCard], [GiftCardType], [IsDownload], [DownloadID], [UnlimitedDownloads], [MaxNumberOfDownloads], [DownloadExpirationDays], [DownloadActivationType], [HasSampleDownload], [SampleDownloadID], [HasUserAgreement], [UserAgreementText], [IsRecurring], [CycleLength], [CyclePeriod], [TotalCycles], [IsShipEnabled], [IsFreeShipping], [AdditionalShippingCharge], [IsTaxExempt], [TaxCategoryID], [ManageInventory], [StockQuantity], [DisplayStockAvailability], [DisplayStockQuantity], [MinStockQuantity], [LowStockActivityID], [NotifyAdminForQuantityBelow], [Backorders], [OrderMinimumQuantity], [OrderMaximumQuantity], [WarehouseID], [DisableBuyButton], [CallForPrice], [Price], [OldPrice], [ProductCost], [CustomerEntersPrice], [MinimumCustomerEnteredPrice], [MaximumCustomerEnteredPrice], [Weight], [Length], [Width], [Height], [PictureID], [AvailableStartDateTime], [AvailableEndDateTime], [Published], [Deleted], [DisplayOrder], [VendorId], [CreatedOn], [UpdatedOn]) VALUES (113, 103, N'', N'', N'', N'', N'', 0, 0, 0, 0, 0, 0, NULL, 0, 0, 0, 0, N'', 0, 0, 0, 0, 0, 0, 0.0000, 0, 9, 1, 1, 0, 0, 0, 0, 1, 0, 1, 10000, 0, 1, 0, 50.0000, 0.0000, 0.0000, 0, 0.0000, 0.0000, CAST(0.0000 AS Decimal(18, 4)), CAST(0.0000 AS Decimal(18, 4)), CAST(0.0000 AS Decimal(18, 4)), CAST(0.0000 AS Decimal(18, 4)), 0, NULL, NULL, 1, 0, 1, 53, CAST(0x00009F4B004F5D91 AS DateTime), CAST(0x00009F4B004F5D91 AS DateTime))
INSERT [dbo].[Nop_ProductVariant] ([ProductVariantId], [ProductID], [Name], [SKU], [Description], [AdminComment], [ManufacturerPartNumber], [IsGiftCard], [GiftCardType], [IsDownload], [DownloadID], [UnlimitedDownloads], [MaxNumberOfDownloads], [DownloadExpirationDays], [DownloadActivationType], [HasSampleDownload], [SampleDownloadID], [HasUserAgreement], [UserAgreementText], [IsRecurring], [CycleLength], [CyclePeriod], [TotalCycles], [IsShipEnabled], [IsFreeShipping], [AdditionalShippingCharge], [IsTaxExempt], [TaxCategoryID], [ManageInventory], [StockQuantity], [DisplayStockAvailability], [DisplayStockQuantity], [MinStockQuantity], [LowStockActivityID], [NotifyAdminForQuantityBelow], [Backorders], [OrderMinimumQuantity], [OrderMaximumQuantity], [WarehouseID], [DisableBuyButton], [CallForPrice], [Price], [OldPrice], [ProductCost], [CustomerEntersPrice], [MinimumCustomerEnteredPrice], [MaximumCustomerEnteredPrice], [Weight], [Length], [Width], [Height], [PictureID], [AvailableStartDateTime], [AvailableEndDateTime], [Published], [Deleted], [DisplayOrder], [VendorId], [CreatedOn], [UpdatedOn]) VALUES (114, 104, N'', N'', N'', N'', N'', 0, 0, 0, 0, 0, 0, NULL, 0, 0, 0, 0, N'', 0, 0, 0, 0, 0, 0, 0.0000, 0, 9, 1, 1, 0, 0, 0, 0, 1, 0, 1, 10000, 0, 1, 0, 45.0000, 0.0000, 0.0000, 0, 0.0000, 0.0000, CAST(0.0000 AS Decimal(18, 4)), CAST(0.0000 AS Decimal(18, 4)), CAST(0.0000 AS Decimal(18, 4)), CAST(0.0000 AS Decimal(18, 4)), 0, NULL, NULL, 1, 0, 1, 53, CAST(0x00009F4B00FAD798 AS DateTime), CAST(0x00009F4B00FAD798 AS DateTime))
INSERT [dbo].[Nop_ProductVariant] ([ProductVariantId], [ProductID], [Name], [SKU], [Description], [AdminComment], [ManufacturerPartNumber], [IsGiftCard], [GiftCardType], [IsDownload], [DownloadID], [UnlimitedDownloads], [MaxNumberOfDownloads], [DownloadExpirationDays], [DownloadActivationType], [HasSampleDownload], [SampleDownloadID], [HasUserAgreement], [UserAgreementText], [IsRecurring], [CycleLength], [CyclePeriod], [TotalCycles], [IsShipEnabled], [IsFreeShipping], [AdditionalShippingCharge], [IsTaxExempt], [TaxCategoryID], [ManageInventory], [StockQuantity], [DisplayStockAvailability], [DisplayStockQuantity], [MinStockQuantity], [LowStockActivityID], [NotifyAdminForQuantityBelow], [Backorders], [OrderMinimumQuantity], [OrderMaximumQuantity], [WarehouseID], [DisableBuyButton], [CallForPrice], [Price], [OldPrice], [ProductCost], [CustomerEntersPrice], [MinimumCustomerEnteredPrice], [MaximumCustomerEnteredPrice], [Weight], [Length], [Width], [Height], [PictureID], [AvailableStartDateTime], [AvailableEndDateTime], [Published], [Deleted], [DisplayOrder], [VendorId], [CreatedOn], [UpdatedOn]) VALUES (115, 105, N'', N'', N'', N'', N'', 0, 0, 0, 0, 0, 0, NULL, 0, 0, 0, 0, N'', 0, 0, 0, 0, 0, 0, 0.0000, 0, 9, 1, 1, 0, 0, 0, 0, 1, 0, 1, 10000, 0, 1, 0, 90.0000, 0.0000, 0.0000, 0, 0.0000, 0.0000, CAST(0.0000 AS Decimal(18, 4)), CAST(0.0000 AS Decimal(18, 4)), CAST(0.0000 AS Decimal(18, 4)), CAST(0.0000 AS Decimal(18, 4)), 0, NULL, NULL, 1, 0, 1, 53, CAST(0x00009F4B00FD1962 AS DateTime), CAST(0x00009F4B00FD1962 AS DateTime))
INSERT [dbo].[Nop_ProductVariant] ([ProductVariantId], [ProductID], [Name], [SKU], [Description], [AdminComment], [ManufacturerPartNumber], [IsGiftCard], [GiftCardType], [IsDownload], [DownloadID], [UnlimitedDownloads], [MaxNumberOfDownloads], [DownloadExpirationDays], [DownloadActivationType], [HasSampleDownload], [SampleDownloadID], [HasUserAgreement], [UserAgreementText], [IsRecurring], [CycleLength], [CyclePeriod], [TotalCycles], [IsShipEnabled], [IsFreeShipping], [AdditionalShippingCharge], [IsTaxExempt], [TaxCategoryID], [ManageInventory], [StockQuantity], [DisplayStockAvailability], [DisplayStockQuantity], [MinStockQuantity], [LowStockActivityID], [NotifyAdminForQuantityBelow], [Backorders], [OrderMinimumQuantity], [OrderMaximumQuantity], [WarehouseID], [DisableBuyButton], [CallForPrice], [Price], [OldPrice], [ProductCost], [CustomerEntersPrice], [MinimumCustomerEnteredPrice], [MaximumCustomerEnteredPrice], [Weight], [Length], [Width], [Height], [PictureID], [AvailableStartDateTime], [AvailableEndDateTime], [Published], [Deleted], [DisplayOrder], [VendorId], [CreatedOn], [UpdatedOn]) VALUES (116, 106, N'', N'', N'', N'', N'', 0, 0, 0, 0, 0, 0, NULL, 0, 0, 0, 0, N'', 0, 0, 0, 0, 0, 0, 0.0000, 0, 9, 1, 1, 0, 0, 0, 0, 1, 0, 1, 10000, 0, 1, 0, 50.0000, 0.0000, 0.0000, 0, 0.0000, 0.0000, CAST(0.0000 AS Decimal(18, 4)), CAST(0.0000 AS Decimal(18, 4)), CAST(0.0000 AS Decimal(18, 4)), CAST(0.0000 AS Decimal(18, 4)), 0, NULL, NULL, 1, 0, 1, 54, CAST(0x00009F4C003B06FC AS DateTime), CAST(0x00009F4C003B06FC AS DateTime))
INSERT [dbo].[Nop_ProductVariant] ([ProductVariantId], [ProductID], [Name], [SKU], [Description], [AdminComment], [ManufacturerPartNumber], [IsGiftCard], [GiftCardType], [IsDownload], [DownloadID], [UnlimitedDownloads], [MaxNumberOfDownloads], [DownloadExpirationDays], [DownloadActivationType], [HasSampleDownload], [SampleDownloadID], [HasUserAgreement], [UserAgreementText], [IsRecurring], [CycleLength], [CyclePeriod], [TotalCycles], [IsShipEnabled], [IsFreeShipping], [AdditionalShippingCharge], [IsTaxExempt], [TaxCategoryID], [ManageInventory], [StockQuantity], [DisplayStockAvailability], [DisplayStockQuantity], [MinStockQuantity], [LowStockActivityID], [NotifyAdminForQuantityBelow], [Backorders], [OrderMinimumQuantity], [OrderMaximumQuantity], [WarehouseID], [DisableBuyButton], [CallForPrice], [Price], [OldPrice], [ProductCost], [CustomerEntersPrice], [MinimumCustomerEnteredPrice], [MaximumCustomerEnteredPrice], [Weight], [Length], [Width], [Height], [PictureID], [AvailableStartDateTime], [AvailableEndDateTime], [Published], [Deleted], [DisplayOrder], [VendorId], [CreatedOn], [UpdatedOn]) VALUES (117, 107, N'', N'', N'', N'', N'', 0, 0, 0, 0, 0, 0, NULL, 0, 0, 0, 0, N'', 0, 0, 0, 0, 0, 0, 0.0000, 0, 9, 1, 1, 0, 0, 0, 0, 1, 0, 1, 10000, 0, 1, 0, 50.0000, 0.0000, 0.0000, 0, 0.0000, 0.0000, CAST(0.0000 AS Decimal(18, 4)), CAST(0.0000 AS Decimal(18, 4)), CAST(0.0000 AS Decimal(18, 4)), CAST(0.0000 AS Decimal(18, 4)), 0, NULL, NULL, 1, 0, 1, 54, CAST(0x00009F4C003B5BBC AS DateTime), CAST(0x00009F4C003B5BBC AS DateTime))
INSERT [dbo].[Nop_ProductVariant] ([ProductVariantId], [ProductID], [Name], [SKU], [Description], [AdminComment], [ManufacturerPartNumber], [IsGiftCard], [GiftCardType], [IsDownload], [DownloadID], [UnlimitedDownloads], [MaxNumberOfDownloads], [DownloadExpirationDays], [DownloadActivationType], [HasSampleDownload], [SampleDownloadID], [HasUserAgreement], [UserAgreementText], [IsRecurring], [CycleLength], [CyclePeriod], [TotalCycles], [IsShipEnabled], [IsFreeShipping], [AdditionalShippingCharge], [IsTaxExempt], [TaxCategoryID], [ManageInventory], [StockQuantity], [DisplayStockAvailability], [DisplayStockQuantity], [MinStockQuantity], [LowStockActivityID], [NotifyAdminForQuantityBelow], [Backorders], [OrderMinimumQuantity], [OrderMaximumQuantity], [WarehouseID], [DisableBuyButton], [CallForPrice], [Price], [OldPrice], [ProductCost], [CustomerEntersPrice], [MinimumCustomerEnteredPrice], [MaximumCustomerEnteredPrice], [Weight], [Length], [Width], [Height], [PictureID], [AvailableStartDateTime], [AvailableEndDateTime], [Published], [Deleted], [DisplayOrder], [VendorId], [CreatedOn], [UpdatedOn]) VALUES (118, 108, N'', N'', N'', N'', N'', 0, 0, 0, 0, 0, 0, NULL, 0, 0, 0, 0, N'', 0, 0, 0, 0, 0, 0, 0.0000, 0, 9, 1, 1, 0, 0, 0, 0, 1, 0, 1, 10000, 0, 1, 0, 50.0000, 0.0000, 0.0000, 0, 0.0000, 0.0000, CAST(0.0000 AS Decimal(18, 4)), CAST(0.0000 AS Decimal(18, 4)), CAST(0.0000 AS Decimal(18, 4)), CAST(0.0000 AS Decimal(18, 4)), 0, NULL, NULL, 1, 1, 1, 54, CAST(0x00009F4C003BE375 AS DateTime), CAST(0x00009F4C003BE375 AS DateTime))
INSERT [dbo].[Nop_ProductVariant] ([ProductVariantId], [ProductID], [Name], [SKU], [Description], [AdminComment], [ManufacturerPartNumber], [IsGiftCard], [GiftCardType], [IsDownload], [DownloadID], [UnlimitedDownloads], [MaxNumberOfDownloads], [DownloadExpirationDays], [DownloadActivationType], [HasSampleDownload], [SampleDownloadID], [HasUserAgreement], [UserAgreementText], [IsRecurring], [CycleLength], [CyclePeriod], [TotalCycles], [IsShipEnabled], [IsFreeShipping], [AdditionalShippingCharge], [IsTaxExempt], [TaxCategoryID], [ManageInventory], [StockQuantity], [DisplayStockAvailability], [DisplayStockQuantity], [MinStockQuantity], [LowStockActivityID], [NotifyAdminForQuantityBelow], [Backorders], [OrderMinimumQuantity], [OrderMaximumQuantity], [WarehouseID], [DisableBuyButton], [CallForPrice], [Price], [OldPrice], [ProductCost], [CustomerEntersPrice], [MinimumCustomerEnteredPrice], [MaximumCustomerEnteredPrice], [Weight], [Length], [Width], [Height], [PictureID], [AvailableStartDateTime], [AvailableEndDateTime], [Published], [Deleted], [DisplayOrder], [VendorId], [CreatedOn], [UpdatedOn]) VALUES (119, 109, N'', N'', N'', N'', N'', 0, 0, 0, 0, 0, 0, NULL, 0, 0, 0, 0, N'', 0, 0, 0, 0, 0, 0, 0.0000, 0, 9, 1, 1, 0, 0, 0, 0, 1, 0, 1, 10000, 0, 1, 0, 35.0000, 0.0000, 0.0000, 0, 0.0000, 0.0000, CAST(0.0000 AS Decimal(18, 4)), CAST(0.0000 AS Decimal(18, 4)), CAST(0.0000 AS Decimal(18, 4)), CAST(0.0000 AS Decimal(18, 4)), 0, NULL, NULL, 1, 1, 1, 54, CAST(0x00009F4C003C26B8 AS DateTime), CAST(0x00009F4C003C26B8 AS DateTime))
INSERT [dbo].[Nop_ProductVariant] ([ProductVariantId], [ProductID], [Name], [SKU], [Description], [AdminComment], [ManufacturerPartNumber], [IsGiftCard], [GiftCardType], [IsDownload], [DownloadID], [UnlimitedDownloads], [MaxNumberOfDownloads], [DownloadExpirationDays], [DownloadActivationType], [HasSampleDownload], [SampleDownloadID], [HasUserAgreement], [UserAgreementText], [IsRecurring], [CycleLength], [CyclePeriod], [TotalCycles], [IsShipEnabled], [IsFreeShipping], [AdditionalShippingCharge], [IsTaxExempt], [TaxCategoryID], [ManageInventory], [StockQuantity], [DisplayStockAvailability], [DisplayStockQuantity], [MinStockQuantity], [LowStockActivityID], [NotifyAdminForQuantityBelow], [Backorders], [OrderMinimumQuantity], [OrderMaximumQuantity], [WarehouseID], [DisableBuyButton], [CallForPrice], [Price], [OldPrice], [ProductCost], [CustomerEntersPrice], [MinimumCustomerEnteredPrice], [MaximumCustomerEnteredPrice], [Weight], [Length], [Width], [Height], [PictureID], [AvailableStartDateTime], [AvailableEndDateTime], [Published], [Deleted], [DisplayOrder], [VendorId], [CreatedOn], [UpdatedOn]) VALUES (120, 110, N'', N'', N'', N'', N'', 0, 0, 0, 0, 0, 0, NULL, 0, 0, 0, 0, N'', 0, 0, 0, 0, 0, 0, 0.0000, 0, 9, 1, 1, 0, 0, 0, 0, 1, 0, 1, 10000, 0, 1, 0, 50.0000, 0.0000, 0.0000, 0, 0.0000, 0.0000, CAST(0.0000 AS Decimal(18, 4)), CAST(0.0000 AS Decimal(18, 4)), CAST(0.0000 AS Decimal(18, 4)), CAST(0.0000 AS Decimal(18, 4)), 0, NULL, NULL, 1, 0, 1, 54, CAST(0x00009F4C003C951A AS DateTime), CAST(0x00009F4C003C951A AS DateTime))

SET IDENTITY_INSERT [dbo].[Nop_ProductVariant] OFF



/****** Object:  Table [dbo].[Nop_ProductTag_Product_Mapping]    Script Date: 09/01/2011 19:21:58 ******/
INSERT [dbo].[Nop_ProductTag_Product_Mapping] ([ProductTagID], [ProductID]) VALUES (1, 60)
INSERT [dbo].[Nop_ProductTag_Product_Mapping] ([ProductTagID], [ProductID]) VALUES (1, 61)
INSERT [dbo].[Nop_ProductTag_Product_Mapping] ([ProductTagID], [ProductID]) VALUES (1, 62)
INSERT [dbo].[Nop_ProductTag_Product_Mapping] ([ProductTagID], [ProductID]) VALUES (1, 63)
INSERT [dbo].[Nop_ProductTag_Product_Mapping] ([ProductTagID], [ProductID]) VALUES (2, 45)
INSERT [dbo].[Nop_ProductTag_Product_Mapping] ([ProductTagID], [ProductID]) VALUES (2, 46)
INSERT [dbo].[Nop_ProductTag_Product_Mapping] ([ProductTagID], [ProductID]) VALUES (2, 47)
INSERT [dbo].[Nop_ProductTag_Product_Mapping] ([ProductTagID], [ProductID]) VALUES (2, 48)
INSERT [dbo].[Nop_ProductTag_Product_Mapping] ([ProductTagID], [ProductID]) VALUES (2, 57)
INSERT [dbo].[Nop_ProductTag_Product_Mapping] ([ProductTagID], [ProductID]) VALUES (2, 58)
INSERT [dbo].[Nop_ProductTag_Product_Mapping] ([ProductTagID], [ProductID]) VALUES (2, 59)
INSERT [dbo].[Nop_ProductTag_Product_Mapping] ([ProductTagID], [ProductID]) VALUES (2, 61)
INSERT [dbo].[Nop_ProductTag_Product_Mapping] ([ProductTagID], [ProductID]) VALUES (2, 63)
INSERT [dbo].[Nop_ProductTag_Product_Mapping] ([ProductTagID], [ProductID]) VALUES (2, 64)
INSERT [dbo].[Nop_ProductTag_Product_Mapping] ([ProductTagID], [ProductID]) VALUES (2, 67)
INSERT [dbo].[Nop_ProductTag_Product_Mapping] ([ProductTagID], [ProductID]) VALUES (2, 68)
INSERT [dbo].[Nop_ProductTag_Product_Mapping] ([ProductTagID], [ProductID]) VALUES (2, 69)
INSERT [dbo].[Nop_ProductTag_Product_Mapping] ([ProductTagID], [ProductID]) VALUES (2, 70)
INSERT [dbo].[Nop_ProductTag_Product_Mapping] ([ProductTagID], [ProductID]) VALUES (2, 79)
INSERT [dbo].[Nop_ProductTag_Product_Mapping] ([ProductTagID], [ProductID]) VALUES (2, 80)
INSERT [dbo].[Nop_ProductTag_Product_Mapping] ([ProductTagID], [ProductID]) VALUES (2, 81)
INSERT [dbo].[Nop_ProductTag_Product_Mapping] ([ProductTagID], [ProductID]) VALUES (2, 82)
INSERT [dbo].[Nop_ProductTag_Product_Mapping] ([ProductTagID], [ProductID]) VALUES (2, 84)
INSERT [dbo].[Nop_ProductTag_Product_Mapping] ([ProductTagID], [ProductID]) VALUES (2, 87)
INSERT [dbo].[Nop_ProductTag_Product_Mapping] ([ProductTagID], [ProductID]) VALUES (3, 63)
INSERT [dbo].[Nop_ProductTag_Product_Mapping] ([ProductTagID], [ProductID]) VALUES (3, 65)
INSERT [dbo].[Nop_ProductTag_Product_Mapping] ([ProductTagID], [ProductID]) VALUES (3, 72)
INSERT [dbo].[Nop_ProductTag_Product_Mapping] ([ProductTagID], [ProductID]) VALUES (3, 88)
INSERT [dbo].[Nop_ProductTag_Product_Mapping] ([ProductTagID], [ProductID]) VALUES (3, 89)
INSERT [dbo].[Nop_ProductTag_Product_Mapping] ([ProductTagID], [ProductID]) VALUES (4, 64)
INSERT [dbo].[Nop_ProductTag_Product_Mapping] ([ProductTagID], [ProductID]) VALUES (4, 65)
INSERT [dbo].[Nop_ProductTag_Product_Mapping] ([ProductTagID], [ProductID]) VALUES (4, 66)
INSERT [dbo].[Nop_ProductTag_Product_Mapping] ([ProductTagID], [ProductID]) VALUES (4, 67)
INSERT [dbo].[Nop_ProductTag_Product_Mapping] ([ProductTagID], [ProductID]) VALUES (4, 68)
INSERT [dbo].[Nop_ProductTag_Product_Mapping] ([ProductTagID], [ProductID]) VALUES (4, 69)
INSERT [dbo].[Nop_ProductTag_Product_Mapping] ([ProductTagID], [ProductID]) VALUES (4, 70)
INSERT [dbo].[Nop_ProductTag_Product_Mapping] ([ProductTagID], [ProductID]) VALUES (4, 71)
INSERT [dbo].[Nop_ProductTag_Product_Mapping] ([ProductTagID], [ProductID]) VALUES (4, 72)
INSERT [dbo].[Nop_ProductTag_Product_Mapping] ([ProductTagID], [ProductID]) VALUES (4, 73)
INSERT [dbo].[Nop_ProductTag_Product_Mapping] ([ProductTagID], [ProductID]) VALUES (4, 74)
INSERT [dbo].[Nop_ProductTag_Product_Mapping] ([ProductTagID], [ProductID]) VALUES (4, 75)
INSERT [dbo].[Nop_ProductTag_Product_Mapping] ([ProductTagID], [ProductID]) VALUES (4, 76)
INSERT [dbo].[Nop_ProductTag_Product_Mapping] ([ProductTagID], [ProductID]) VALUES (4, 77)
INSERT [dbo].[Nop_ProductTag_Product_Mapping] ([ProductTagID], [ProductID]) VALUES (4, 78)
INSERT [dbo].[Nop_ProductTag_Product_Mapping] ([ProductTagID], [ProductID]) VALUES (4, 79)
INSERT [dbo].[Nop_ProductTag_Product_Mapping] ([ProductTagID], [ProductID]) VALUES (4, 80)
INSERT [dbo].[Nop_ProductTag_Product_Mapping] ([ProductTagID], [ProductID]) VALUES (5, 49)
INSERT [dbo].[Nop_ProductTag_Product_Mapping] ([ProductTagID], [ProductID]) VALUES (5, 50)
INSERT [dbo].[Nop_ProductTag_Product_Mapping] ([ProductTagID], [ProductID]) VALUES (5, 51)
INSERT [dbo].[Nop_ProductTag_Product_Mapping] ([ProductTagID], [ProductID]) VALUES (5, 52)
INSERT [dbo].[Nop_ProductTag_Product_Mapping] ([ProductTagID], [ProductID]) VALUES (5, 53)
INSERT [dbo].[Nop_ProductTag_Product_Mapping] ([ProductTagID], [ProductID]) VALUES (5, 54)
INSERT [dbo].[Nop_ProductTag_Product_Mapping] ([ProductTagID], [ProductID]) VALUES (5, 55)
INSERT [dbo].[Nop_ProductTag_Product_Mapping] ([ProductTagID], [ProductID]) VALUES (5, 56)
INSERT [dbo].[Nop_ProductTag_Product_Mapping] ([ProductTagID], [ProductID]) VALUES (5, 57)
INSERT [dbo].[Nop_ProductTag_Product_Mapping] ([ProductTagID], [ProductID]) VALUES (5, 66)
INSERT [dbo].[Nop_ProductTag_Product_Mapping] ([ProductTagID], [ProductID]) VALUES (5, 71)
INSERT [dbo].[Nop_ProductTag_Product_Mapping] ([ProductTagID], [ProductID]) VALUES (5, 73)
INSERT [dbo].[Nop_ProductTag_Product_Mapping] ([ProductTagID], [ProductID]) VALUES (5, 74)
INSERT [dbo].[Nop_ProductTag_Product_Mapping] ([ProductTagID], [ProductID]) VALUES (5, 75)
INSERT [dbo].[Nop_ProductTag_Product_Mapping] ([ProductTagID], [ProductID]) VALUES (5, 76)
INSERT [dbo].[Nop_ProductTag_Product_Mapping] ([ProductTagID], [ProductID]) VALUES (5, 77)
INSERT [dbo].[Nop_ProductTag_Product_Mapping] ([ProductTagID], [ProductID]) VALUES (5, 78)
INSERT [dbo].[Nop_ProductTag_Product_Mapping] ([ProductTagID], [ProductID]) VALUES (5, 83)
INSERT [dbo].[Nop_ProductTag_Product_Mapping] ([ProductTagID], [ProductID]) VALUES (5, 84)
INSERT [dbo].[Nop_ProductTag_Product_Mapping] ([ProductTagID], [ProductID]) VALUES (5, 85)
INSERT [dbo].[Nop_ProductTag_Product_Mapping] ([ProductTagID], [ProductID]) VALUES (5, 86)
INSERT [dbo].[Nop_ProductTag_Product_Mapping] ([ProductTagID], [ProductID]) VALUES (6, 68)
INSERT [dbo].[Nop_ProductTag_Product_Mapping] ([ProductTagID], [ProductID]) VALUES (6, 69)
INSERT [dbo].[Nop_ProductTag_Product_Mapping] ([ProductTagID], [ProductID]) VALUES (6, 70)
INSERT [dbo].[Nop_ProductTag_Product_Mapping] ([ProductTagID], [ProductID]) VALUES (6, 71)
INSERT [dbo].[Nop_ProductTag_Product_Mapping] ([ProductTagID], [ProductID]) VALUES (6, 72)
INSERT [dbo].[Nop_ProductTag_Product_Mapping] ([ProductTagID], [ProductID]) VALUES (6, 81)
INSERT [dbo].[Nop_ProductTag_Product_Mapping] ([ProductTagID], [ProductID]) VALUES (6, 82)
INSERT [dbo].[Nop_ProductTag_Product_Mapping] ([ProductTagID], [ProductID]) VALUES (7, 76)
INSERT [dbo].[Nop_ProductTag_Product_Mapping] ([ProductTagID], [ProductID]) VALUES (7, 77)
INSERT [dbo].[Nop_ProductTag_Product_Mapping] ([ProductTagID], [ProductID]) VALUES (7, 78)
INSERT [dbo].[Nop_ProductTag_Product_Mapping] ([ProductTagID], [ProductID]) VALUES (8, 83)
INSERT [dbo].[Nop_ProductTag_Product_Mapping] ([ProductTagID], [ProductID]) VALUES (8, 84)
INSERT [dbo].[Nop_ProductTag_Product_Mapping] ([ProductTagID], [ProductID]) VALUES (8, 85)
INSERT [dbo].[Nop_ProductTag_Product_Mapping] ([ProductTagID], [ProductID]) VALUES (9, 81)
INSERT [dbo].[Nop_ProductTag_Product_Mapping] ([ProductTagID], [ProductID]) VALUES (9, 82)
INSERT [dbo].[Nop_ProductTag_Product_Mapping] ([ProductTagID], [ProductID]) VALUES (10, 49)
INSERT [dbo].[Nop_ProductTag_Product_Mapping] ([ProductTagID], [ProductID]) VALUES (10, 50)
INSERT [dbo].[Nop_ProductTag_Product_Mapping] ([ProductTagID], [ProductID]) VALUES (10, 51)
INSERT [dbo].[Nop_ProductTag_Product_Mapping] ([ProductTagID], [ProductID]) VALUES (10, 52)
INSERT [dbo].[Nop_ProductTag_Product_Mapping] ([ProductTagID], [ProductID]) VALUES (10, 53)
INSERT [dbo].[Nop_ProductTag_Product_Mapping] ([ProductTagID], [ProductID]) VALUES (10, 54)
INSERT [dbo].[Nop_ProductTag_Product_Mapping] ([ProductTagID], [ProductID]) VALUES (10, 55)
INSERT [dbo].[Nop_ProductTag_Product_Mapping] ([ProductTagID], [ProductID]) VALUES (10, 56)
INSERT [dbo].[Nop_ProductTag_Product_Mapping] ([ProductTagID], [ProductID]) VALUES (10, 57)
INSERT [dbo].[Nop_ProductTag_Product_Mapping] ([ProductTagID], [ProductID]) VALUES (10, 86)
INSERT [dbo].[Nop_ProductTag_Product_Mapping] ([ProductTagID], [ProductID]) VALUES (11, 53)
INSERT [dbo].[Nop_ProductTag_Product_Mapping] ([ProductTagID], [ProductID]) VALUES (11, 54)
INSERT [dbo].[Nop_ProductTag_Product_Mapping] ([ProductTagID], [ProductID]) VALUES (11, 86)
INSERT [dbo].[Nop_ProductTag_Product_Mapping] ([ProductTagID], [ProductID]) VALUES (12, 51)
INSERT [dbo].[Nop_ProductTag_Product_Mapping] ([ProductTagID], [ProductID]) VALUES (12, 52)
INSERT [dbo].[Nop_ProductTag_Product_Mapping] ([ProductTagID], [ProductID]) VALUES (13, 49)
INSERT [dbo].[Nop_ProductTag_Product_Mapping] ([ProductTagID], [ProductID]) VALUES (13, 50)
INSERT [dbo].[Nop_ProductTag_Product_Mapping] ([ProductTagID], [ProductID]) VALUES (13, 105)
INSERT [dbo].[Nop_ProductTag_Product_Mapping] ([ProductTagID], [ProductID]) VALUES (14, 58)
GO
print 'Processed 100 total records'
INSERT [dbo].[Nop_ProductTag_Product_Mapping] ([ProductTagID], [ProductID]) VALUES (14, 59)
INSERT [dbo].[Nop_ProductTag_Product_Mapping] ([ProductTagID], [ProductID]) VALUES (14, 87)
INSERT [dbo].[Nop_ProductTag_Product_Mapping] ([ProductTagID], [ProductID]) VALUES (15, 45)
INSERT [dbo].[Nop_ProductTag_Product_Mapping] ([ProductTagID], [ProductID]) VALUES (15, 46)
INSERT [dbo].[Nop_ProductTag_Product_Mapping] ([ProductTagID], [ProductID]) VALUES (15, 47)
INSERT [dbo].[Nop_ProductTag_Product_Mapping] ([ProductTagID], [ProductID]) VALUES (15, 48)
INSERT [dbo].[Nop_ProductTag_Product_Mapping] ([ProductTagID], [ProductID]) VALUES (16, 88)
INSERT [dbo].[Nop_ProductTag_Product_Mapping] ([ProductTagID], [ProductID]) VALUES (16, 89)
INSERT [dbo].[Nop_ProductTag_Product_Mapping] ([ProductTagID], [ProductID]) VALUES (17, 96)
INSERT [dbo].[Nop_ProductTag_Product_Mapping] ([ProductTagID], [ProductID]) VALUES (17, 97)
INSERT [dbo].[Nop_ProductTag_Product_Mapping] ([ProductTagID], [ProductID]) VALUES (17, 98)
INSERT [dbo].[Nop_ProductTag_Product_Mapping] ([ProductTagID], [ProductID]) VALUES (17, 99)
INSERT [dbo].[Nop_ProductTag_Product_Mapping] ([ProductTagID], [ProductID]) VALUES (17, 100)
INSERT [dbo].[Nop_ProductTag_Product_Mapping] ([ProductTagID], [ProductID]) VALUES (20, 96)
INSERT [dbo].[Nop_ProductTag_Product_Mapping] ([ProductTagID], [ProductID]) VALUES (20, 98)
INSERT [dbo].[Nop_ProductTag_Product_Mapping] ([ProductTagID], [ProductID]) VALUES (21, 96)
INSERT [dbo].[Nop_ProductTag_Product_Mapping] ([ProductTagID], [ProductID]) VALUES (24, 97)
INSERT [dbo].[Nop_ProductTag_Product_Mapping] ([ProductTagID], [ProductID]) VALUES (24, 100)
INSERT [dbo].[Nop_ProductTag_Product_Mapping] ([ProductTagID], [ProductID]) VALUES (30, 99)
INSERT [dbo].[Nop_ProductTag_Product_Mapping] ([ProductTagID], [ProductID]) VALUES (30, 100)
INSERT [dbo].[Nop_ProductTag_Product_Mapping] ([ProductTagID], [ProductID]) VALUES (32, 101)
INSERT [dbo].[Nop_ProductTag_Product_Mapping] ([ProductTagID], [ProductID]) VALUES (39, 103)
INSERT [dbo].[Nop_ProductTag_Product_Mapping] ([ProductTagID], [ProductID]) VALUES (39, 110)
INSERT [dbo].[Nop_ProductTag_Product_Mapping] ([ProductTagID], [ProductID]) VALUES (41, 104)
INSERT [dbo].[Nop_ProductTag_Product_Mapping] ([ProductTagID], [ProductID]) VALUES (52, 106)
INSERT [dbo].[Nop_ProductTag_Product_Mapping] ([ProductTagID], [ProductID]) VALUES (52, 107)
INSERT [dbo].[Nop_ProductTag_Product_Mapping] ([ProductTagID], [ProductID]) VALUES (52, 108)
INSERT [dbo].[Nop_ProductTag_Product_Mapping] ([ProductTagID], [ProductID]) VALUES (61, 109)
INSERT [dbo].[Nop_ProductTag_Product_Mapping] ([ProductTagID], [ProductID]) VALUES (64, 109)
INSERT [dbo].[Nop_ProductTag_Product_Mapping] ([ProductTagID], [ProductID]) VALUES (65, 109)
INSERT [dbo].[Nop_ProductTag_Product_Mapping] ([ProductTagID], [ProductID]) VALUES (76, 108)
INSERT [dbo].[Nop_ProductTag_Product_Mapping] ([ProductTagID], [ProductID]) VALUES (77, 108)
INSERT [dbo].[Nop_ProductTag_Product_Mapping] ([ProductTagID], [ProductID]) VALUES (81, 101)
INSERT [dbo].[Nop_ProductTag_Product_Mapping] ([ProductTagID], [ProductID]) VALUES (85, 97)
INSERT [dbo].[Nop_ProductTag_Product_Mapping] ([ProductTagID], [ProductID]) VALUES (100, 106)
INSERT [dbo].[Nop_ProductTag_Product_Mapping] ([ProductTagID], [ProductID]) VALUES (101, 106)
INSERT [dbo].[Nop_ProductTag_Product_Mapping] ([ProductTagID], [ProductID]) VALUES (102, 103)
INSERT [dbo].[Nop_ProductTag_Product_Mapping] ([ProductTagID], [ProductID]) VALUES (103, 103)
INSERT [dbo].[Nop_ProductTag_Product_Mapping] ([ProductTagID], [ProductID]) VALUES (108, 98)
INSERT [dbo].[Nop_ProductTag_Product_Mapping] ([ProductTagID], [ProductID]) VALUES (110, 104)
INSERT [dbo].[Nop_ProductTag_Product_Mapping] ([ProductTagID], [ProductID]) VALUES (111, 99)
INSERT [dbo].[Nop_ProductTag_Product_Mapping] ([ProductTagID], [ProductID]) VALUES (112, 110)
INSERT [dbo].[Nop_ProductTag_Product_Mapping] ([ProductTagID], [ProductID]) VALUES (113, 110)
INSERT [dbo].[Nop_ProductTag_Product_Mapping] ([ProductTagID], [ProductID]) VALUES (114, 107)
INSERT [dbo].[Nop_ProductTag_Product_Mapping] ([ProductTagID], [ProductID]) VALUES (115, 107)
INSERT [dbo].[Nop_ProductTag_Product_Mapping] ([ProductTagID], [ProductID]) VALUES (116, 105)
INSERT [dbo].[Nop_ProductTag_Product_Mapping] ([ProductTagID], [ProductID]) VALUES (117, 105)

SET IDENTITY_INSERT [dbo].[Nop_ProductAttribute] ON
INSERT [dbo].[Nop_ProductAttribute] ([ProductAttributeID], [Name], [Description]) VALUES (4, N'Size', N'')
INSERT [dbo].[Nop_ProductAttribute] ([ProductAttributeID], [Name], [Description]) VALUES (5, N'Color', N'')
SET IDENTITY_INSERT [dbo].[Nop_ProductAttribute] OFF


