SET IDENTITY_INSERT [dbo].[Nop_Discount] ON
INSERT [dbo].[Nop_Discount] ([DiscountID], [DiscountTypeID], [DiscountRequirementID], [RequirementSpentAmount], [RequirementBillingCountryIs], [RequirementShippingCountryIs], [DiscountLimitationID], [LimitationTimes], [Name], [UsePercentage], [DiscountPercentage], [DiscountAmount], [StartDate], [EndDate], [RequiresCouponCode], [CouponCode], [Deleted]) VALUES (1, 1, 2, 0.0000, 0, 0, 0, 1, N'''20% order total'' discount', 1, CAST(20.0000 AS Decimal(18, 4)), CAST(0.0000 AS Decimal(18, 4)), CAST(0x00009CF100000000 AS DateTime), CAST(0x0000AB3500000000 AS DateTime), 1, N'456', 0)
INSERT [dbo].[Nop_Discount] ([DiscountID], [DiscountTypeID], [DiscountRequirementID], [RequirementSpentAmount], [RequirementBillingCountryIs], [RequirementShippingCountryIs], [DiscountLimitationID], [LimitationTimes], [Name], [UsePercentage], [DiscountPercentage], [DiscountAmount], [StartDate], [EndDate], [RequiresCouponCode], [CouponCode], [Deleted]) VALUES (2, 2, 1, 0.0000, 0, 0, 0, 1, N'Sample discount with coupon code', 0, CAST(0.0000 AS Decimal(18, 4)), CAST(10.0000 AS Decimal(18, 4)), CAST(0x00009CF100000000 AS DateTime), CAST(0x0000AB3500000000 AS DateTime), 1, N'123', 0)
SET IDENTITY_INSERT [dbo].[Nop_Discount] OFF
GO


INSERT [dbo].[Nop_CustomerRole_Discount_Mapping] ([CustomerRoleID], [DiscountID]) VALUES (3, 1)
GO


SET IDENTITY_INSERT [dbo].[Nop_ProductAttribute] ON
INSERT [dbo].[Nop_ProductAttribute] ([ProductAttributeID], [Name], [Description]) VALUES (4, N'Size', N'')
INSERT [dbo].[Nop_ProductAttribute] ([ProductAttributeID], [Name], [Description]) VALUES (5, N'Color', N'')
SET IDENTITY_INSERT [dbo].[Nop_ProductAttribute] OFF
GO


SET IDENTITY_INSERT [dbo].[Nop_SpecificationAttribute] ON
INSERT [dbo].[Nop_SpecificationAttribute] ([SpecificationAttributeID], [Name], [DisplayOrder]) VALUES (8, N'Screensize', 1)
INSERT [dbo].[Nop_SpecificationAttribute] ([SpecificationAttributeID], [Name], [DisplayOrder]) VALUES (9, N'CPU Type', 2)
INSERT [dbo].[Nop_SpecificationAttribute] ([SpecificationAttributeID], [Name], [DisplayOrder]) VALUES (10, N'Memory', 3)
INSERT [dbo].[Nop_SpecificationAttribute] ([SpecificationAttributeID], [Name], [DisplayOrder]) VALUES (12, N'Hardrive', 5)
SET IDENTITY_INSERT [dbo].[Nop_SpecificationAttribute] OFF
GO


SET IDENTITY_INSERT [dbo].[Nop_SpecificationAttributeOption] ON
INSERT [dbo].[Nop_SpecificationAttributeOption] ([SpecificationAttributeOptionID], [SpecificationAttributeID], [Name], [DisplayOrder]) VALUES (1, 8, N'15.4''''', 5)
INSERT [dbo].[Nop_SpecificationAttributeOption] ([SpecificationAttributeOptionID], [SpecificationAttributeID], [Name], [DisplayOrder]) VALUES (2, 8, N'10.0''''', 3)
INSERT [dbo].[Nop_SpecificationAttributeOption] ([SpecificationAttributeOptionID], [SpecificationAttributeID], [Name], [DisplayOrder]) VALUES (4, 8, N'16.0''''', 6)
INSERT [dbo].[Nop_SpecificationAttributeOption] ([SpecificationAttributeOptionID], [SpecificationAttributeID], [Name], [DisplayOrder]) VALUES (5, 8, N'14.1''''', 4)
INSERT [dbo].[Nop_SpecificationAttributeOption] ([SpecificationAttributeOptionID], [SpecificationAttributeID], [Name], [DisplayOrder]) VALUES (6, 9, N'AMD', 1)
INSERT [dbo].[Nop_SpecificationAttributeOption] ([SpecificationAttributeOptionID], [SpecificationAttributeID], [Name], [DisplayOrder]) VALUES (7, 9, N'Intel', 2)
INSERT [dbo].[Nop_SpecificationAttributeOption] ([SpecificationAttributeOptionID], [SpecificationAttributeID], [Name], [DisplayOrder]) VALUES (8, 10, N'1 GB', 1)
INSERT [dbo].[Nop_SpecificationAttributeOption] ([SpecificationAttributeOptionID], [SpecificationAttributeID], [Name], [DisplayOrder]) VALUES (9, 10, N'3 GB', 3)
INSERT [dbo].[Nop_SpecificationAttributeOption] ([SpecificationAttributeOptionID], [SpecificationAttributeID], [Name], [DisplayOrder]) VALUES (10, 12, N'160 GB', 4)
INSERT [dbo].[Nop_SpecificationAttributeOption] ([SpecificationAttributeOptionID], [SpecificationAttributeID], [Name], [DisplayOrder]) VALUES (11, 12, N'250 GB', 4)
INSERT [dbo].[Nop_SpecificationAttributeOption] ([SpecificationAttributeOptionID], [SpecificationAttributeID], [Name], [DisplayOrder]) VALUES (12, 12, N'320 GB', 7)
SET IDENTITY_INSERT [dbo].[Nop_SpecificationAttributeOption] OFF
GO


SET IDENTITY_INSERT [dbo].[Nop_SearchLog] ON
INSERT [dbo].[Nop_SearchLog] ([SearchLogID], [SearchTerm], [CustomerID], [CreatedOn]) VALUES (17, N'can', 37, CAST(0x00009BE300F3739D AS DateTime))
INSERT [dbo].[Nop_SearchLog] ([SearchLogID], [SearchTerm], [CustomerID], [CreatedOn]) VALUES (18, N'computers', 37, CAST(0x00009BE300F3CF37 AS DateTime))
INSERT [dbo].[Nop_SearchLog] ([SearchLogID], [SearchTerm], [CustomerID], [CreatedOn]) VALUES (19, N'games', 37, CAST(0x00009BE300F3D517 AS DateTime))
INSERT [dbo].[Nop_SearchLog] ([SearchLogID], [SearchTerm], [CustomerID], [CreatedOn]) VALUES (20, N'games', 37, CAST(0x00009BE300F3D62C AS DateTime))
INSERT [dbo].[Nop_SearchLog] ([SearchLogID], [SearchTerm], [CustomerID], [CreatedOn]) VALUES (21, N'games', 37, CAST(0x00009BE300F3D732 AS DateTime))
INSERT [dbo].[Nop_SearchLog] ([SearchLogID], [SearchTerm], [CustomerID], [CreatedOn]) VALUES (22, N'camera', 37, CAST(0x00009BE300F3DD13 AS DateTime))
INSERT [dbo].[Nop_SearchLog] ([SearchLogID], [SearchTerm], [CustomerID], [CreatedOn]) VALUES (23, N'camera', 37, CAST(0x00009BE300F3DE48 AS DateTime))
INSERT [dbo].[Nop_SearchLog] ([SearchLogID], [SearchTerm], [CustomerID], [CreatedOn]) VALUES (24, N'cameras', 37, CAST(0x00009BE300F3E0E2 AS DateTime))
INSERT [dbo].[Nop_SearchLog] ([SearchLogID], [SearchTerm], [CustomerID], [CreatedOn]) VALUES (25, N'camera', 37, CAST(0x00009BE300F3EF2E AS DateTime))
SET IDENTITY_INSERT [dbo].[Nop_SearchLog] OFF
GO


SET IDENTITY_INSERT [dbo].[Nop_Product] ON
INSERT [dbo].[Nop_Product] ([ProductId], [Name], [ShortDescription], [FullDescription], [AdminComment], [TemplateID], [ShowOnHomePage], [MetaKeywords], [MetaDescription], [MetaTitle], [SEName], [AllowCustomerReviews], [AllowCustomerRatings], [RatingSum], [TotalRatingVotes], [Published], [Deleted], [CreatedOn], [UpdatedOn]) VALUES (45, N'Black & White Diamond Heart', N'Heart Pendant 1/4 Carat (ctw) in Sterling Silver', N'<p>Bold black diamonds alternate with sparkling white diamonds along a crisp sterling silver heart to create a look that is simple and beautiful. This sleek and stunning 1/4 carat (ctw) diamond heart pendant which includes an 18 inch silver chain, and a free box of godiva chocolates makes the perfect Valentine''s Day gift.</p>', N'', 5, 0, N'', N'', N'', N'', 1, 1, 0, 0, 1, 0, CAST(0x00009BE2013713F7 AS DateTime), CAST(0x00009D7F0083755B AS DateTime))
INSERT [dbo].[Nop_Product] ([ProductId], [Name], [ShortDescription], [FullDescription], [AdminComment], [TemplateID], [ShowOnHomePage], [MetaKeywords], [MetaDescription], [MetaTitle], [SEName], [AllowCustomerReviews], [AllowCustomerRatings], [RatingSum], [TotalRatingVotes], [Published], [Deleted], [CreatedOn], [UpdatedOn]) VALUES (46, N'Diamond Tennis Bracelet', N'1.0 Carat (ctw) in White Gold', N'<p>Jazz up any outfit with this classic diamond tennis bracelet. This piece has one full carat of diamonds uniquely set in brilliant 10 karat white gold.</p>', N'', 5, 0, N'', N'', N'', N'', 1, 1, 0, 0, 1, 0, CAST(0x00009BE2013E590B AS DateTime), CAST(0x00009D7F00837B1B AS DateTime))
INSERT [dbo].[Nop_Product] ([ProductId], [Name], [ShortDescription], [FullDescription], [AdminComment], [TemplateID], [ShowOnHomePage], [MetaKeywords], [MetaDescription], [MetaTitle], [SEName], [AllowCustomerReviews], [AllowCustomerRatings], [RatingSum], [TotalRatingVotes], [Published], [Deleted], [CreatedOn], [UpdatedOn]) VALUES (47, N'Vintage Style Three Stone Diamond Engagement Ring', N'1.24 Carat (ctw) in 14K White Gold (Certified)', N'<p>Dazzle her with this gleaming 14 karat white gold vintage proposal. A ravishing collection of 11 decadent diamonds come together to invigorate a superbly ornate gold shank. Total diamond weight on this antique style engagement ring equals 1 1/4 carat (ctw). Item includes diamond certificate.</p>', N'', 5, 0, N'', N'', N'', N'', 1, 1, 0, 0, 1, 0, CAST(0x00009BE20140500F AS DateTime), CAST(0x00009D7F00838126 AS DateTime))
INSERT [dbo].[Nop_Product] ([ProductId], [Name], [ShortDescription], [FullDescription], [AdminComment], [TemplateID], [ShowOnHomePage], [MetaKeywords], [MetaDescription], [MetaTitle], [SEName], [AllowCustomerReviews], [AllowCustomerRatings], [RatingSum], [TotalRatingVotes], [Published], [Deleted], [CreatedOn], [UpdatedOn]) VALUES (48, N'Diamond Pave Earrings', N'1/2 Carat (ctw) in White Gold', N'<p>Perfect for both a professional look as well as perhaps something more sensual, these 10 karat white gold huggie earrings boast 86 sparkling round diamonds set in a pave arrangement that total 1/2 carat (ctw).</p>', N'', 5, 0, N'', N'', N'', N'', 1, 1, 0, 0, 1, 0, CAST(0x00009BE201440489 AS DateTime), CAST(0x00009D7F0083782D AS DateTime))
INSERT [dbo].[Nop_Product] ([ProductId], [Name], [ShortDescription], [FullDescription], [AdminComment], [TemplateID], [ShowOnHomePage], [MetaKeywords], [MetaDescription], [MetaTitle], [SEName], [AllowCustomerReviews], [AllowCustomerRatings], [RatingSum], [TotalRatingVotes], [Published], [Deleted], [CreatedOn], [UpdatedOn]) VALUES (49, N'adidas Women''s Supernova CSH 7 Running Shoe', N'Now there are even more reasons to love this training favorite. An improved last, new step-in sockliner and the smooth control of 3-D ForMotion™ deliver a natural, balanced touchdown that feels better than ever.', N'<p>Built to take you far and fast, Adidas Supernova Cushion 7 road-running shoes offer incredible cushioning and comfort with low weight. * Abrasion-resistant nylon mesh uppers are lightweight and highly breathable; synthetic leather overlays create structure and support * GeoFit construction at ankles provides an anatomically correct fit and extra comfort * Nylon linings and molded, antimicrobial dual-layer EVA footbeds dry quickly and fight odor * adiPRENE® midsoles absorb shock in the heels and help maximize heel protection and stability * adiPRENE®+ under forefeet retains natural propulsive forces for improved efficiency * Torsion® system at the midfoot allows natural rotation between the rearfoot and the forefoot, helping improve surface adaptability * ForMotion® freely moving, decoupled heel system allows your feet to adapt to the ground strike and adjust for forward momentum * adiWEAR® rubber outsoles give ample durability in high-wear areas and offer lightweight grip and cushion Mens shoes , men''s shoes , running shoes , adidas shoes , adidas running shoes , mens running shoes , snova running shoes , snova mens adidas , snova adidas running , snova shoes , sport shoes mens , sport shoes adidas , mens shoes , men''s shoes , running , adidas</p>', N'', 4, 0, N'', N'', N'', N'', 1, 1, 0, 0, 1, 0, CAST(0x00009BE20187F4F0 AS DateTime), CAST(0x00009D7F0083134E AS DateTime))
INSERT [dbo].[Nop_Product] ([ProductId], [Name], [ShortDescription], [FullDescription], [AdminComment], [TemplateID], [ShowOnHomePage], [MetaKeywords], [MetaDescription], [MetaTitle], [SEName], [AllowCustomerReviews], [AllowCustomerRatings], [RatingSum], [TotalRatingVotes], [Published], [Deleted], [CreatedOn], [UpdatedOn]) VALUES (50, N'etnies Men''s Digit Sneaker', N'This sleek shoe has all you need--from the padded tongue and collar and internal EVA midsole, to the STI Level 2 cushioning for impact absorption and stability.', N'Established in 1986, etnies is the first skateboarder-owned and skateboarder-operated global action sports footwear and apparel company. etnies not only pushed the envelope by creating the first pro model skate shoe, but it pioneered technological advances and changed the face of skateboard footwear forever. Today, etnies'' vision is to remain the leading action sports company committed to creating functional products that provide the most style, comfort, durability and protection possible. etnies stays true to its roots by sponsoring a world-class team of skateboarding, surfing, snowboarding, moto-x, and BMX athletes and continues its dedication by giving back to each of these communities.', N'', 4, 1, N'', N'', N'', N'', 1, 1, 0, 0, 1, 0, CAST(0x00009BE201890539 AS DateTime), CAST(0x00009D7F008315F6 AS DateTime))
INSERT [dbo].[Nop_Product] ([ProductId], [Name], [ShortDescription], [FullDescription], [AdminComment], [TemplateID], [ShowOnHomePage], [MetaKeywords], [MetaDescription], [MetaTitle], [SEName], [AllowCustomerReviews], [AllowCustomerRatings], [RatingSum], [TotalRatingVotes], [Published], [Deleted], [CreatedOn], [UpdatedOn]) VALUES (51, N'Levi''s Skinny 511 Jeans', N'Levi''s Faded Black Skinny 511 Jeans ', N'', N'', 5, 0, N'', N'', N'', N'', 1, 1, 0, 0, 1, 0, CAST(0x00009BE300039A8C AS DateTime), CAST(0x00009D7F0082F73C AS DateTime))
INSERT [dbo].[Nop_Product] ([ProductId], [Name], [ShortDescription], [FullDescription], [AdminComment], [TemplateID], [ShowOnHomePage], [MetaKeywords], [MetaDescription], [MetaTitle], [SEName], [AllowCustomerReviews], [AllowCustomerRatings], [RatingSum], [TotalRatingVotes], [Published], [Deleted], [CreatedOn], [UpdatedOn]) VALUES (52, N'V-Blue Juniors'' Cuffed Denim Short with Rhinestones', N'Superior construction and reinforced seams', N'', N'', 5, 0, N'', N'', N'', N'', 1, 1, 0, 0, 1, 0, CAST(0x00009BE300052663 AS DateTime), CAST(0x00009D7F0082F2DC AS DateTime))
INSERT [dbo].[Nop_Product] ([ProductId], [Name], [ShortDescription], [FullDescription], [AdminComment], [TemplateID], [ShowOnHomePage], [MetaKeywords], [MetaDescription], [MetaTitle], [SEName], [AllowCustomerReviews], [AllowCustomerRatings], [RatingSum], [TotalRatingVotes], [Published], [Deleted], [CreatedOn], [UpdatedOn]) VALUES (53, N'Arrow Men''s Wrinkle Free Pinpoint Solid Long Sleeve', N'', N'<p>This Wrinkle Free Pinpoint Long Sleeve Dress Shirt needs minimum ironing. It is a great product at a great value!</p>', N'', 5, 0, N'', N'', N'', N'', 1, 1, 0, 0, 1, 0, CAST(0x00009BE30006F30A AS DateTime), CAST(0x00009D7F0082D5DF AS DateTime))
INSERT [dbo].[Nop_Product] ([ProductId], [Name], [ShortDescription], [FullDescription], [AdminComment], [TemplateID], [ShowOnHomePage], [MetaKeywords], [MetaDescription], [MetaTitle], [SEName], [AllowCustomerReviews], [AllowCustomerRatings], [RatingSum], [TotalRatingVotes], [Published], [Deleted], [CreatedOn], [UpdatedOn]) VALUES (54, N'50''s Rockabilly Polka Dot Top JR Plus Size', N'', N'<p>Fitted polkadot print cotton top with tie cap sleeves.</p>', N'', 4, 0, N'', N'', N'', N'', 1, 1, 0, 0, 1, 0, CAST(0x00009BE30007AF4D AS DateTime), CAST(0x00009D7F0082D05C AS DateTime))
INSERT [dbo].[Nop_Product] ([ProductId], [Name], [ShortDescription], [FullDescription], [AdminComment], [TemplateID], [ShowOnHomePage], [MetaKeywords], [MetaDescription], [MetaTitle], [SEName], [AllowCustomerReviews], [AllowCustomerRatings], [RatingSum], [TotalRatingVotes], [Published], [Deleted], [CreatedOn], [UpdatedOn]) VALUES (55, N'Indiana Jones® Shapeable Wool Hat', N'Wear some adventure with the same hat Indiana Jones&reg; wears in his movies.', N'<p>Wear some adventure with the same hat Indiana Jones® wears in his movies. Easy to shape to fit your personal style. Wool. Import. Please Note - Due to new UPS shipping rules and the size of the box, if you choose to expedite your hat order (UPS 3-day, 2-day or Overnight), an additional non-refundable $20 shipping charge per hat will be added at the time your order is processed.</p>', N'', 4, 0, N'', N'', N'', N'', 1, 1, 0, 0, 1, 0, CAST(0x00009BE300090C3C AS DateTime), CAST(0x00009D7F00833423 AS DateTime))
INSERT [dbo].[Nop_Product] ([ProductId], [Name], [ShortDescription], [FullDescription], [AdminComment], [TemplateID], [ShowOnHomePage], [MetaKeywords], [MetaDescription], [MetaTitle], [SEName], [AllowCustomerReviews], [AllowCustomerRatings], [RatingSum], [TotalRatingVotes], [Published], [Deleted], [CreatedOn], [UpdatedOn]) VALUES (56, N'Ray Ban Aviator Sunglasses RB 3025', N'Aviator sunglasses are one of the first widely popularized styles of modern day sunwear.', N'<p>Since 1937, Ray-Ban can genuinely claim the title as the world''s leading sunglasses and optical eyewear brand. Combining the best of fashion and sports performance, the Ray-Ban line of Sunglasses delivers a truly classic style that will have you looking great today and for years to come.</p>', N'', 5, 0, N'', N'', N'', N'', 1, 1, 0, 0, 1, 0, CAST(0x00009BE3000A7567 AS DateTime), CAST(0x00009D7F00833859 AS DateTime))
INSERT [dbo].[Nop_Product] ([ProductId], [Name], [ShortDescription], [FullDescription], [AdminComment], [TemplateID], [ShowOnHomePage], [MetaKeywords], [MetaDescription], [MetaTitle], [SEName], [AllowCustomerReviews], [AllowCustomerRatings], [RatingSum], [TotalRatingVotes], [Published], [Deleted], [CreatedOn], [UpdatedOn]) VALUES (57, N'Genuine Leather Handbag with Cell Phone Holder & Many Pockets', N'Classic Leather Handbag', N'<p>This fine leather handbag will quickly become your favorite bag. It has a zipper organizer on the front that includes a notepad pocket, pen holder, credit card slots and zipper pocket divider. On top of this is a zipper pocket and another flap closure pocket. The main compartment is fully lined and includes a side zipper pocket. On the back is another zipper pocket. And don''t forget the convenient built in cell phone holder on the side! The long strap is fully adjustable so you can wear it crossbody or over the shoulder. This is a very well-made, quality leather bag that is not too big, but not too small.</p>', N'', 5, 0, N'', N'', N'', N'', 1, 1, 0, 0, 1, 0, CAST(0x00009BE3000B03E3 AS DateTime), CAST(0x00009D7F00832F07 AS DateTime))
INSERT [dbo].[Nop_Product] ([ProductId], [Name], [ShortDescription], [FullDescription], [AdminComment], [TemplateID], [ShowOnHomePage], [MetaKeywords], [MetaDescription], [MetaTitle], [SEName], [AllowCustomerReviews], [AllowCustomerRatings], [RatingSum], [TotalRatingVotes], [Published], [Deleted], [CreatedOn], [UpdatedOn]) VALUES (58, N'Single Ladies (Put A Ring On It)', N'Single Ladies (Put A Ring On It) by Beyonce', N'<p>Original Release Date: November 18, 2008</p>
<p>Label: Music World Music/Columbia</p>
<p>Copyright: (P) 2008 SONY BMG MUSIC ENTERTAINMENT</p>
<p>Song Length: 3:13 minutes</p>', N'', 5, 0, N'', N'', N'', N'', 1, 1, 0, 0, 1, 0, CAST(0x00009BE300B2E589 AS DateTime), CAST(0x00009D7F00835479 AS DateTime))
INSERT [dbo].[Nop_Product] ([ProductId], [Name], [ShortDescription], [FullDescription], [AdminComment], [TemplateID], [ShowOnHomePage], [MetaKeywords], [MetaDescription], [MetaTitle], [SEName], [AllowCustomerReviews], [AllowCustomerRatings], [RatingSum], [TotalRatingVotes], [Published], [Deleted], [CreatedOn], [UpdatedOn]) VALUES (59, N'Poker Face', N'Poker Face by Lady GaGa', N'<p>Original Release Date: October 28, 2008</p>
<p>Release Date: October 28, 2008</p>
<p>Label: Streamline/Interscoope/KonLive/Cherrytree</p>
<p>Copyright: (C) 2008 Interscope Records</p>', N'', 5, 0, N'', N'', N'', N'', 1, 1, 0, 0, 1, 0, CAST(0x00009BE300B38E46 AS DateTime), CAST(0x00009D7F008351E4 AS DateTime))
INSERT [dbo].[Nop_Product] ([ProductId], [Name], [ShortDescription], [FullDescription], [AdminComment], [TemplateID], [ShowOnHomePage], [MetaKeywords], [MetaDescription], [MetaTitle], [SEName], [AllowCustomerReviews], [AllowCustomerRatings], [RatingSum], [TotalRatingVotes], [Published], [Deleted], [CreatedOn], [UpdatedOn]) VALUES (60, N'The Best Skillet Recipes', N'What''s the Best Way to Make Lasagna With Rich, Meaty Flavor, Chunks of Tomato, and Gooey Cheese, Without Ever Turning on the Oven or Boiling a Pot of (Hardcover)', N'<p>In this latest addition of the Best Recipe Classic series, <i>Cooks Illustrated</i> editor Christopher Kimball and his team of kitchen scientists celebrate the untold versatility of that ordinary workhorse, the 12-inch skillet. An indispensable tool for eggs, pan-seared meats and sautéed vegetables, the skillet can also be used for stovetop-to-oven dishes such as All-American Mini Meatloaves; layered dishes such as tamale pie and Tuscan bean casserole; and even desserts such as hot fudge pudding cake. In the trademark style of other America''s Test Kitchen publications, the cookbook contains plenty of variations on basic themes (you can make chicken and rice with peas and scallions, broccoli and cheddar, or coconut milk and pistachios); ingredient and equipment roundups; and helpful illustrations for preparing mango and stringing snowpeas. Yet the true strength of the series lies in the sheer thoughtfulness and detail of the recipes. Whether or not you properly appreciate your skillet, this book will at least teach you to wield it gracefully. <i>(Mar.)</i>   <br />
 Copyright © Reed Business Information, a division of Reed Elsevier Inc. All rights reserved.</p>', N'', 5, 0, N'', N'', N'', N'', 1, 1, 0, 0, 1, 0, CAST(0x00009BE300B59FD8 AS DateTime), CAST(0x00009D7F00807D78 AS DateTime))
INSERT [dbo].[Nop_Product] ([ProductId], [Name], [ShortDescription], [FullDescription], [AdminComment], [TemplateID], [ShowOnHomePage], [MetaKeywords], [MetaDescription], [MetaTitle], [SEName], [AllowCustomerReviews], [AllowCustomerRatings], [RatingSum], [TotalRatingVotes], [Published], [Deleted], [CreatedOn], [UpdatedOn]) VALUES (61, N'Cooking for Two', N'More Than 200 Foolproof Recipes for Weeknights and Special Occasions (Hardcover)', N'<p>Hardcover: 352 pages<br />
  Publisher: America''s Test Kitchen (May 2009)<br />
  Language: English<br />
  ISBN-10: 1933615435<br />
  ISBN-13: 978-1933615431</p>', N'', 5, 0, N'', N'', N'', N'', 1, 1, 0, 0, 1, 0, CAST(0x00009BE300B83182 AS DateTime), CAST(0x00009D7F0080BC0E AS DateTime))
INSERT [dbo].[Nop_Product] ([ProductId], [Name], [ShortDescription], [FullDescription], [AdminComment], [TemplateID], [ShowOnHomePage], [MetaKeywords], [MetaDescription], [MetaTitle], [SEName], [AllowCustomerReviews], [AllowCustomerRatings], [RatingSum], [TotalRatingVotes], [Published], [Deleted], [CreatedOn], [UpdatedOn]) VALUES (62, N'EatingWell in Season', N'A Farmers'' Market Cookbook (Hardcover)', N'<p><span class="plogBodyText">Trying to get big chocolate flavor into a crisp holiday cookie is no easy feat. Any decent baker can get a soft, chewy cookie to scream “chocolate,” but a dough that can withstand a rolling pin and cookie cutters simply can’t be too soft. Most chocolate butter cookies skimp on the gooey chocolate and their chocolate flavor is quite modest. </span></p>', N'', 5, 0, N'', N'', N'', N'', 1, 1, 0, 0, 1, 0, CAST(0x00009BE300B90A94 AS DateTime), CAST(0x00009D7F0080CF51 AS DateTime))
INSERT [dbo].[Nop_Product] ([ProductId], [Name], [ShortDescription], [FullDescription], [AdminComment], [TemplateID], [ShowOnHomePage], [MetaKeywords], [MetaDescription], [MetaTitle], [SEName], [AllowCustomerReviews], [AllowCustomerRatings], [RatingSum], [TotalRatingVotes], [Published], [Deleted], [CreatedOn], [UpdatedOn]) VALUES (63, N'Best Grilling Recipes', N'More Than 100 Regional Favorites Tested and Perfected for the Outdoor Cook (Hardcover)', N'<p>Take a winding cross-country trip and you''ll discover barbecue shacks with offerings like tender-smoky Baltimore pit beef and saucy St. Louis pork steaks. To bring you the best of these hidden gems, along with all the classics, the editors of Cook''s Country magazine scoured the country, then tested and perfected their favorites. HEre traditions large and small are brought into the backyard, from Hawaii''s rotisserie favorite, the golden-hued Huli Huli Chicken, to fall-off-the-bone Chicago Barbecued Ribs. In Kansas City, they''re all about the sauce, and for our saucy Kansas City Sticky Ribs, we found a surprise ingredient-root beer. We also tackle all the best sides. <br />
<br />
   Not sure where or how to start? This cookbook kicks off with an easy-to-follow primer that will get newcomers all fired up. Whether you want to entertain a crowd or just want to learn to make perfect burgers, Best Grilling Recipes shows you the way.</p>', N'', 5, 0, N'', N'', N'', N'', 1, 1, 0, 0, 1, 0, CAST(0x00009BE300BA0570 AS DateTime), CAST(0x00009D7F0080C9B7 AS DateTime))
INSERT [dbo].[Nop_Product] ([ProductId], [Name], [ShortDescription], [FullDescription], [AdminComment], [TemplateID], [ShowOnHomePage], [MetaKeywords], [MetaDescription], [MetaTitle], [SEName], [AllowCustomerReviews], [AllowCustomerRatings], [RatingSum], [TotalRatingVotes], [Published], [Deleted], [CreatedOn], [UpdatedOn]) VALUES (64, N'HP IQ506 TouchSmart Desktop PC', N'', N'<p>Redesigned with a next-generation, touch-enabled 22-inch high-definition LCD screen, the HP TouchSmart IQ506 all-in-one desktop PC is designed to fit wherever life happens: in the kitchen, family room, or living room. With one touch you can check the weather, download your e-mail, or watch your favorite TV show. It''s also designed to maximize energy, with a power-saving Intel Core 2 Duo processor and advanced power management technology, as well as material efficiency--right down to the packaging. It has a sleek piano black design with elegant espresso side-panel highlights, and the HP Ambient Light lets you set a mood--or see your keyboard in the dark.</p>', N'', 5, 0, N'', N'', N'', N'', 1, 1, 0, 0, 1, 0, CAST(0x00009BE300C1CAD5 AS DateTime), CAST(0x00009D7F00812D24 AS DateTime))
INSERT [dbo].[Nop_Product] ([ProductId], [Name], [ShortDescription], [FullDescription], [AdminComment], [TemplateID], [ShowOnHomePage], [MetaKeywords], [MetaDescription], [MetaTitle], [SEName], [AllowCustomerReviews], [AllowCustomerRatings], [RatingSum], [TotalRatingVotes], [Published], [Deleted], [CreatedOn], [UpdatedOn]) VALUES (65, N'HP Pavilion Elite M9150F Desktop PC', N'Top-of-the-line multimedia desktop featuring 2.4 GHz Intel Core 2 Quad Processor Q6600 with four lightning fast execution cores', N'<p>The updated chassis with sleek piano black paneling and components is far from the most significant improvements in the multimedia powerhouse HP Pavilion Elite m9150f desktop PC. It''s powered by Intel''s newest processor--the 2.4 GHz Intel Core 2 Quad Q6600--which delivers four complete execution cores within a single processor for unprecedented performance and responsiveness in multi-threaded and multi-tasking business/home environments. You can also go wireless and clutter-free with wireless keyboard, mouse, and remote control, and it includes the next step in Wi-Fi networking with a 54g wireless LAN (802.11b/g).</p>', N'', 5, 0, N'', N'', N'', N'', 1, 1, 0, 0, 1, 0, CAST(0x00009BE300C23D02 AS DateTime), CAST(0x00009D7F00812B96 AS DateTime))
INSERT [dbo].[Nop_Product] ([ProductId], [Name], [ShortDescription], [FullDescription], [AdminComment], [TemplateID], [ShowOnHomePage], [MetaKeywords], [MetaDescription], [MetaTitle], [SEName], [AllowCustomerReviews], [AllowCustomerRatings], [RatingSum], [TotalRatingVotes], [Published], [Deleted], [CreatedOn], [UpdatedOn]) VALUES (66, N'Compaq Presario SR1519X Pentium 4 Desktop PC with CDRW', N'Hewlett Packard Desktop PC', N'<p>Compaq Presario PCs give you solid performance, ease of use, and deliver just what you need so you can do more with less effort. Whether you are e-mailing family, balancing your online checkbook or creating school projects, the Presario is the right PC for you.</p>', N'', 5, 0, N'', N'', N'', N'', 1, 1, 0, 0, 1, 0, CAST(0x00009BE300C344E1 AS DateTime), CAST(0x00009D7F00812F15 AS DateTime))
INSERT [dbo].[Nop_Product] ([ProductId], [Name], [ShortDescription], [FullDescription], [AdminComment], [TemplateID], [ShowOnHomePage], [MetaKeywords], [MetaDescription], [MetaTitle], [SEName], [AllowCustomerReviews], [AllowCustomerRatings], [RatingSum], [TotalRatingVotes], [Published], [Deleted], [CreatedOn], [UpdatedOn]) VALUES (67, N'Build your own computer', N'Build it', N'<p>Fight back against cluttered workspaces with the stylish Sony VAIO JS All-in-One desktop PC, featuring powerful computing resources and a stunning 20.1-inch widescreen display with stunning XBRITE-HiColor LCD technology. The silver Sony VAIO VGC-JS110J/S has a built-in microphone and MOTION EYE camera with face-tracking technology that allows for easy communication with friends and family. And it has a built-in DVD burner and Sony''s Movie Store software so you can create a digital entertainment library for personal viewing at your convenience. Easy to setup and even easier to use, this JS-series All-in-One includes an elegantly designed keyboard and a USB mouse.</p>', N'', 4, 1, N'', N'', N'', N'', 1, 1, 0, 0, 1, 0, CAST(0x00009BE300C42DDD AS DateTime), CAST(0x00009D7F008130AD AS DateTime))
INSERT [dbo].[Nop_Product] ([ProductId], [Name], [ShortDescription], [FullDescription], [AdminComment], [TemplateID], [ShowOnHomePage], [MetaKeywords], [MetaDescription], [MetaTitle], [SEName], [AllowCustomerReviews], [AllowCustomerRatings], [RatingSum], [TotalRatingVotes], [Published], [Deleted], [CreatedOn], [UpdatedOn]) VALUES (68, N'ASUS Eee PC 900HA 8.9-Inch Netbook Black', N'High Speed Connectivity Anywhere with Wi-Fi 802.11b/g.', N'<p>Much more compact than a standard-sized notebook and weighing just 2.5 pounds, the Eee PC 900HA is perfect for students toting to school or road warriors packing away to Wi-Fi hotspots. In addition to the 160 GB hard disk drive (HDD), the Eee PC 900HA also features 1 GB of RAM, VGA-resolution webcam integrated into the bezel above the LCD, 54g Wi-Fi networking (802.11b/g), multiple USB ports, SD memory card slot, a VGA output for connecting to a monitor, and up to 10 GB of online storage (complimentary for 18 months).</p>
<p>It comes preinstalled with the Microsoft Windows XP Home operating system, which offers more experienced users an enhanced and innovative experience that incorporates Windows Live features like Windows Live Messenger for instant messaging and Windows Live Mail for consolidated email accounts on your desktop. Complementing this is Microsoft Works, which equips the user with numerous office applications to work efficiently.</p>', N'', 5, 0, N'', N'', N'', N'', 1, 1, 0, 0, 1, 0, CAST(0x00009BE300CB3CF9 AS DateTime), CAST(0x00009E3100A06392 AS DateTime))
INSERT [dbo].[Nop_Product] ([ProductId], [Name], [ShortDescription], [FullDescription], [AdminComment], [TemplateID], [ShowOnHomePage], [MetaKeywords], [MetaDescription], [MetaTitle], [SEName], [AllowCustomerReviews], [AllowCustomerRatings], [RatingSum], [TotalRatingVotes], [Published], [Deleted], [CreatedOn], [UpdatedOn]) VALUES (69, N'Toshiba Satellite A305-S6908 15.4-Inch Laptop', N'Stylish, highly versatile laptop with 15.4-inch LCD, webcam integrated into bezel, and high-gloss finish', N'<p>It''s powered by the 2.0 GHz Intel Core 2 Duo T6400 processor, which boosts speed, reduces power requirements, and saves on battery life. It also offers a fast 800 MHz front-side bus speed and 2 MB L2 cache. It also includes Intel''s 5100AGN wireless LAN, which will connect to draft 802.11n routers and offers compatibility with 802.11a/b/g networks as well. Other features include an enormous 250 GB hard drive,&nbsp;1 GB of installed RAM (max capacity), dual-layer DVD±RW burner (with Labelflash disc printing), ExpressCard 54/34 slot, a combo USB/eSATA port, SPDIF digital audio output for surround sound, and a 5-in-1 memory card adapter.</p>
<p>This PC comes preinstalled with the 64-bit version of Microsoft Windows Vista Home Premium (SP1), which includes all of the Windows Media Center capabilities for turning your PC into an all-in-one home entertainment center. In addition to easily playing your DVD movies and managing your digital audio library, you''ll be able to record and watch your favorite TV shows (even HDTV). Vista also integrates new search tools throughout the operating system, includes new parental control features, and offers new tools that can warn you of impending hardware failures</p>', N'', 5, 0, N'', N'', N'', N'', 1, 1, 0, 0, 1, 0, CAST(0x00009BE300CBB68D AS DateTime), CAST(0x00009D7F0081AF09 AS DateTime))
INSERT [dbo].[Nop_Product] ([ProductId], [Name], [ShortDescription], [FullDescription], [AdminComment], [TemplateID], [ShowOnHomePage], [MetaKeywords], [MetaDescription], [MetaTitle], [SEName], [AllowCustomerReviews], [AllowCustomerRatings], [RatingSum], [TotalRatingVotes], [Published], [Deleted], [CreatedOn], [UpdatedOn]) VALUES (70, N'ASUS Eee PC 1000HA 10-Inch Netbook', N'Super Hybrid Engine offers a choice of performance and power consumption modes for easy adjustments according to various needs', N'<p>Much more compact than a standard-sized notebook and weighing just over 3 pounds, the Eee PC 1000HA is perfect for students toting to school or road warriors packing away to Wi-Fi hotspots. The Eee PC 1000HA also features a 160 GB hard disk drive (HDD), 1 GB of RAM, 1.3-megapixel webcam integrated into the bezel above the LCD, 54g Wi-Fi networking (802.11b/g), Secure Digital memory card slot, multiple USB ports, a VGA output for connecting to a monitor.</p>
<p>It comes preinstalled with the Microsoft Windows XP Home operating system, which offers more experienced users an enhanced and innovative experience that incorporates Windows Live features like Windows Live Messenger for instant messaging and Windows Live Mail for consolidated email accounts on your desktop. Complementing this is Microsoft Works, which equips the user with numerous office applications to work efficiently.</p>
<p>The new Eee PC 1000HA has a customized, cutting-edge Infusion casing technology in Fine Ebony. Inlaid within the chassis itself, the motifs are an integral part of the entire cover and will not fade with time. The Infusion surface also provides a new level of resilience, providing scratch resistance and a beautiful style while out and about.</p>', N'', 5, 0, N'', N'', N'', N'', 1, 1, 0, 0, 1, 0, CAST(0x00009BE300CC482F AS DateTime), CAST(0x00009E3100A035AF AS DateTime))
INSERT [dbo].[Nop_Product] ([ProductId], [Name], [ShortDescription], [FullDescription], [AdminComment], [TemplateID], [ShowOnHomePage], [MetaKeywords], [MetaDescription], [MetaTitle], [SEName], [AllowCustomerReviews], [AllowCustomerRatings], [RatingSum], [TotalRatingVotes], [Published], [Deleted], [CreatedOn], [UpdatedOn]) VALUES (71, N'HP Pavilion G60-230US 16.0-Inch Laptop', N'Streamlined multimedia laptop with 16-inch screen for basic computing, entertainment and online communication', N'<p>Chat face to face, or take pictures and video clips with the webcam and integrated digital microphone. Play games and enhance multimedia with the Intel GMA 4500M with up to 1309 MB of total available graphics memory. And enjoy movies or music in seconds with the external DVD or music buttons to launch HP QuickPlay (which bypasses the boot process).  It offers dual-core productivity from its 2.0 GHz Intel Pentium T4200 processor for excellent multitasking. Other features include a 320 GB hard drive, 3 GB of installed RAM (4 GB maximum capacity), dual-layer DVD±RW drive (which also burns CDs), quad-mode Wi-Fi (802.11a/b/g/n), 5-in-1 memory card reader, and pre-installed Windows Vista Home Premium (SP1).</p>', N'', 5, 0, N'', N'', N'', N'', 1, 1, 0, 0, 1, 0, CAST(0x00009BE300CCA3C1 AS DateTime), CAST(0x00009D7F0081AC87 AS DateTime))
INSERT [dbo].[Nop_Product] ([ProductId], [Name], [ShortDescription], [FullDescription], [AdminComment], [TemplateID], [ShowOnHomePage], [MetaKeywords], [MetaDescription], [MetaTitle], [SEName], [AllowCustomerReviews], [AllowCustomerRatings], [RatingSum], [TotalRatingVotes], [Published], [Deleted], [CreatedOn], [UpdatedOn]) VALUES (72, N'HP Pavilion Artist Edition DV2890NR 14.1-inch Laptop', N'Unique Asian-influenced HP imprint wraps the laptop both inside and out', N'<p>Optimize your mobility with a BrightView 14.1-inch display that has the same viewable area as a 15.4-inch screen--in a notebook that weighs a pound less. Encouraging more direct interaction, the backlit media control panel responds to the touch or sweep of a finger. Control settings for audio and video playback from up to 10 feet away with the included HP remote, then store it conveniently in the PC card slot. Enjoy movies or music in seconds with the external DVD or music buttons to launch HP QuickPlay (which bypasses the boot process).</p>
<p>It''s powered by the 1.83 GHz Intel Core 2 Duo T5550 processor, which provides an optimized, multithreaded architecture for improved gaming and multitasking performance, as well as excellent battery management. It also includes Intel''s 4965 AGN wireless LAN, which will connect to draft 802.11n routers and offers compatibility with 802.11a/b/g networks as well. It also features a 250 GB hard drive, 3 GB of installed RAM (4 GB maximum), LighScribe dual-layer DVD±R burner, HDMI port for connecting to an HDTV, and Nvidia GeForce Go 8400M GS video/graphics card with up to 1407 MB of total allocated video memory (128 MB dedicated). It also includes an integrated Webcam in the LCD''s bezel and an omnidirectional microphone for easy video chats.</p>', N'', 5, 0, N'', N'', N'', N'', 1, 1, 0, 0, 1, 0, CAST(0x00009BE300CDDF7F AS DateTime), CAST(0x00009D7F0081A9A2 AS DateTime))
INSERT [dbo].[Nop_Product] ([ProductId], [Name], [ShortDescription], [FullDescription], [AdminComment], [TemplateID], [ShowOnHomePage], [MetaKeywords], [MetaDescription], [MetaTitle], [SEName], [AllowCustomerReviews], [AllowCustomerRatings], [RatingSum], [TotalRatingVotes], [Published], [Deleted], [CreatedOn], [UpdatedOn]) VALUES (73, N'Acer Aspire One 8.9" Mini-Notebook Case - (Black)', N'its Acer Aspire One 8.9" Mini-Notebook and 6 Cell Battery model (AOA150-1447)', N'<p>Acer Aspire One 8.9&quot; Memory Foam Pouch is the perfect fit for Acer Aspire One 8.9&quot;. This pouch is made out of premium quality shock absorbing memory form and it provides extra protection even though case is very light and slim. This pouch is water resistant and has internal supporting bands for Acer Aspire One 8.9&quot;. Made In Korea.</p>', N'', 5, 0, N'', N'', N'', N'', 1, 1, 0, 0, 1, 0, CAST(0x00009BE300D70E19 AS DateTime), CAST(0x00009D7F0081DE7F AS DateTime))
INSERT [dbo].[Nop_Product] ([ProductId], [Name], [ShortDescription], [FullDescription], [AdminComment], [TemplateID], [ShowOnHomePage], [MetaKeywords], [MetaDescription], [MetaTitle], [SEName], [AllowCustomerReviews], [AllowCustomerRatings], [RatingSum], [TotalRatingVotes], [Published], [Deleted], [CreatedOn], [UpdatedOn]) VALUES (74, N'Kensington 33117 International All-in-One Travel Plug Adapter', N'Includes plug adapters for use in more than 150 countries', N'<p>The Kensington 33117 Travel Plug Adapter is a pocket-sized power adapter for go-anywhere convenience. This all-in-one unit provides plug adapters for use in more than 150 countries, so you never need to be at a loss for power again. The Kensington 33117 is easy to use, with slide-out power plugs that ensure you won''t lose any vital pieces, in a compact, self-contained unit that eliminates any hassles. This all-in-one plug adapts power outlets for laptops, chargers, and similar devices, and features a safety release button and built-in fuse to ensure safe operation. The Kensington 33117 does not reduce or convert electrical voltage, is suitable for most consumer electronics ranging from 110-volts to Mac 275-watts, to 220-volts to Mac 550-watts. Backed by Kensington''s one-year warranty, this unit weighs 0.5, and measures 1.875 x 2 x 2.25 inches (WxDxH). Please note that this adapter is not designed for use with high-watt devices such as hairdryers and irons, so users should check electronic device specifications before using.</p>', N'', 5, 0, N'', N'', N'', N'', 1, 1, 0, 0, 1, 0, CAST(0x00009BE300D78BB1 AS DateTime), CAST(0x00009D7F0081E3DD AS DateTime))
INSERT [dbo].[Nop_Product] ([ProductId], [Name], [ShortDescription], [FullDescription], [AdminComment], [TemplateID], [ShowOnHomePage], [MetaKeywords], [MetaDescription], [MetaTitle], [SEName], [AllowCustomerReviews], [AllowCustomerRatings], [RatingSum], [TotalRatingVotes], [Published], [Deleted], [CreatedOn], [UpdatedOn]) VALUES (75, N'APC Back-UPS RS 800VA - UPS - 800 VA - UPS battery - lead acid ( BR800BLK )', N'APC Back-UPS RS, 800VA/540W, Input 120V/Output 120V, Interface Port USB. ', N'<p>The Back-UPS RS offers high performance protection for your business and office computer systems. It provides abundant battery backup power, allowing you to work through medium and extended length power outages. It also safeguards your equipment from damaging surges and spikes that travel along utility, phone and network lines. A distinguishing feature of the Back-UPS RS is automatic voltage regulation (AVR). AVR instantly adjusts both low and high voltages to safe levels, so you can work indefinitely during brownouts and overvoltage situations, saving the battery for power outages when you need it most. Award-winning shutdown software automatically powers down your computer system in the event of an extended power outage.</p>', N'', 5, 0, N'', N'', N'', N'', 1, 1, 0, 0, 1, 0, CAST(0x00009BE300D80115 AS DateTime), CAST(0x00009D7F0081E0BB AS DateTime))
INSERT [dbo].[Nop_Product] ([ProductId], [Name], [ShortDescription], [FullDescription], [AdminComment], [TemplateID], [ShowOnHomePage], [MetaKeywords], [MetaDescription], [MetaTitle], [SEName], [AllowCustomerReviews], [AllowCustomerRatings], [RatingSum], [TotalRatingVotes], [Published], [Deleted], [CreatedOn], [UpdatedOn]) VALUES (76, N'World of Warcraft: Wrath of the Lich King Expansion Pack', N'This expansion pack REQUIRES the original World of Warcraft game in order to run', N'<p>Fans of World of Warcraft, prepare for Blizzard Entertainment''s next installment -- World of Warcraft: Wrath of King Lich. In this latest expansion, something is afoot in the cold, harsh northlands. The Lich King Arthas has set in motion events that could lead to the extinction of all life on Azeroth. The necromantic power of the plague and legions of undead armies threaten to sweep across the land. Only the mightiest heroes can oppose the Lich King and end his reign of terror.</p>
<p>This expansion adds a host of content to the already massive existing game world. Players will achieve soaring levels of power, explore Northrend (the vast icy continent of the Lich King), and battle high-level heroes to determine the ultimate fate of Azeroth. As you face the dangers of the frigid, harsh north, prepare to master the dark necromantic powers of the Death Night -- World of Warcraft''s first Hero class. No longer servants of the Lich King, the Death Knights begin their new calling as experienced, formidable adversaries. Each is heavily armed, armored, and in possession of a deadly arsenal of forbidden magic.</p>
<p>If you have a World of Warcraft account with a character of at least level 55, you will be able to create a new level-55 Death Knight of any race (if on a PvP realm, the Death Knight must be the same faction as your existing character). And upon entering the new world, your Death Knight will begin to quest to level 80, gaining potent new abilities and talents along the way. This expansion allows for only one Death Knight per realm, per account.</p>', N'', 5, 0, N'', N'', N'', N'', 1, 1, 0, 0, 1, 0, CAST(0x00009BE300DCF8F7 AS DateTime), CAST(0x00009D7F00820700 AS DateTime))
INSERT [dbo].[Nop_Product] ([ProductId], [Name], [ShortDescription], [FullDescription], [AdminComment], [TemplateID], [ShowOnHomePage], [MetaKeywords], [MetaDescription], [MetaTitle], [SEName], [AllowCustomerReviews], [AllowCustomerRatings], [RatingSum], [TotalRatingVotes], [Published], [Deleted], [CreatedOn], [UpdatedOn]) VALUES (77, N'Major League Baseball 2K9', N'Take charge of your franchise and enjoy the all-new MLB.com presentation style', N'<p>Major League Baseball 2K9 captures the essence of baseball down to some of the most minute, player- specific details including batting stances, pitching windups and signature swings. 2K Sports has gone above and beyond the call of duty to deliver this in true major league fashion. Additionally, gameplay enhancements in pitching, batting, fielding and base running promise this year''s installment to be user-friendly and enjoyable for rookies or veterans. New commentary and presentation provide the icing to this ultimate baseball experience. If you really want to Play Ball this is the game for you.</p>', N'', 5, 0, N'', N'', N'', N'', 1, 1, 0, 0, 1, 0, CAST(0x00009BE300DE29B6 AS DateTime), CAST(0x00009E3100A0D336 AS DateTime))
INSERT [dbo].[Nop_Product] ([ProductId], [Name], [ShortDescription], [FullDescription], [AdminComment], [TemplateID], [ShowOnHomePage], [MetaKeywords], [MetaDescription], [MetaTitle], [SEName], [AllowCustomerReviews], [AllowCustomerRatings], [RatingSum], [TotalRatingVotes], [Published], [Deleted], [CreatedOn], [UpdatedOn]) VALUES (78, N'World Wide Soccer Manager 2009', N'Worldwide Soccer Manager 2009 from Sega for the PC or Mac is an in-depth soccer management game', N'<p>Worldwide Soccer Manager 2009 from Sega for the PC or Mac is an in-depth soccer management game. At the helm, you''ll enter the new season with a wide array of all-new features. The most impressive update is the first-time-ever, real-time 3D match engine with motion captured animations. With over 5,000 playable teams and every management decision in the palm of your hand, you''ll love watching your matches and decisions unfold from multiple camera angles as you compete in leagues around the world and major international tournaments.</p>
<p>Watch your match in real-time, or use the Match Time Bar to fast-forward through sluggish minutes or rewind key moments in the game. With this customization at your fingertips you can also choose the information you''d like to see during the match, such as latest scores or player performance stats for the match.</p>', N'', 5, 0, N'', N'', N'', N'', 1, 1, 0, 0, 1, 0, CAST(0x00009BE300DF2B54 AS DateTime), CAST(0x00009E3100A0DD69 AS DateTime))
INSERT [dbo].[Nop_Product] ([ProductId], [Name], [ShortDescription], [FullDescription], [AdminComment], [TemplateID], [ShowOnHomePage], [MetaKeywords], [MetaDescription], [MetaTitle], [SEName], [AllowCustomerReviews], [AllowCustomerRatings], [RatingSum], [TotalRatingVotes], [Published], [Deleted], [CreatedOn], [UpdatedOn]) VALUES (79, N'Adobe Photoshop Elements 7', N'Easily find and view all your photos', N'<p>Adobe Photoshop Elements 7 software combines power and simplicity so you can make ordinary photos extraordinary; tell engaging stories in beautiful, personalized creations for print and web; and easily find and view all your photos. New Photoshop.com membership* works with Photoshop Elements so you can protect your photos with automatic online backup and 2 GB of storage; view your photos anywhere you are; and share your photos in fun, interactive ways with invitation-only Online Albums.</p>', N'', 5, 0, N'', N'', N'', N'', 1, 1, 0, 0, 1, 0, CAST(0x00009BE300E6ED70 AS DateTime), CAST(0x00009E3100A0F6A9 AS DateTime))
INSERT [dbo].[Nop_Product] ([ProductId], [Name], [ShortDescription], [FullDescription], [AdminComment], [TemplateID], [ShowOnHomePage], [MetaKeywords], [MetaDescription], [MetaTitle], [SEName], [AllowCustomerReviews], [AllowCustomerRatings], [RatingSum], [TotalRatingVotes], [Published], [Deleted], [CreatedOn], [UpdatedOn]) VALUES (80, N'Corel Paint Shop Pro Photo X2', N'The ideal choice for any aspiring photographer''s digital darkroom', N'<p>orel Paint Shop Pro Photo X2 is the ideal choice for any aspiring photographer''s digital darkroom. Fix brightness, color, and photo flaws in a few clicks; use precision editing tools to create the picture you want; give photos a unique, exciting look using hundreds of special effects, and much more! Plus, the NEW one-of-a-kind Express Lab helps you quickly view and fix dozens of photos in the time it used to take to edit a few. Paint Shop Pro Photo X2 even includes a built-in Learning Center to help you get started, it''s the easiest way to get professional-looking photos - fast!</p>', N'', 5, 0, N'', N'', N'', N'', 1, 1, 0, 0, 1, 0, CAST(0x00009BE300E799AD AS DateTime), CAST(0x00009E3100A10299 AS DateTime))
INSERT [dbo].[Nop_Product] ([ProductId], [Name], [ShortDescription], [FullDescription], [AdminComment], [TemplateID], [ShowOnHomePage], [MetaKeywords], [MetaDescription], [MetaTitle], [SEName], [AllowCustomerReviews], [AllowCustomerRatings], [RatingSum], [TotalRatingVotes], [Published], [Deleted], [CreatedOn], [UpdatedOn]) VALUES (81, N'Samsung Rugby A837 Phone, Black (AT&T)', N'Ruggedized 3G handset in black great for outdoor workforces', N'<p>Ideal for on-site field services, the ruggedized Samsung Rugby for AT&amp;T can take just about anything you can throw at it. This highly durable handset is certified to Military Standard MIL-STD 810F standards that''s perfect for users like construction foremen and landscape designers. In addition to access to AT&amp;T Navigation turn-by-turn direction service, the Rugby also features compatibility with Push to Talk communication, Enterprise Paging, and AT&amp;T''s breakthrough Video Share calling services. This quad-band GSM phone runs on AT&amp;T''s dual-band 3G (HSDPA/UMTS) network, for fast downloads and seamless video calls. It also offers a 1.3-megapixel camera, microSD memory expansion to 8 GB, Bluetooth for handsfree communication and stereo music streaming, access to personal email and instant messaging, and up to 5 hours of talk time.</p>', N'', 5, 0, N'', N'', N'', N'', 1, 1, 0, 0, 1, 0, CAST(0x00009BE300ED4B43 AS DateTime), CAST(0x00009E3100A2DF21 AS DateTime))
INSERT [dbo].[Nop_Product] ([ProductId], [Name], [ShortDescription], [FullDescription], [AdminComment], [TemplateID], [ShowOnHomePage], [MetaKeywords], [MetaDescription], [MetaTitle], [SEName], [AllowCustomerReviews], [AllowCustomerRatings], [RatingSum], [TotalRatingVotes], [Published], [Deleted], [CreatedOn], [UpdatedOn]) VALUES (82, N'BlackBerry Bold 9000 Phone, Black (AT&T)', N'lobal Blackberry messaging smartphone with quad-band GSM', N'<p>Keep yourself on track for your next meeting with turn-by-turn directions via the AT&amp;T Navigator service, which is powered by TeleNav and provides spoken or text-based turn-by-turn directions with automatic missed turn rerouting and a local business finder service in 20 countries. It also supports AT&amp;T mobile music services and access to thousands of video clips via Cellular Video. Other features include a 2-megapixel camera/camcorder, Bluetooth for handsfree communication, 1 GB of internal memory with MicroSD expansion (up to 32 GB), multi-format audio/video playback, and up to 4.5 hours of talk time.</p>
<p>The Blackberry Bold also comes with free access to AT&amp;T Wi-Fi Hotspots, available at more than 17,000 locations nationwide including Starbucks. The best part is that you do''nt need to sign up for anything new to use this service--Wi-Fi access for is included in all Blackberry Personal and Enterprise Rate Plans. (You must subscribe to a Blackberry Data Rate Plan to access AT&amp;T Wi-Fi Hotspots.) Additionally, the Blackberry Bold is the first RIM device that supports AT&amp;T Cellular Video (CV).</p>', N'', 5, 0, N'', N'', N'', N'', 1, 1, 0, 0, 1, 0, CAST(0x00009BE300EE3781 AS DateTime), CAST(0x00009E3100A2E988 AS DateTime))
INSERT [dbo].[Nop_Product] ([ProductId], [Name], [ShortDescription], [FullDescription], [AdminComment], [TemplateID], [ShowOnHomePage], [MetaKeywords], [MetaDescription], [MetaTitle], [SEName], [AllowCustomerReviews], [AllowCustomerRatings], [RatingSum], [TotalRatingVotes], [Published], [Deleted], [CreatedOn], [UpdatedOn]) VALUES (83, N'Canon VIXIA HF100 Camcorder', N'12x optical zoom; SuperRange Optical Image Stabilizer', N'<p>From Canon''s long history of optical excellence, advanced image processing, superb performance and technological innovation in photographic and broadcast television cameras comes the latest in high definition camcorders. <br />
<br />
  Now, with the light, compact Canon VIXIA HF100, you can have stunning AVCHD (Advanced Video Codec High Definition) format recording with the ease and numerous benefits of Flash Memory. It''s used in some of the world''s most innovative electronic products such as laptop computers, MP3 players, PDAs and cell phones. <br />
<br />
  Add to that the VIXIA HF100''s Canon Exclusive features such as our own 3.3 Megapixel Full HD CMOS sensor and advanced DIGIC DV II Image Processor, SuperRange Optical Image Stabilization, Instant Auto Focus, our 2.7-inch Widescreen Multi-Angle Vivid LCD and the Genuine Canon 12x HD video zoom lens and you have a Flash Memory camcorder that''s hard to beat.</p>', N'', 5, 0, N'', N'', N'', N'', 1, 1, 0, 0, 1, 0, CAST(0x00009BE300EFF7CD AS DateTime), CAST(0x00009D7F00826A01 AS DateTime))
INSERT [dbo].[Nop_Product] ([ProductId], [Name], [ShortDescription], [FullDescription], [AdminComment], [TemplateID], [ShowOnHomePage], [MetaKeywords], [MetaDescription], [MetaTitle], [SEName], [AllowCustomerReviews], [AllowCustomerRatings], [RatingSum], [TotalRatingVotes], [Published], [Deleted], [CreatedOn], [UpdatedOn]) VALUES (84, N'Sony DCR-SR85 1MP 60GB Hard Drive Handycam Camcorder', N'Capture video to hard disk drive; 60 GB storage', N'<p>You’ll never miss a moment because of switching tapes or discs with the DCR-SR85. Its built-in 60GB hard disk drive offers plenty of storage as you zero in on your subjects with the professional-quality Carl Zeiss Vario-Tessar lens and a powerful 25x optical/2000x digital zoom. Compose shots using the 2.7-inch wide (16:9) touch-panel LCD display, and maintain total control and clarity with the Super SteadyShot image stabilization system. Hybrid recording technology even gives you the choice to record video to either the internal hard disk drive or removable Memory Stick Pro Duo media.</p>', N'', 5, 0, N'', N'', N'', N'', 1, 1, 0, 0, 1, 0, CAST(0x00009BE300F06FAD AS DateTime), CAST(0x00009D7F0082681A AS DateTime))
INSERT [dbo].[Nop_Product] ([ProductId], [Name], [ShortDescription], [FullDescription], [AdminComment], [TemplateID], [ShowOnHomePage], [MetaKeywords], [MetaDescription], [MetaTitle], [SEName], [AllowCustomerReviews], [AllowCustomerRatings], [RatingSum], [TotalRatingVotes], [Published], [Deleted], [CreatedOn], [UpdatedOn]) VALUES (85, N'Canon Digital Rebel XSi 12.2 MP Digital SLR Camera', N'12.2-megapixel CMOS sensor captures enough detail for poster-size, photo-quality prints', N'<p>For stunning photography with point and shoot ease, look no further than Canon&rsquo;s EOS Rebel XSi. The EOS Rebel XSi brings staggering technological innovation to the masses. It features Canon&rsquo;s EOS Integrated Cleaning System, Live View Function, a powerful DIGIC III Image Processor, plus a new 12.2-megapixel CMOS sensor and is available in a kit with the new EF-S 18-55mm f/3.5-5.6 IS lens with Optical Image Stabilizer. The EOS Rebel XSi&rsquo;s refined, ergonomic design includes a new 3.0-inch LCD monitor, compatibility with SD and SDHC memory cards and new accessories that enhance every aspect of the photographic experience.</p>', N'', 4, 0, N'', N'', N'', N'', 1, 1, 0, 0, 1, 0, CAST(0x00009BE300F163C5 AS DateTime), CAST(0x00009E3100A126BE AS DateTime))
INSERT [dbo].[Nop_Product] ([ProductId], [Name], [ShortDescription], [FullDescription], [AdminComment], [TemplateID], [ShowOnHomePage], [MetaKeywords], [MetaDescription], [MetaTitle], [SEName], [AllowCustomerReviews], [AllowCustomerRatings], [RatingSum], [TotalRatingVotes], [Published], [Deleted], [CreatedOn], [UpdatedOn]) VALUES (86, N'Custom T-Shirt', N'T-Shirt - Add Your Content', N'', N'', 4, 0, N'', N'', N'', N'', 1, 1, 0, 0, 1, 0, CAST(0x00009BE600F3F592 AS DateTime), CAST(0x00009D7F0082D939 AS DateTime))
INSERT [dbo].[Nop_Product] ([ProductId], [Name], [ShortDescription], [FullDescription], [AdminComment], [TemplateID], [ShowOnHomePage], [MetaKeywords], [MetaDescription], [MetaTitle], [SEName], [AllowCustomerReviews], [AllowCustomerRatings], [RatingSum], [TotalRatingVotes], [Published], [Deleted], [CreatedOn], [UpdatedOn]) VALUES (87, N'The Battle Of Los Angeles', N'The Battle Of Los Angeles by Rage Against The Machine', N'<p># Original Release Date: November 2, 1999<br />
 # Label: Epic<br />
 # Copyright: 1999 Sony Music Entertainment Inc. (c) 1999 Sony Music Entertainment Inc.</p>', N'', 5, 0, N'', N'', N'', N'', 1, 1, 0, 0, 1, 0, CAST(0x00009BE6010A4809 AS DateTime), CAST(0x00009D7F00835712 AS DateTime))
INSERT [dbo].[Nop_Product] ([ProductId], [Name], [ShortDescription], [FullDescription], [AdminComment], [TemplateID], [ShowOnHomePage], [MetaKeywords], [MetaDescription], [MetaTitle], [SEName], [AllowCustomerReviews], [AllowCustomerRatings], [RatingSum], [TotalRatingVotes], [Published], [Deleted], [CreatedOn], [UpdatedOn]) VALUES (88, N'$5 Virtual Gift Card', N'$5 Gift Card. Gift Cards must be redeemed through our site Web site toward the purchase of eligible products.', N'Gift Cards must be redeemed through our site Web site toward the purchase of eligible products. Purchases are deducted from the GiftCard balance. Any unused balance will be placed in the recipient''s GiftCard account when redeemed. If an order exceeds the amount of the GiftCard, the balance must be paid with a credit card or other available payment method.<br />', N'', 5, 0, N'', N'', N'', N'', 1, 1, 0, 0, 1, 0, CAST(0x00009D30009322E2 AS DateTime), CAST(0x00009DDA0092C958 AS DateTime))
INSERT [dbo].[Nop_Product] ([ProductId], [Name], [ShortDescription], [FullDescription], [AdminComment], [TemplateID], [ShowOnHomePage], [MetaKeywords], [MetaDescription], [MetaTitle], [SEName], [AllowCustomerReviews], [AllowCustomerRatings], [RatingSum], [TotalRatingVotes], [Published], [Deleted], [CreatedOn], [UpdatedOn]) VALUES (89, N'$25 Virtual Gift Card', N'$25 Gift Card. Gift Cards must be redeemed through our site Web site toward the purchase of eligible products.', N'Gift Cards must be redeemed through our site Web site toward the purchase of eligible products. Purchases are deducted from the GiftCard balance. Any unused balance will be placed in the recipient''s GiftCard account when redeemed. If an order exceeds the amount of the GiftCard, the balance must be paid with a credit card or other available payment method.<br />', N'', 5, 1, N'', N'', N'', N'', 1, 1, 0, 0, 1, 0, CAST(0x00009D30009322E2 AS DateTime), CAST(0x00009DDA0092C678 AS DateTime))
INSERT [dbo].[Nop_Product] ([ProductId], [Name], [ShortDescription], [FullDescription], [AdminComment], [TemplateID], [ShowOnHomePage], [MetaKeywords], [MetaDescription], [MetaTitle], [SEName], [AllowCustomerReviews], [AllowCustomerRatings], [RatingSum], [TotalRatingVotes], [Published], [Deleted], [CreatedOn], [UpdatedOn]) VALUES (90, N'$50 Physical Gift Card', N'$50 Gift Card. Gift Cards must be redeemed through our site Web site toward the purchase of eligible products.', N'Gift Cards must be redeemed through our site Web site toward the purchase of eligible products. Purchases are deducted from the GiftCard balance. Any unused balance will be placed in the recipient''s GiftCard account when redeemed. If an order exceeds the amount of the GiftCard, the balance must be paid with a credit card or other available payment method.<br />', N'', 5, 0, N'', N'', N'', N'', 1, 1, 0, 0, 1, 0, CAST(0x00009DDA00927B9E AS DateTime), CAST(0x00009DDA0092E269 AS DateTime))
INSERT [dbo].[Nop_Product] ([ProductId], [Name], [ShortDescription], [FullDescription], [AdminComment], [TemplateID], [ShowOnHomePage], [MetaKeywords], [MetaDescription], [MetaTitle], [SEName], [AllowCustomerReviews], [AllowCustomerRatings], [RatingSum], [TotalRatingVotes], [Published], [Deleted], [CreatedOn], [UpdatedOn]) VALUES (91, N'$100 Physical Gift Card', N'$100 Gift Card. Gift Cards must be redeemed through our site Web site toward the purchase of eligible products.', N'<p>Gift Cards must be redeemed through our site Web site toward the purchase of eligible products. Purchases are deducted from the GiftCard balance. Any unused balance will be placed in the recipient''s GiftCard account when redeemed. If an order exceeds the amount of the GiftCard, the balance must be paid with a credit card or other available payment method.</p>', N'', 5, 0, N'', N'', N'', N'', 1, 1, 0, 0, 1, 0, CAST(0x00009E3100A39917 AS DateTime), CAST(0x00009E3100A3AC72 AS DateTime))
INSERT [dbo].[Nop_Product] ([ProductId], [Name], [ShortDescription], [FullDescription], [AdminComment], [TemplateID], [ShowOnHomePage], [MetaKeywords], [MetaDescription], [MetaTitle], [SEName], [AllowCustomerReviews], [AllowCustomerRatings], [RatingSum], [TotalRatingVotes], [Published], [Deleted], [CreatedOn], [UpdatedOn]) VALUES (92, N'NIKE Golf Casual Belt', N'NIKE Golf Casual Belt is a great look for in the clubhouse after a round of golf.', N'<p>NIKE Golf Casual Belt is a great look for in the clubhouse after a round of golf. The belt strap is made of full grain oil tanned leather. The buckle is made of antique brushed metal with an embossed Swoosh design on it. This belt features an English beveled edge with rivets on the tab and tip of the 38mm wide strap. Size: 32; Color: Black.</p>', N'', 5, 0, N'', N'', N'', N'', 1, 1, 0, 0, 1, 0, CAST(0x00009E3100A5606B AS DateTime), CAST(0x00009E3100A5607E AS DateTime))
INSERT [dbo].[Nop_Product] ([ProductId], [Name], [ShortDescription], [FullDescription], [AdminComment], [TemplateID], [ShowOnHomePage], [MetaKeywords], [MetaDescription], [MetaTitle], [SEName], [AllowCustomerReviews], [AllowCustomerRatings], [RatingSum], [TotalRatingVotes], [Published], [Deleted], [CreatedOn], [UpdatedOn]) VALUES (93, N'Panasonic HDC-SDT750K, High Definition 3D Camcorder', N'World''s first 3D Shooting Camcorder', N'<p>Unlike previous 3D images that required complex, professional equipment to create, now you can shoot your own. Simply attach the 3D Conversion Lens to the SDT750 for quick and easy 3D shooting. And because the SDT750 features the Advanced 3MOS System, which has gained worldwide popularity, colors are vivid and 3D images are extremely realistic. Let the SDT750 save precious moments for you in true-to-life images.</p>', N'', 5, 0, N'', N'', N'', N'', 1, 1, 0, 0, 1, 0, CAST(0x00009E3100A63674 AS DateTime), CAST(0x00009E3100A636B1 AS DateTime))
INSERT [dbo].[Nop_Product] ([ProductId], [Name], [ShortDescription], [FullDescription], [AdminComment], [TemplateID], [ShowOnHomePage], [MetaKeywords], [MetaDescription], [MetaTitle], [SEName], [AllowCustomerReviews], [AllowCustomerRatings], [RatingSum], [TotalRatingVotes], [Published], [Deleted], [CreatedOn], [UpdatedOn]) VALUES (94, N'Microsoft Bluetooth Notebook Mouse 5000 Mac/Windows', N'Enjoy reliable, transceiver-free wireless connection to your PC with Bluetooth Technology', N'<p>Enjoy wireless freedom with the Microsoft&reg; Bluetooth&reg; Notebook Mouse 5000 &mdash; no transceiver to connect or lose! Keep USB ports free for other devices. And, take it with you in a convenient carrying case (included)</p>', N'', 4, 0, N'', N'', N'', N'', 1, 1, 0, 0, 1, 0, CAST(0x00009E3100A6BCF6 AS DateTime), CAST(0x00009E3100A6BD33 AS DateTime))
INSERT [dbo].[Nop_Product] ([ProductId], [Name], [ShortDescription], [FullDescription], [AdminComment], [TemplateID], [ShowOnHomePage], [MetaKeywords], [MetaDescription], [MetaTitle], [SEName], [AllowCustomerReviews], [AllowCustomerRatings], [RatingSum], [TotalRatingVotes], [Published], [Deleted], [CreatedOn], [UpdatedOn]) VALUES (95, N'Medal of Honor - Limited Edition (Xbox 360)', N'One of the great pioneers in military simulations returns to gaming as the Medal of Honor series depicts modern warfare for the first time, with a harrowing tour of duty in current day Afghanistan.', N'<p>You''ll take control of both ordinary U.S. Army Rangers and Tier 1 Elite Ops Special Forces as you fight enemy insurgents in the most dangerous theatre of war of the modern age. The intense first person combat has been created with input from U.S. military consultants and based on real-life descriptions from veteran soldiers. This allows you to use genuine military tactics and advanced technology including combat drones and targeted air strikes.</p>', N'', 5, 0, N'', N'', N'', N'', 1, 1, 0, 0, 1, 0, CAST(0x00009E3100A78108 AS DateTime), CAST(0x00009E3100A7996C AS DateTime))
SET IDENTITY_INSERT [dbo].[Nop_Product] OFF
GO


SET IDENTITY_INSERT [dbo].[Nop_ProductVariant] ON
INSERT [dbo].[Nop_ProductVariant] ([ProductVariantId], [ProductID], [Name], [SKU], [Description], [AdminComment], [ManufacturerPartNumber], [IsGiftCard], [GiftCardType], [IsDownload], [DownloadID], [UnlimitedDownloads], [MaxNumberOfDownloads], [DownloadExpirationDays], [DownloadActivationType], [HasSampleDownload], [SampleDownloadID], [HasUserAgreement], [UserAgreementText], [IsRecurring], [CycleLength], [CyclePeriod], [TotalCycles], [IsShipEnabled], [IsFreeShipping], [AdditionalShippingCharge], [IsTaxExempt], [TaxCategoryID], [ManageInventory], [StockQuantity], [DisplayStockAvailability], [DisplayStockQuantity], [MinStockQuantity], [LowStockActivityID], [NotifyAdminForQuantityBelow], [Backorders], [OrderMinimumQuantity], [OrderMaximumQuantity], [WarehouseID], [DisableBuyButton], [CallForPrice], [Price], [OldPrice], [ProductCost], [CustomerEntersPrice], [MinimumCustomerEnteredPrice], [MaximumCustomerEnteredPrice], [Weight], [Length], [Width], [Height], [PictureID], [AvailableStartDateTime], [AvailableEndDateTime], [Published], [Deleted], [DisplayOrder], [CreatedOn], [UpdatedOn]) VALUES (54, 45, N'', N'', N'', N'', N'', 0, 0, 0, 0, 1, 0, NULL, 1, 0, 0, 0, N'', 0, 1, 0, 1, 1, 0, 0.0000, 0, 8, 1, 10000, 1, 0, 0, 1, 1, 0, 1, 10000, 0, 0, 0, 130.0000, 0.0000, 0.0000, 0, 0.0000, 1000.0000, CAST(1.0000 AS Decimal(18, 4)), CAST(1.0000 AS Decimal(18, 4)), CAST(1.0000 AS Decimal(18, 4)), CAST(1.0000 AS Decimal(18, 4)), 0, NULL, NULL, 1, 0, 1, CAST(0x00009BE2013713F7 AS DateTime), CAST(0x00009BE20147695B AS DateTime))
INSERT [dbo].[Nop_ProductVariant] ([ProductVariantId], [ProductID], [Name], [SKU], [Description], [AdminComment], [ManufacturerPartNumber], [IsGiftCard], [GiftCardType], [IsDownload], [DownloadID], [UnlimitedDownloads], [MaxNumberOfDownloads], [DownloadExpirationDays], [DownloadActivationType], [HasSampleDownload], [SampleDownloadID], [HasUserAgreement], [UserAgreementText], [IsRecurring], [CycleLength], [CyclePeriod], [TotalCycles], [IsShipEnabled], [IsFreeShipping], [AdditionalShippingCharge], [IsTaxExempt], [TaxCategoryID], [ManageInventory], [StockQuantity], [DisplayStockAvailability], [DisplayStockQuantity], [MinStockQuantity], [LowStockActivityID], [NotifyAdminForQuantityBelow], [Backorders], [OrderMinimumQuantity], [OrderMaximumQuantity], [WarehouseID], [DisableBuyButton], [CallForPrice], [Price], [OldPrice], [ProductCost], [CustomerEntersPrice], [MinimumCustomerEnteredPrice], [MaximumCustomerEnteredPrice], [Weight], [Length], [Width], [Height], [PictureID], [AvailableStartDateTime], [AvailableEndDateTime], [Published], [Deleted], [DisplayOrder], [CreatedOn], [UpdatedOn]) VALUES (55, 46, N'', N'', N'', N'', N'', 0, 0, 0, 0, 1, 0, NULL, 1, 0, 0, 0, N'', 0, 1, 0, 1, 1, 0, 0.0000, 0, 8, 1, 10000, 1, 0, 0, 1, 1, 0, 1, 10000, 0, 0, 0, 360.0000, 0.0000, 0.0000, 0, 0.0000, 1000.0000, CAST(1.0000 AS Decimal(18, 4)), CAST(1.0000 AS Decimal(18, 4)), CAST(1.0000 AS Decimal(18, 4)), CAST(1.0000 AS Decimal(18, 4)), 0, NULL, NULL, 1, 0, 1, CAST(0x00009BE2013E590B AS DateTime), CAST(0x00009BE20147829D AS DateTime))
INSERT [dbo].[Nop_ProductVariant] ([ProductVariantId], [ProductID], [Name], [SKU], [Description], [AdminComment], [ManufacturerPartNumber], [IsGiftCard], [GiftCardType], [IsDownload], [DownloadID], [UnlimitedDownloads], [MaxNumberOfDownloads], [DownloadExpirationDays], [DownloadActivationType], [HasSampleDownload], [SampleDownloadID], [HasUserAgreement], [UserAgreementText], [IsRecurring], [CycleLength], [CyclePeriod], [TotalCycles], [IsShipEnabled], [IsFreeShipping], [AdditionalShippingCharge], [IsTaxExempt], [TaxCategoryID], [ManageInventory], [StockQuantity], [DisplayStockAvailability], [DisplayStockQuantity], [MinStockQuantity], [LowStockActivityID], [NotifyAdminForQuantityBelow], [Backorders], [OrderMinimumQuantity], [OrderMaximumQuantity], [WarehouseID], [DisableBuyButton], [CallForPrice], [Price], [OldPrice], [ProductCost], [CustomerEntersPrice], [MinimumCustomerEnteredPrice], [MaximumCustomerEnteredPrice], [Weight], [Length], [Width], [Height], [PictureID], [AvailableStartDateTime], [AvailableEndDateTime], [Published], [Deleted], [DisplayOrder], [CreatedOn], [UpdatedOn]) VALUES (56, 47, N'', N'', N'', N'', N'', 0, 0, 0, 0, 1, 0, NULL, 1, 0, 0, 0, N'', 0, 1, 0, 1, 1, 0, 0.0000, 0, 8, 1, 10000, 1, 0, 0, 1, 1, 0, 1, 10000, 0, 0, 0, 2100.0000, 0.0000, 0.0000, 0, 0.0000, 1000.0000, CAST(1.0000 AS Decimal(18, 4)), CAST(1.0000 AS Decimal(18, 4)), CAST(1.0000 AS Decimal(18, 4)), CAST(1.0000 AS Decimal(18, 4)), 0, NULL, NULL, 1, 0, 1, CAST(0x00009BE20140500F AS DateTime), CAST(0x00009BE2014872E4 AS DateTime))
INSERT [dbo].[Nop_ProductVariant] ([ProductVariantId], [ProductID], [Name], [SKU], [Description], [AdminComment], [ManufacturerPartNumber], [IsGiftCard], [GiftCardType], [IsDownload], [DownloadID], [UnlimitedDownloads], [MaxNumberOfDownloads], [DownloadExpirationDays], [DownloadActivationType], [HasSampleDownload], [SampleDownloadID], [HasUserAgreement], [UserAgreementText], [IsRecurring], [CycleLength], [CyclePeriod], [TotalCycles], [IsShipEnabled], [IsFreeShipping], [AdditionalShippingCharge], [IsTaxExempt], [TaxCategoryID], [ManageInventory], [StockQuantity], [DisplayStockAvailability], [DisplayStockQuantity], [MinStockQuantity], [LowStockActivityID], [NotifyAdminForQuantityBelow], [Backorders], [OrderMinimumQuantity], [OrderMaximumQuantity], [WarehouseID], [DisableBuyButton], [CallForPrice], [Price], [OldPrice], [ProductCost], [CustomerEntersPrice], [MinimumCustomerEnteredPrice], [MaximumCustomerEnteredPrice], [Weight], [Length], [Width], [Height], [PictureID], [AvailableStartDateTime], [AvailableEndDateTime], [Published], [Deleted], [DisplayOrder], [CreatedOn], [UpdatedOn]) VALUES (57, 48, N'', N'', N'', N'', N'', 0, 0, 0, 0, 1, 0, NULL, 1, 0, 0, 0, N'', 0, 1, 0, 1, 1, 0, 0.0000, 0, 8, 1, 10000, 1, 0, 0, 1, 1, 0, 1, 10000, 0, 0, 0, 569.0000, 0.0000, 0.0000, 0, 0.0000, 1000.0000, CAST(1.0000 AS Decimal(18, 4)), CAST(1.0000 AS Decimal(18, 4)), CAST(1.0000 AS Decimal(18, 4)), CAST(1.0000 AS Decimal(18, 4)), 0, NULL, NULL, 1, 0, 1, CAST(0x00009BE201440489 AS DateTime), CAST(0x00009BE500ADF24F AS DateTime))
INSERT [dbo].[Nop_ProductVariant] ([ProductVariantId], [ProductID], [Name], [SKU], [Description], [AdminComment], [ManufacturerPartNumber], [IsGiftCard], [GiftCardType], [IsDownload], [DownloadID], [UnlimitedDownloads], [MaxNumberOfDownloads], [DownloadExpirationDays], [DownloadActivationType], [HasSampleDownload], [SampleDownloadID], [HasUserAgreement], [UserAgreementText], [IsRecurring], [CycleLength], [CyclePeriod], [TotalCycles], [IsShipEnabled], [IsFreeShipping], [AdditionalShippingCharge], [IsTaxExempt], [TaxCategoryID], [ManageInventory], [StockQuantity], [DisplayStockAvailability], [DisplayStockQuantity], [MinStockQuantity], [LowStockActivityID], [NotifyAdminForQuantityBelow], [Backorders], [OrderMinimumQuantity], [OrderMaximumQuantity], [WarehouseID], [DisableBuyButton], [CallForPrice], [Price], [OldPrice], [ProductCost], [CustomerEntersPrice], [MinimumCustomerEnteredPrice], [MaximumCustomerEnteredPrice], [Weight], [Length], [Width], [Height], [PictureID], [AvailableStartDateTime], [AvailableEndDateTime], [Published], [Deleted], [DisplayOrder], [CreatedOn], [UpdatedOn]) VALUES (58, 49, N'', N'', N'', N'', N'', 0, 0, 0, 0, 1, 0, NULL, 1, 0, 0, 0, N'', 0, 1, 0, 1, 1, 0, 0.0000, 0, 9, 2, 10000, 1, 0, 0, 1, 1, 0, 1, 10000, 0, 0, 0, 40.0000, 0.0000, 0.0000, 0, 0.0000, 1000.0000, CAST(2.0000 AS Decimal(18, 4)), CAST(2.0000 AS Decimal(18, 4)), CAST(2.0000 AS Decimal(18, 4)), CAST(2.0000 AS Decimal(18, 4)), 0, NULL, NULL, 1, 0, 1, CAST(0x00009BE20187F4F0 AS DateTime), CAST(0x00009D300099E46C AS DateTime))
INSERT [dbo].[Nop_ProductVariant] ([ProductVariantId], [ProductID], [Name], [SKU], [Description], [AdminComment], [ManufacturerPartNumber], [IsGiftCard], [GiftCardType], [IsDownload], [DownloadID], [UnlimitedDownloads], [MaxNumberOfDownloads], [DownloadExpirationDays], [DownloadActivationType], [HasSampleDownload], [SampleDownloadID], [HasUserAgreement], [UserAgreementText], [IsRecurring], [CycleLength], [CyclePeriod], [TotalCycles], [IsShipEnabled], [IsFreeShipping], [AdditionalShippingCharge], [IsTaxExempt], [TaxCategoryID], [ManageInventory], [StockQuantity], [DisplayStockAvailability], [DisplayStockQuantity], [MinStockQuantity], [LowStockActivityID], [NotifyAdminForQuantityBelow], [Backorders], [OrderMinimumQuantity], [OrderMaximumQuantity], [WarehouseID], [DisableBuyButton], [CallForPrice], [Price], [OldPrice], [ProductCost], [CustomerEntersPrice], [MinimumCustomerEnteredPrice], [MaximumCustomerEnteredPrice], [Weight], [Length], [Width], [Height], [PictureID], [AvailableStartDateTime], [AvailableEndDateTime], [Published], [Deleted], [DisplayOrder], [CreatedOn], [UpdatedOn]) VALUES (59, 50, N'', N'', N'', N'', N'', 0, 0, 0, 0, 1, 0, NULL, 1, 0, 0, 0, N'', 0, 1, 0, 1, 1, 0, 0.0000, 0, 9, 2, 10000, 1, 0, 0, 1, 1, 0, 1, 10000, 0, 0, 0, 17.5600, 0.0000, 0.0000, 0, 0.0000, 1000.0000, CAST(2.0000 AS Decimal(18, 4)), CAST(3.0000 AS Decimal(18, 4)), CAST(3.0000 AS Decimal(18, 4)), CAST(3.0000 AS Decimal(18, 4)), 0, NULL, NULL, 1, 0, 1, CAST(0x00009BE201890539 AS DateTime), CAST(0x00009D300099EA3F AS DateTime))
INSERT [dbo].[Nop_ProductVariant] ([ProductVariantId], [ProductID], [Name], [SKU], [Description], [AdminComment], [ManufacturerPartNumber], [IsGiftCard], [GiftCardType], [IsDownload], [DownloadID], [UnlimitedDownloads], [MaxNumberOfDownloads], [DownloadExpirationDays], [DownloadActivationType], [HasSampleDownload], [SampleDownloadID], [HasUserAgreement], [UserAgreementText], [IsRecurring], [CycleLength], [CyclePeriod], [TotalCycles], [IsShipEnabled], [IsFreeShipping], [AdditionalShippingCharge], [IsTaxExempt], [TaxCategoryID], [ManageInventory], [StockQuantity], [DisplayStockAvailability], [DisplayStockQuantity], [MinStockQuantity], [LowStockActivityID], [NotifyAdminForQuantityBelow], [Backorders], [OrderMinimumQuantity], [OrderMaximumQuantity], [WarehouseID], [DisableBuyButton], [CallForPrice], [Price], [OldPrice], [ProductCost], [CustomerEntersPrice], [MinimumCustomerEnteredPrice], [MaximumCustomerEnteredPrice], [Weight], [Length], [Width], [Height], [PictureID], [AvailableStartDateTime], [AvailableEndDateTime], [Published], [Deleted], [DisplayOrder], [CreatedOn], [UpdatedOn]) VALUES (60, 51, N'', N'', N'', N'', N'', 0, 0, 0, 0, 1, 0, NULL, 1, 0, 0, 0, N'', 0, 1, 0, 1, 1, 0, 0.0000, 0, 9, 1, 9994, 1, 0, 0, 1, 1, 0, 1, 10000, 0, 0, 0, 43.5000, 55.0000, 0.0000, 0, 0.0000, 1000.0000, CAST(3.0000 AS Decimal(18, 4)), CAST(1.0000 AS Decimal(18, 4)), CAST(5.0000 AS Decimal(18, 4)), CAST(5.0000 AS Decimal(18, 4)), 0, NULL, NULL, 1, 0, 1, CAST(0x00009BE300039A8C AS DateTime), CAST(0x00009BE300039A8C AS DateTime))
INSERT [dbo].[Nop_ProductVariant] ([ProductVariantId], [ProductID], [Name], [SKU], [Description], [AdminComment], [ManufacturerPartNumber], [IsGiftCard], [GiftCardType], [IsDownload], [DownloadID], [UnlimitedDownloads], [MaxNumberOfDownloads], [DownloadExpirationDays], [DownloadActivationType], [HasSampleDownload], [SampleDownloadID], [HasUserAgreement], [UserAgreementText], [IsRecurring], [CycleLength], [CyclePeriod], [TotalCycles], [IsShipEnabled], [IsFreeShipping], [AdditionalShippingCharge], [IsTaxExempt], [TaxCategoryID], [ManageInventory], [StockQuantity], [DisplayStockAvailability], [DisplayStockQuantity], [MinStockQuantity], [LowStockActivityID], [NotifyAdminForQuantityBelow], [Backorders], [OrderMinimumQuantity], [OrderMaximumQuantity], [WarehouseID], [DisableBuyButton], [CallForPrice], [Price], [OldPrice], [ProductCost], [CustomerEntersPrice], [MinimumCustomerEnteredPrice], [MaximumCustomerEnteredPrice], [Weight], [Length], [Width], [Height], [PictureID], [AvailableStartDateTime], [AvailableEndDateTime], [Published], [Deleted], [DisplayOrder], [CreatedOn], [UpdatedOn]) VALUES (61, 52, N'', N'', N'', N'', N'', 0, 0, 0, 0, 1, 0, NULL, 1, 0, 0, 0, N'', 0, 1, 0, 1, 1, 0, 0.0000, 0, 9, 1, 10000, 1, 0, 0, 1, 1, 0, 1, 10000, 0, 0, 0, 10.0000, 0.0000, 0.0000, 0, 0.0000, 1000.0000, CAST(6.0000 AS Decimal(18, 4)), CAST(4.0000 AS Decimal(18, 4)), CAST(4.0000 AS Decimal(18, 4)), CAST(4.0000 AS Decimal(18, 4)), 0, NULL, NULL, 1, 0, 1, CAST(0x00009BE300052663 AS DateTime), CAST(0x00009BE300052663 AS DateTime))
INSERT [dbo].[Nop_ProductVariant] ([ProductVariantId], [ProductID], [Name], [SKU], [Description], [AdminComment], [ManufacturerPartNumber], [IsGiftCard], [GiftCardType], [IsDownload], [DownloadID], [UnlimitedDownloads], [MaxNumberOfDownloads], [DownloadExpirationDays], [DownloadActivationType], [HasSampleDownload], [SampleDownloadID], [HasUserAgreement], [UserAgreementText], [IsRecurring], [CycleLength], [CyclePeriod], [TotalCycles], [IsShipEnabled], [IsFreeShipping], [AdditionalShippingCharge], [IsTaxExempt], [TaxCategoryID], [ManageInventory], [StockQuantity], [DisplayStockAvailability], [DisplayStockQuantity], [MinStockQuantity], [LowStockActivityID], [NotifyAdminForQuantityBelow], [Backorders], [OrderMinimumQuantity], [OrderMaximumQuantity], [WarehouseID], [DisableBuyButton], [CallForPrice], [Price], [OldPrice], [ProductCost], [CustomerEntersPrice], [MinimumCustomerEnteredPrice], [MaximumCustomerEnteredPrice], [Weight], [Length], [Width], [Height], [PictureID], [AvailableStartDateTime], [AvailableEndDateTime], [Published], [Deleted], [DisplayOrder], [CreatedOn], [UpdatedOn]) VALUES (62, 53, N'', N'', N'', N'', N'', 0, 0, 0, 0, 1, 0, NULL, 1, 0, 0, 0, N'', 0, 1, 0, 1, 1, 0, 0.0000, 0, 9, 1, 10000, 1, 0, 0, 1, 1, 0, 1, 10000, 0, 0, 0, 24.0000, 0.0000, 0.0000, 0, 0.0000, 1000.0000, CAST(4.0000 AS Decimal(18, 4)), CAST(3.0000 AS Decimal(18, 4)), CAST(3.0000 AS Decimal(18, 4)), CAST(3.0000 AS Decimal(18, 4)), 0, NULL, NULL, 1, 0, 1, CAST(0x00009BE30006F30A AS DateTime), CAST(0x00009BE30006F30A AS DateTime))
INSERT [dbo].[Nop_ProductVariant] ([ProductVariantId], [ProductID], [Name], [SKU], [Description], [AdminComment], [ManufacturerPartNumber], [IsGiftCard], [GiftCardType], [IsDownload], [DownloadID], [UnlimitedDownloads], [MaxNumberOfDownloads], [DownloadExpirationDays], [DownloadActivationType], [HasSampleDownload], [SampleDownloadID], [HasUserAgreement], [UserAgreementText], [IsRecurring], [CycleLength], [CyclePeriod], [TotalCycles], [IsShipEnabled], [IsFreeShipping], [AdditionalShippingCharge], [IsTaxExempt], [TaxCategoryID], [ManageInventory], [StockQuantity], [DisplayStockAvailability], [DisplayStockQuantity], [MinStockQuantity], [LowStockActivityID], [NotifyAdminForQuantityBelow], [Backorders], [OrderMinimumQuantity], [OrderMaximumQuantity], [WarehouseID], [DisableBuyButton], [CallForPrice], [Price], [OldPrice], [ProductCost], [CustomerEntersPrice], [MinimumCustomerEnteredPrice], [MaximumCustomerEnteredPrice], [Weight], [Length], [Width], [Height], [PictureID], [AvailableStartDateTime], [AvailableEndDateTime], [Published], [Deleted], [DisplayOrder], [CreatedOn], [UpdatedOn]) VALUES (63, 54, N'', N'', N'', N'', N'', 0, 0, 0, 0, 1, 0, NULL, 1, 0, 0, 0, N'', 0, 1, 0, 1, 1, 0, 0.0000, 0, 9, 1, 10000, 1, 0, 0, 1, 1, 0, 1, 10000, 0, 0, 0, 15.0000, 0.0000, 0.0000, 0, 0.0000, 1000.0000, CAST(1.0000 AS Decimal(18, 4)), CAST(2.0000 AS Decimal(18, 4)), CAST(3.0000 AS Decimal(18, 4)), CAST(3.0000 AS Decimal(18, 4)), 0, NULL, NULL, 1, 0, 1, CAST(0x00009BE30007AF4D AS DateTime), CAST(0x00009BE30007AF4D AS DateTime))
INSERT [dbo].[Nop_ProductVariant] ([ProductVariantId], [ProductID], [Name], [SKU], [Description], [AdminComment], [ManufacturerPartNumber], [IsGiftCard], [GiftCardType], [IsDownload], [DownloadID], [UnlimitedDownloads], [MaxNumberOfDownloads], [DownloadExpirationDays], [DownloadActivationType], [HasSampleDownload], [SampleDownloadID], [HasUserAgreement], [UserAgreementText], [IsRecurring], [CycleLength], [CyclePeriod], [TotalCycles], [IsShipEnabled], [IsFreeShipping], [AdditionalShippingCharge], [IsTaxExempt], [TaxCategoryID], [ManageInventory], [StockQuantity], [DisplayStockAvailability], [DisplayStockQuantity], [MinStockQuantity], [LowStockActivityID], [NotifyAdminForQuantityBelow], [Backorders], [OrderMinimumQuantity], [OrderMaximumQuantity], [WarehouseID], [DisableBuyButton], [CallForPrice], [Price], [OldPrice], [ProductCost], [CustomerEntersPrice], [MinimumCustomerEnteredPrice], [MaximumCustomerEnteredPrice], [Weight], [Length], [Width], [Height], [PictureID], [AvailableStartDateTime], [AvailableEndDateTime], [Published], [Deleted], [DisplayOrder], [CreatedOn], [UpdatedOn]) VALUES (64, 55, N'', N'', N'', N'', N'', 0, 0, 0, 0, 1, 0, NULL, 1, 0, 0, 0, N'', 0, 1, 0, 1, 1, 0, 0.0000, 0, 9, 1, 10000, 1, 0, 0, 1, 1, 0, 1, 10000, 0, 0, 0, 30.0000, 0.0000, 0.0000, 0, 0.0000, 1000.0000, CAST(1.0000 AS Decimal(18, 4)), CAST(2.0000 AS Decimal(18, 4)), CAST(2.0000 AS Decimal(18, 4)), CAST(2.0000 AS Decimal(18, 4)), 0, NULL, NULL, 1, 0, 1, CAST(0x00009BE300090C3C AS DateTime), CAST(0x00009BE30009A040 AS DateTime))
INSERT [dbo].[Nop_ProductVariant] ([ProductVariantId], [ProductID], [Name], [SKU], [Description], [AdminComment], [ManufacturerPartNumber], [IsGiftCard], [GiftCardType], [IsDownload], [DownloadID], [UnlimitedDownloads], [MaxNumberOfDownloads], [DownloadExpirationDays], [DownloadActivationType], [HasSampleDownload], [SampleDownloadID], [HasUserAgreement], [UserAgreementText], [IsRecurring], [CycleLength], [CyclePeriod], [TotalCycles], [IsShipEnabled], [IsFreeShipping], [AdditionalShippingCharge], [IsTaxExempt], [TaxCategoryID], [ManageInventory], [StockQuantity], [DisplayStockAvailability], [DisplayStockQuantity], [MinStockQuantity], [LowStockActivityID], [NotifyAdminForQuantityBelow], [Backorders], [OrderMinimumQuantity], [OrderMaximumQuantity], [WarehouseID], [DisableBuyButton], [CallForPrice], [Price], [OldPrice], [ProductCost], [CustomerEntersPrice], [MinimumCustomerEnteredPrice], [MaximumCustomerEnteredPrice], [Weight], [Length], [Width], [Height], [PictureID], [AvailableStartDateTime], [AvailableEndDateTime], [Published], [Deleted], [DisplayOrder], [CreatedOn], [UpdatedOn]) VALUES (65, 56, N'', N'', N'', N'', N'', 0, 0, 0, 0, 1, 0, NULL, 1, 0, 0, 0, N'', 0, 1, 0, 1, 1, 0, 0.0000, 0, 0, 1, 10000, 1, 0, 0, 0, 1, 0, 1, 10000, 0, 0, 0, 25.0000, 0.0000, 0.0000, 0, 0.0000, 1000.0000, CAST(1.0000 AS Decimal(18, 4)), CAST(2.0000 AS Decimal(18, 4)), CAST(3.0000 AS Decimal(18, 4)), CAST(3.0000 AS Decimal(18, 4)), 0, NULL, NULL, 1, 0, 1, CAST(0x00009BE3000A7567 AS DateTime), CAST(0x00009BE3000A7567 AS DateTime))
INSERT [dbo].[Nop_ProductVariant] ([ProductVariantId], [ProductID], [Name], [SKU], [Description], [AdminComment], [ManufacturerPartNumber], [IsGiftCard], [GiftCardType], [IsDownload], [DownloadID], [UnlimitedDownloads], [MaxNumberOfDownloads], [DownloadExpirationDays], [DownloadActivationType], [HasSampleDownload], [SampleDownloadID], [HasUserAgreement], [UserAgreementText], [IsRecurring], [CycleLength], [CyclePeriod], [TotalCycles], [IsShipEnabled], [IsFreeShipping], [AdditionalShippingCharge], [IsTaxExempt], [TaxCategoryID], [ManageInventory], [StockQuantity], [DisplayStockAvailability], [DisplayStockQuantity], [MinStockQuantity], [LowStockActivityID], [NotifyAdminForQuantityBelow], [Backorders], [OrderMinimumQuantity], [OrderMaximumQuantity], [WarehouseID], [DisableBuyButton], [CallForPrice], [Price], [OldPrice], [ProductCost], [CustomerEntersPrice], [MinimumCustomerEnteredPrice], [MaximumCustomerEnteredPrice], [Weight], [Length], [Width], [Height], [PictureID], [AvailableStartDateTime], [AvailableEndDateTime], [Published], [Deleted], [DisplayOrder], [CreatedOn], [UpdatedOn]) VALUES (66, 57, N'', N'', N'', N'', N'', 0, 0, 0, 0, 1, 0, NULL, 1, 0, 0, 0, N'', 0, 1, 0, 1, 1, 0, 0.0000, 0, 9, 1, 10000, 1, 0, 0, 1, 1, 0, 1, 10000, 0, 0, 0, 35.0000, 0.0000, 0.0000, 0, 0.0000, 1000.0000, CAST(3.0000 AS Decimal(18, 4)), CAST(1.0000 AS Decimal(18, 4)), CAST(2.0000 AS Decimal(18, 4)), CAST(1.0000 AS Decimal(18, 4)), 0, NULL, NULL, 1, 0, 1, CAST(0x00009BE3000B03E3 AS DateTime), CAST(0x00009BE600F7471D AS DateTime))
INSERT [dbo].[Nop_ProductVariant] ([ProductVariantId], [ProductID], [Name], [SKU], [Description], [AdminComment], [ManufacturerPartNumber], [IsGiftCard], [GiftCardType], [IsDownload], [DownloadID], [UnlimitedDownloads], [MaxNumberOfDownloads], [DownloadExpirationDays], [DownloadActivationType], [HasSampleDownload], [SampleDownloadID], [HasUserAgreement], [UserAgreementText], [IsRecurring], [CycleLength], [CyclePeriod], [TotalCycles], [IsShipEnabled], [IsFreeShipping], [AdditionalShippingCharge], [IsTaxExempt], [TaxCategoryID], [ManageInventory], [StockQuantity], [DisplayStockAvailability], [DisplayStockQuantity], [MinStockQuantity], [LowStockActivityID], [NotifyAdminForQuantityBelow], [Backorders], [OrderMinimumQuantity], [OrderMaximumQuantity], [WarehouseID], [DisableBuyButton], [CallForPrice], [Price], [OldPrice], [ProductCost], [CustomerEntersPrice], [MinimumCustomerEnteredPrice], [MaximumCustomerEnteredPrice], [Weight], [Length], [Width], [Height], [PictureID], [AvailableStartDateTime], [AvailableEndDateTime], [Published], [Deleted], [DisplayOrder], [CreatedOn], [UpdatedOn]) VALUES (67, 58, N'', N'', N'', N'', N'', 0, 0, 1, 16, 1, 0, NULL, 1, 1, 17, 0, N'', 0, 1, 0, 1, 0, 0, 0.0000, 0, 4, 0, 10000, 1, 0, 0, 0, 1, 0, 1, 10000, 0, 0, 0, 3.0000, 0.0000, 0.0000, 0, 0.0000, 1000.0000, CAST(0.0000 AS Decimal(18, 4)), CAST(0.0000 AS Decimal(18, 4)), CAST(0.0000 AS Decimal(18, 4)), CAST(0.0000 AS Decimal(18, 4)), 0, NULL, NULL, 1, 0, 1, CAST(0x00009BE300B2E589 AS DateTime), CAST(0x00009D30007F2F86 AS DateTime))
INSERT [dbo].[Nop_ProductVariant] ([ProductVariantId], [ProductID], [Name], [SKU], [Description], [AdminComment], [ManufacturerPartNumber], [IsGiftCard], [GiftCardType], [IsDownload], [DownloadID], [UnlimitedDownloads], [MaxNumberOfDownloads], [DownloadExpirationDays], [DownloadActivationType], [HasSampleDownload], [SampleDownloadID], [HasUserAgreement], [UserAgreementText], [IsRecurring], [CycleLength], [CyclePeriod], [TotalCycles], [IsShipEnabled], [IsFreeShipping], [AdditionalShippingCharge], [IsTaxExempt], [TaxCategoryID], [ManageInventory], [StockQuantity], [DisplayStockAvailability], [DisplayStockQuantity], [MinStockQuantity], [LowStockActivityID], [NotifyAdminForQuantityBelow], [Backorders], [OrderMinimumQuantity], [OrderMaximumQuantity], [WarehouseID], [DisableBuyButton], [CallForPrice], [Price], [OldPrice], [ProductCost], [CustomerEntersPrice], [MinimumCustomerEnteredPrice], [MaximumCustomerEnteredPrice], [Weight], [Length], [Width], [Height], [PictureID], [AvailableStartDateTime], [AvailableEndDateTime], [Published], [Deleted], [DisplayOrder], [CreatedOn], [UpdatedOn]) VALUES (68, 59, N'', N'', N'', N'', N'', 0, 0, 1, 11, 1, 0, NULL, 1, 1, 14, 0, N'', 0, 1, 0, 1, 0, 0, 0.0000, 0, 4, 0, 10000, 1, 0, 0, 0, 1, 0, 1, 10000, 0, 0, 0, 2.8000, 0.0000, 0.0000, 0, 0.0000, 1000.0000, CAST(0.0000 AS Decimal(18, 4)), CAST(0.0000 AS Decimal(18, 4)), CAST(0.0000 AS Decimal(18, 4)), CAST(0.0000 AS Decimal(18, 4)), 0, NULL, NULL, 1, 0, 1, CAST(0x00009BE300B38E46 AS DateTime), CAST(0x00009D30007FB446 AS DateTime))
INSERT [dbo].[Nop_ProductVariant] ([ProductVariantId], [ProductID], [Name], [SKU], [Description], [AdminComment], [ManufacturerPartNumber], [IsGiftCard], [GiftCardType], [IsDownload], [DownloadID], [UnlimitedDownloads], [MaxNumberOfDownloads], [DownloadExpirationDays], [DownloadActivationType], [HasSampleDownload], [SampleDownloadID], [HasUserAgreement], [UserAgreementText], [IsRecurring], [CycleLength], [CyclePeriod], [TotalCycles], [IsShipEnabled], [IsFreeShipping], [AdditionalShippingCharge], [IsTaxExempt], [TaxCategoryID], [ManageInventory], [StockQuantity], [DisplayStockAvailability], [DisplayStockQuantity], [MinStockQuantity], [LowStockActivityID], [NotifyAdminForQuantityBelow], [Backorders], [OrderMinimumQuantity], [OrderMaximumQuantity], [WarehouseID], [DisableBuyButton], [CallForPrice], [Price], [OldPrice], [ProductCost], [CustomerEntersPrice], [MinimumCustomerEnteredPrice], [MaximumCustomerEnteredPrice], [Weight], [Length], [Width], [Height], [PictureID], [AvailableStartDateTime], [AvailableEndDateTime], [Published], [Deleted], [DisplayOrder], [CreatedOn], [UpdatedOn]) VALUES (69, 60, N'', N'', N'', N'', N'', 0, 0, 0, 0, 1, 0, NULL, 1, 0, 0, 0, N'', 0, 1, 0, 1, 1, 0, 0.0000, 0, 6, 1, 10000, 1, 0, 0, 1, 1, 0, 1, 10000, 0, 0, 0, 24.0000, 35.0000, 0.0000, 0, 0.0000, 1000.0000, CAST(1.0000 AS Decimal(18, 4)), CAST(5.0000 AS Decimal(18, 4)), CAST(5.0000 AS Decimal(18, 4)), CAST(2.0000 AS Decimal(18, 4)), 0, NULL, NULL, 1, 0, 1, CAST(0x00009BE300B59FD8 AS DateTime), CAST(0x00009BE300B59FD8 AS DateTime))
INSERT [dbo].[Nop_ProductVariant] ([ProductVariantId], [ProductID], [Name], [SKU], [Description], [AdminComment], [ManufacturerPartNumber], [IsGiftCard], [GiftCardType], [IsDownload], [DownloadID], [UnlimitedDownloads], [MaxNumberOfDownloads], [DownloadExpirationDays], [DownloadActivationType], [HasSampleDownload], [SampleDownloadID], [HasUserAgreement], [UserAgreementText], [IsRecurring], [CycleLength], [CyclePeriod], [TotalCycles], [IsShipEnabled], [IsFreeShipping], [AdditionalShippingCharge], [IsTaxExempt], [TaxCategoryID], [ManageInventory], [StockQuantity], [DisplayStockAvailability], [DisplayStockQuantity], [MinStockQuantity], [LowStockActivityID], [NotifyAdminForQuantityBelow], [Backorders], [OrderMinimumQuantity], [OrderMaximumQuantity], [WarehouseID], [DisableBuyButton], [CallForPrice], [Price], [OldPrice], [ProductCost], [CustomerEntersPrice], [MinimumCustomerEnteredPrice], [MaximumCustomerEnteredPrice], [Weight], [Length], [Width], [Height], [PictureID], [AvailableStartDateTime], [AvailableEndDateTime], [Published], [Deleted], [DisplayOrder], [CreatedOn], [UpdatedOn]) VALUES (70, 61, N'', N'', N'', N'', N'', 0, 0, 0, 0, 1, 0, NULL, 1, 0, 0, 0, N'', 0, 1, 0, 1, 1, 0, 0.0000, 0, 6, 1, 10000, 1, 0, 0, 1, 1, 0, 1, 10000, 0, 0, 0, 19.0000, 27.0000, 0.0000, 0, 0.0000, 1000.0000, CAST(1.0000 AS Decimal(18, 4)), CAST(6.0000 AS Decimal(18, 4)), CAST(6.0000 AS Decimal(18, 4)), CAST(2.0000 AS Decimal(18, 4)), 0, NULL, NULL, 1, 0, 1, CAST(0x00009BE300B83182 AS DateTime), CAST(0x00009BE300B83182 AS DateTime))
INSERT [dbo].[Nop_ProductVariant] ([ProductVariantId], [ProductID], [Name], [SKU], [Description], [AdminComment], [ManufacturerPartNumber], [IsGiftCard], [GiftCardType], [IsDownload], [DownloadID], [UnlimitedDownloads], [MaxNumberOfDownloads], [DownloadExpirationDays], [DownloadActivationType], [HasSampleDownload], [SampleDownloadID], [HasUserAgreement], [UserAgreementText], [IsRecurring], [CycleLength], [CyclePeriod], [TotalCycles], [IsShipEnabled], [IsFreeShipping], [AdditionalShippingCharge], [IsTaxExempt], [TaxCategoryID], [ManageInventory], [StockQuantity], [DisplayStockAvailability], [DisplayStockQuantity], [MinStockQuantity], [LowStockActivityID], [NotifyAdminForQuantityBelow], [Backorders], [OrderMinimumQuantity], [OrderMaximumQuantity], [WarehouseID], [DisableBuyButton], [CallForPrice], [Price], [OldPrice], [ProductCost], [CustomerEntersPrice], [MinimumCustomerEnteredPrice], [MaximumCustomerEnteredPrice], [Weight], [Length], [Width], [Height], [PictureID], [AvailableStartDateTime], [AvailableEndDateTime], [Published], [Deleted], [DisplayOrder], [CreatedOn], [UpdatedOn]) VALUES (71, 62, N'', N'', N'', N'', N'', 0, 0, 0, 0, 1, 0, NULL, 1, 0, 0, 0, N'', 0, 1, 0, 1, 1, 0, 0.0000, 0, 6, 1, 10000, 1, 0, 0, 1, 1, 0, 1, 10000, 0, 0, 0, 54.0000, 37.0000, 0.0000, 0, 0.0000, 1000.0000, CAST(3.0000 AS Decimal(18, 4)), CAST(4.0000 AS Decimal(18, 4)), CAST(4.0000 AS Decimal(18, 4)), CAST(2.0000 AS Decimal(18, 4)), 0, NULL, NULL, 1, 0, 1, CAST(0x00009BE300B90A94 AS DateTime), CAST(0x00009BE300B90A94 AS DateTime))
INSERT [dbo].[Nop_ProductVariant] ([ProductVariantId], [ProductID], [Name], [SKU], [Description], [AdminComment], [ManufacturerPartNumber], [IsGiftCard], [GiftCardType], [IsDownload], [DownloadID], [UnlimitedDownloads], [MaxNumberOfDownloads], [DownloadExpirationDays], [DownloadActivationType], [HasSampleDownload], [SampleDownloadID], [HasUserAgreement], [UserAgreementText], [IsRecurring], [CycleLength], [CyclePeriod], [TotalCycles], [IsShipEnabled], [IsFreeShipping], [AdditionalShippingCharge], [IsTaxExempt], [TaxCategoryID], [ManageInventory], [StockQuantity], [DisplayStockAvailability], [DisplayStockQuantity], [MinStockQuantity], [LowStockActivityID], [NotifyAdminForQuantityBelow], [Backorders], [OrderMinimumQuantity], [OrderMaximumQuantity], [WarehouseID], [DisableBuyButton], [CallForPrice], [Price], [OldPrice], [ProductCost], [CustomerEntersPrice], [MinimumCustomerEnteredPrice], [MaximumCustomerEnteredPrice], [Weight], [Length], [Width], [Height], [PictureID], [AvailableStartDateTime], [AvailableEndDateTime], [Published], [Deleted], [DisplayOrder], [CreatedOn], [UpdatedOn]) VALUES (72, 63, N'', N'', N'', N'', N'', 0, 0, 0, 0, 1, 0, NULL, 1, 0, 0, 0, N'', 0, 1, 0, 1, 1, 0, 0.0000, 0, 6, 1, 10000, 1, 0, 0, 1, 1, 0, 1, 10000, 0, 0, 0, 27.0000, 19.0000, 0.0000, 0, 0.0000, 1000.0000, CAST(3.0000 AS Decimal(18, 4)), CAST(4.0000 AS Decimal(18, 4)), CAST(6.0000 AS Decimal(18, 4)), CAST(7.0000 AS Decimal(18, 4)), 0, NULL, NULL, 1, 0, 1, CAST(0x00009BE300BA0570 AS DateTime), CAST(0x00009BE300BA0570 AS DateTime))
INSERT [dbo].[Nop_ProductVariant] ([ProductVariantId], [ProductID], [Name], [SKU], [Description], [AdminComment], [ManufacturerPartNumber], [IsGiftCard], [GiftCardType], [IsDownload], [DownloadID], [UnlimitedDownloads], [MaxNumberOfDownloads], [DownloadExpirationDays], [DownloadActivationType], [HasSampleDownload], [SampleDownloadID], [HasUserAgreement], [UserAgreementText], [IsRecurring], [CycleLength], [CyclePeriod], [TotalCycles], [IsShipEnabled], [IsFreeShipping], [AdditionalShippingCharge], [IsTaxExempt], [TaxCategoryID], [ManageInventory], [StockQuantity], [DisplayStockAvailability], [DisplayStockQuantity], [MinStockQuantity], [LowStockActivityID], [NotifyAdminForQuantityBelow], [Backorders], [OrderMinimumQuantity], [OrderMaximumQuantity], [WarehouseID], [DisableBuyButton], [CallForPrice], [Price], [OldPrice], [ProductCost], [CustomerEntersPrice], [MinimumCustomerEnteredPrice], [MaximumCustomerEnteredPrice], [Weight], [Length], [Width], [Height], [PictureID], [AvailableStartDateTime], [AvailableEndDateTime], [Published], [Deleted], [DisplayOrder], [CreatedOn], [UpdatedOn]) VALUES (73, 64, N'', N'', N'', N'', N'', 0, 0, 0, 0, 1, 0, NULL, 1, 0, 0, 0, N'', 0, 1, 0, 1, 1, 0, 0.0000, 0, 1, 1, 10000, 1, 0, 0, 0, 1, 0, 1, 10000, 0, 0, 0, 1199.0000, 0.0000, 0.0000, 0, 0.0000, 1000.0000, CAST(5.0000 AS Decimal(18, 4)), CAST(5.0000 AS Decimal(18, 4)), CAST(5.0000 AS Decimal(18, 4)), CAST(5.0000 AS Decimal(18, 4)), 0, NULL, NULL, 1, 0, 1, CAST(0x00009BE300C1CAD5 AS DateTime), CAST(0x00009BE300C1CAD5 AS DateTime))
INSERT [dbo].[Nop_ProductVariant] ([ProductVariantId], [ProductID], [Name], [SKU], [Description], [AdminComment], [ManufacturerPartNumber], [IsGiftCard], [GiftCardType], [IsDownload], [DownloadID], [UnlimitedDownloads], [MaxNumberOfDownloads], [DownloadExpirationDays], [DownloadActivationType], [HasSampleDownload], [SampleDownloadID], [HasUserAgreement], [UserAgreementText], [IsRecurring], [CycleLength], [CyclePeriod], [TotalCycles], [IsShipEnabled], [IsFreeShipping], [AdditionalShippingCharge], [IsTaxExempt], [TaxCategoryID], [ManageInventory], [StockQuantity], [DisplayStockAvailability], [DisplayStockQuantity], [MinStockQuantity], [LowStockActivityID], [NotifyAdminForQuantityBelow], [Backorders], [OrderMinimumQuantity], [OrderMaximumQuantity], [WarehouseID], [DisableBuyButton], [CallForPrice], [Price], [OldPrice], [ProductCost], [CustomerEntersPrice], [MinimumCustomerEnteredPrice], [MaximumCustomerEnteredPrice], [Weight], [Length], [Width], [Height], [PictureID], [AvailableStartDateTime], [AvailableEndDateTime], [Published], [Deleted], [DisplayOrder], [CreatedOn], [UpdatedOn]) VALUES (74, 65, N'', N'', N'', N'', N'', 0, 0, 0, 0, 1, 0, NULL, 1, 0, 0, 0, N'', 0, 1, 0, 1, 1, 0, 0.0000, 0, 1, 1, 10000, 1, 0, 0, 1, 1, 0, 1, 10000, 0, 0, 0, 1350.0000, 0.0000, 0.0000, 0, 0.0000, 1000.0000, CAST(3.0000 AS Decimal(18, 4)), CAST(3.0000 AS Decimal(18, 4)), CAST(3.0000 AS Decimal(18, 4)), CAST(3.0000 AS Decimal(18, 4)), 0, NULL, NULL, 1, 0, 1, CAST(0x00009BE300C23D02 AS DateTime), CAST(0x00009BE300C23D02 AS DateTime))
INSERT [dbo].[Nop_ProductVariant] ([ProductVariantId], [ProductID], [Name], [SKU], [Description], [AdminComment], [ManufacturerPartNumber], [IsGiftCard], [GiftCardType], [IsDownload], [DownloadID], [UnlimitedDownloads], [MaxNumberOfDownloads], [DownloadExpirationDays], [DownloadActivationType], [HasSampleDownload], [SampleDownloadID], [HasUserAgreement], [UserAgreementText], [IsRecurring], [CycleLength], [CyclePeriod], [TotalCycles], [IsShipEnabled], [IsFreeShipping], [AdditionalShippingCharge], [IsTaxExempt], [TaxCategoryID], [ManageInventory], [StockQuantity], [DisplayStockAvailability], [DisplayStockQuantity], [MinStockQuantity], [LowStockActivityID], [NotifyAdminForQuantityBelow], [Backorders], [OrderMinimumQuantity], [OrderMaximumQuantity], [WarehouseID], [DisableBuyButton], [CallForPrice], [Price], [OldPrice], [ProductCost], [CustomerEntersPrice], [MinimumCustomerEnteredPrice], [MaximumCustomerEnteredPrice], [Weight], [Length], [Width], [Height], [PictureID], [AvailableStartDateTime], [AvailableEndDateTime], [Published], [Deleted], [DisplayOrder], [CreatedOn], [UpdatedOn]) VALUES (75, 66, N'', N'', N'', N'', N'', 0, 0, 0, 0, 1, 0, NULL, 1, 0, 0, 0, N'', 0, 1, 0, 1, 1, 0, 0.0000, 0, 1, 1, 10000, 1, 0, 0, 1, 1, 0, 1, 10000, 0, 0, 0, 500.0000, 0.0000, 0.0000, 0, 0.0000, 1000.0000, CAST(6.0000 AS Decimal(18, 4)), CAST(6.0000 AS Decimal(18, 4)), CAST(6.0000 AS Decimal(18, 4)), CAST(6.0000 AS Decimal(18, 4)), 0, NULL, NULL, 1, 0, 1, CAST(0x00009BE300C344E1 AS DateTime), CAST(0x00009BE300C344E1 AS DateTime))
INSERT [dbo].[Nop_ProductVariant] ([ProductVariantId], [ProductID], [Name], [SKU], [Description], [AdminComment], [ManufacturerPartNumber], [IsGiftCard], [GiftCardType], [IsDownload], [DownloadID], [UnlimitedDownloads], [MaxNumberOfDownloads], [DownloadExpirationDays], [DownloadActivationType], [HasSampleDownload], [SampleDownloadID], [HasUserAgreement], [UserAgreementText], [IsRecurring], [CycleLength], [CyclePeriod], [TotalCycles], [IsShipEnabled], [IsFreeShipping], [AdditionalShippingCharge], [IsTaxExempt], [TaxCategoryID], [ManageInventory], [StockQuantity], [DisplayStockAvailability], [DisplayStockQuantity], [MinStockQuantity], [LowStockActivityID], [NotifyAdminForQuantityBelow], [Backorders], [OrderMinimumQuantity], [OrderMaximumQuantity], [WarehouseID], [DisableBuyButton], [CallForPrice], [Price], [OldPrice], [ProductCost], [CustomerEntersPrice], [MinimumCustomerEnteredPrice], [MaximumCustomerEnteredPrice], [Weight], [Length], [Width], [Height], [PictureID], [AvailableStartDateTime], [AvailableEndDateTime], [Published], [Deleted], [DisplayOrder], [CreatedOn], [UpdatedOn]) VALUES (76, 67, N'', N'', N'', N'', N'', 0, 0, 0, 0, 1, 0, NULL, 1, 0, 0, 0, N'', 0, 1, 0, 1, 1, 0, 0.0000, 0, 1, 1, 9999, 1, 0, 0, 1, 1, 0, 1, 10000, 0, 0, 0, 1200.0000, 0.0000, 0.0000, 0, 0.0000, 1000.0000, CAST(3.0000 AS Decimal(18, 4)), CAST(4.0000 AS Decimal(18, 4)), CAST(4.0000 AS Decimal(18, 4)), CAST(4.0000 AS Decimal(18, 4)), 0, NULL, NULL, 1, 0, 1, CAST(0x00009BE300C42DDD AS DateTime), CAST(0x00009BE300C42DDD AS DateTime))
INSERT [dbo].[Nop_ProductVariant] ([ProductVariantId], [ProductID], [Name], [SKU], [Description], [AdminComment], [ManufacturerPartNumber], [IsGiftCard], [GiftCardType], [IsDownload], [DownloadID], [UnlimitedDownloads], [MaxNumberOfDownloads], [DownloadExpirationDays], [DownloadActivationType], [HasSampleDownload], [SampleDownloadID], [HasUserAgreement], [UserAgreementText], [IsRecurring], [CycleLength], [CyclePeriod], [TotalCycles], [IsShipEnabled], [IsFreeShipping], [AdditionalShippingCharge], [IsTaxExempt], [TaxCategoryID], [ManageInventory], [StockQuantity], [DisplayStockAvailability], [DisplayStockQuantity], [MinStockQuantity], [LowStockActivityID], [NotifyAdminForQuantityBelow], [Backorders], [OrderMinimumQuantity], [OrderMaximumQuantity], [WarehouseID], [DisableBuyButton], [CallForPrice], [Price], [OldPrice], [ProductCost], [CustomerEntersPrice], [MinimumCustomerEnteredPrice], [MaximumCustomerEnteredPrice], [Weight], [Length], [Width], [Height], [PictureID], [AvailableStartDateTime], [AvailableEndDateTime], [Published], [Deleted], [DisplayOrder], [CreatedOn], [UpdatedOn]) VALUES (77, 68, N'', N'', N'', N'', N'', 0, 0, 0, 0, 1, 0, NULL, 1, 0, 0, 0, N'', 0, 1, 0, 1, 1, 0, 0.0000, 0, 1, 1, 10000, 1, 0, 0, 1, 1, 0, 1, 10000, 0, 0, 0, 1500.0000, 0.0000, 0.0000, 0, 0.0000, 1000.0000, CAST(7.0000 AS Decimal(18, 4)), CAST(7.0000 AS Decimal(18, 4)), CAST(7.0000 AS Decimal(18, 4)), CAST(7.0000 AS Decimal(18, 4)), 0, NULL, NULL, 1, 0, 1, CAST(0x00009BE300CB3CF9 AS DateTime), CAST(0x00009BE300CB3CF9 AS DateTime))
INSERT [dbo].[Nop_ProductVariant] ([ProductVariantId], [ProductID], [Name], [SKU], [Description], [AdminComment], [ManufacturerPartNumber], [IsGiftCard], [GiftCardType], [IsDownload], [DownloadID], [UnlimitedDownloads], [MaxNumberOfDownloads], [DownloadExpirationDays], [DownloadActivationType], [HasSampleDownload], [SampleDownloadID], [HasUserAgreement], [UserAgreementText], [IsRecurring], [CycleLength], [CyclePeriod], [TotalCycles], [IsShipEnabled], [IsFreeShipping], [AdditionalShippingCharge], [IsTaxExempt], [TaxCategoryID], [ManageInventory], [StockQuantity], [DisplayStockAvailability], [DisplayStockQuantity], [MinStockQuantity], [LowStockActivityID], [NotifyAdminForQuantityBelow], [Backorders], [OrderMinimumQuantity], [OrderMaximumQuantity], [WarehouseID], [DisableBuyButton], [CallForPrice], [Price], [OldPrice], [ProductCost], [CustomerEntersPrice], [MinimumCustomerEnteredPrice], [MaximumCustomerEnteredPrice], [Weight], [Length], [Width], [Height], [PictureID], [AvailableStartDateTime], [AvailableEndDateTime], [Published], [Deleted], [DisplayOrder], [CreatedOn], [UpdatedOn]) VALUES (78, 69, N'', N'', N'', N'', N'', 0, 0, 0, 0, 1, 0, NULL, 1, 0, 0, 0, N'', 0, 1, 0, 1, 1, 0, 0.0000, 0, 1, 1, 10000, 1, 0, 0, 1, 1, 0, 1, 10000, 0, 0, 0, 1360.0000, 0.0000, 0.0000, 0, 0.0000, 1000.0000, CAST(4.0000 AS Decimal(18, 4)), CAST(4.0000 AS Decimal(18, 4)), CAST(4.0000 AS Decimal(18, 4)), CAST(4.0000 AS Decimal(18, 4)), 0, NULL, NULL, 1, 0, 1, CAST(0x00009BE300CBB68D AS DateTime), CAST(0x00009BE300CBB68D AS DateTime))
INSERT [dbo].[Nop_ProductVariant] ([ProductVariantId], [ProductID], [Name], [SKU], [Description], [AdminComment], [ManufacturerPartNumber], [IsGiftCard], [GiftCardType], [IsDownload], [DownloadID], [UnlimitedDownloads], [MaxNumberOfDownloads], [DownloadExpirationDays], [DownloadActivationType], [HasSampleDownload], [SampleDownloadID], [HasUserAgreement], [UserAgreementText], [IsRecurring], [CycleLength], [CyclePeriod], [TotalCycles], [IsShipEnabled], [IsFreeShipping], [AdditionalShippingCharge], [IsTaxExempt], [TaxCategoryID], [ManageInventory], [StockQuantity], [DisplayStockAvailability], [DisplayStockQuantity], [MinStockQuantity], [LowStockActivityID], [NotifyAdminForQuantityBelow], [Backorders], [OrderMinimumQuantity], [OrderMaximumQuantity], [WarehouseID], [DisableBuyButton], [CallForPrice], [Price], [OldPrice], [ProductCost], [CustomerEntersPrice], [MinimumCustomerEnteredPrice], [MaximumCustomerEnteredPrice], [Weight], [Length], [Width], [Height], [PictureID], [AvailableStartDateTime], [AvailableEndDateTime], [Published], [Deleted], [DisplayOrder], [CreatedOn], [UpdatedOn]) VALUES (79, 70, N'', N'', N'', N'', N'', 0, 0, 0, 0, 1, 0, NULL, 1, 0, 0, 0, N'', 0, 1, 0, 1, 1, 0, 0.0000, 0, 1, 1, 10000, 1, 0, 0, 1, 1, 0, 1, 10000, 0, 0, 0, 2600.0000, 0.0000, 0.0000, 0, 0.0000, 1000.0000, CAST(3.0000 AS Decimal(18, 4)), CAST(3.0000 AS Decimal(18, 4)), CAST(2.0000 AS Decimal(18, 4)), CAST(2.0000 AS Decimal(18, 4)), 0, NULL, NULL, 1, 0, 1, CAST(0x00009BE300CC482F AS DateTime), CAST(0x00009BE300CC482F AS DateTime))
INSERT [dbo].[Nop_ProductVariant] ([ProductVariantId], [ProductID], [Name], [SKU], [Description], [AdminComment], [ManufacturerPartNumber], [IsGiftCard], [GiftCardType], [IsDownload], [DownloadID], [UnlimitedDownloads], [MaxNumberOfDownloads], [DownloadExpirationDays], [DownloadActivationType], [HasSampleDownload], [SampleDownloadID], [HasUserAgreement], [UserAgreementText], [IsRecurring], [CycleLength], [CyclePeriod], [TotalCycles], [IsShipEnabled], [IsFreeShipping], [AdditionalShippingCharge], [IsTaxExempt], [TaxCategoryID], [ManageInventory], [StockQuantity], [DisplayStockAvailability], [DisplayStockQuantity], [MinStockQuantity], [LowStockActivityID], [NotifyAdminForQuantityBelow], [Backorders], [OrderMinimumQuantity], [OrderMaximumQuantity], [WarehouseID], [DisableBuyButton], [CallForPrice], [Price], [OldPrice], [ProductCost], [CustomerEntersPrice], [MinimumCustomerEnteredPrice], [MaximumCustomerEnteredPrice], [Weight], [Length], [Width], [Height], [PictureID], [AvailableStartDateTime], [AvailableEndDateTime], [Published], [Deleted], [DisplayOrder], [CreatedOn], [UpdatedOn]) VALUES (80, 71, N'', N'', N'', N'', N'', 0, 0, 0, 0, 1, 0, NULL, 1, 0, 0, 0, N'', 0, 1, 0, 1, 1, 0, 0.0000, 0, 1, 1, 10000, 1, 0, 0, 1, 1, 0, 1, 10000, 0, 0, 0, 1460.0000, 0.0000, 0.0000, 0, 0.0000, 1000.0000, CAST(3.0000 AS Decimal(18, 4)), CAST(3.0000 AS Decimal(18, 4)), CAST(3.0000 AS Decimal(18, 4)), CAST(3.0000 AS Decimal(18, 4)), 0, NULL, NULL, 1, 0, 1, CAST(0x00009BE300CCA3C1 AS DateTime), CAST(0x00009BE300CE217A AS DateTime))
INSERT [dbo].[Nop_ProductVariant] ([ProductVariantId], [ProductID], [Name], [SKU], [Description], [AdminComment], [ManufacturerPartNumber], [IsGiftCard], [GiftCardType], [IsDownload], [DownloadID], [UnlimitedDownloads], [MaxNumberOfDownloads], [DownloadExpirationDays], [DownloadActivationType], [HasSampleDownload], [SampleDownloadID], [HasUserAgreement], [UserAgreementText], [IsRecurring], [CycleLength], [CyclePeriod], [TotalCycles], [IsShipEnabled], [IsFreeShipping], [AdditionalShippingCharge], [IsTaxExempt], [TaxCategoryID], [ManageInventory], [StockQuantity], [DisplayStockAvailability], [DisplayStockQuantity], [MinStockQuantity], [LowStockActivityID], [NotifyAdminForQuantityBelow], [Backorders], [OrderMinimumQuantity], [OrderMaximumQuantity], [WarehouseID], [DisableBuyButton], [CallForPrice], [Price], [OldPrice], [ProductCost], [CustomerEntersPrice], [MinimumCustomerEnteredPrice], [MaximumCustomerEnteredPrice], [Weight], [Length], [Width], [Height], [PictureID], [AvailableStartDateTime], [AvailableEndDateTime], [Published], [Deleted], [DisplayOrder], [CreatedOn], [UpdatedOn]) VALUES (81, 72, N'', N'', N'', N'', N'', 0, 0, 0, 0, 1, 0, NULL, 1, 0, 0, 0, N'', 0, 1, 0, 1, 1, 0, 0.0000, 0, 1, 1, 10000, 1, 0, 0, 1, 1, 0, 1, 10000, 0, 0, 0, 1590.0000, 0.0000, 0.0000, 0, 0.0000, 1000.0000, CAST(7.0000 AS Decimal(18, 4)), CAST(7.0000 AS Decimal(18, 4)), CAST(7.0000 AS Decimal(18, 4)), CAST(5.0000 AS Decimal(18, 4)), 0, NULL, NULL, 1, 0, 1, CAST(0x00009BE300CDDF7F AS DateTime), CAST(0x00009BE300CDDF7F AS DateTime))
INSERT [dbo].[Nop_ProductVariant] ([ProductVariantId], [ProductID], [Name], [SKU], [Description], [AdminComment], [ManufacturerPartNumber], [IsGiftCard], [GiftCardType], [IsDownload], [DownloadID], [UnlimitedDownloads], [MaxNumberOfDownloads], [DownloadExpirationDays], [DownloadActivationType], [HasSampleDownload], [SampleDownloadID], [HasUserAgreement], [UserAgreementText], [IsRecurring], [CycleLength], [CyclePeriod], [TotalCycles], [IsShipEnabled], [IsFreeShipping], [AdditionalShippingCharge], [IsTaxExempt], [TaxCategoryID], [ManageInventory], [StockQuantity], [DisplayStockAvailability], [DisplayStockQuantity], [MinStockQuantity], [LowStockActivityID], [NotifyAdminForQuantityBelow], [Backorders], [OrderMinimumQuantity], [OrderMaximumQuantity], [WarehouseID], [DisableBuyButton], [CallForPrice], [Price], [OldPrice], [ProductCost], [CustomerEntersPrice], [MinimumCustomerEnteredPrice], [MaximumCustomerEnteredPrice], [Weight], [Length], [Width], [Height], [PictureID], [AvailableStartDateTime], [AvailableEndDateTime], [Published], [Deleted], [DisplayOrder], [CreatedOn], [UpdatedOn]) VALUES (82, 73, N'', N'', N'', N'', N'', 0, 0, 0, 0, 1, 0, NULL, 1, 0, 0, 0, N'', 0, 1, 0, 1, 1, 0, 0.0000, 0, 1, 1, 10000, 1, 0, 0, 1, 1, 0, 1, 10000, 0, 0, 0, 21.6000, 0.0000, 0.0000, 0, 0.0000, 1000.0000, CAST(2.0000 AS Decimal(18, 4)), CAST(2.0000 AS Decimal(18, 4)), CAST(2.0000 AS Decimal(18, 4)), CAST(3.0000 AS Decimal(18, 4)), 0, NULL, NULL, 1, 0, 1, CAST(0x00009BE300D70E19 AS DateTime), CAST(0x00009BE300D70E19 AS DateTime))
INSERT [dbo].[Nop_ProductVariant] ([ProductVariantId], [ProductID], [Name], [SKU], [Description], [AdminComment], [ManufacturerPartNumber], [IsGiftCard], [GiftCardType], [IsDownload], [DownloadID], [UnlimitedDownloads], [MaxNumberOfDownloads], [DownloadExpirationDays], [DownloadActivationType], [HasSampleDownload], [SampleDownloadID], [HasUserAgreement], [UserAgreementText], [IsRecurring], [CycleLength], [CyclePeriod], [TotalCycles], [IsShipEnabled], [IsFreeShipping], [AdditionalShippingCharge], [IsTaxExempt], [TaxCategoryID], [ManageInventory], [StockQuantity], [DisplayStockAvailability], [DisplayStockQuantity], [MinStockQuantity], [LowStockActivityID], [NotifyAdminForQuantityBelow], [Backorders], [OrderMinimumQuantity], [OrderMaximumQuantity], [WarehouseID], [DisableBuyButton], [CallForPrice], [Price], [OldPrice], [ProductCost], [CustomerEntersPrice], [MinimumCustomerEnteredPrice], [MaximumCustomerEnteredPrice], [Weight], [Length], [Width], [Height], [PictureID], [AvailableStartDateTime], [AvailableEndDateTime], [Published], [Deleted], [DisplayOrder], [CreatedOn], [UpdatedOn]) VALUES (83, 74, N'', N'', N'', N'', N'', 0, 0, 0, 0, 1, 0, NULL, 1, 0, 0, 0, N'', 0, 1, 0, 1, 1, 0, 0.0000, 0, 1, 1, 10000, 1, 0, 0, 1, 1, 0, 1, 10000, 0, 0, 0, 35.0000, 0.0000, 0.0000, 0, 0.0000, 1000.0000, CAST(3.0000 AS Decimal(18, 4)), CAST(1.0000 AS Decimal(18, 4)), CAST(2.0000 AS Decimal(18, 4)), CAST(2.0000 AS Decimal(18, 4)), 0, NULL, NULL, 1, 0, 1, CAST(0x00009BE300D78BB1 AS DateTime), CAST(0x00009BE300D78BB1 AS DateTime))
INSERT [dbo].[Nop_ProductVariant] ([ProductVariantId], [ProductID], [Name], [SKU], [Description], [AdminComment], [ManufacturerPartNumber], [IsGiftCard], [GiftCardType], [IsDownload], [DownloadID], [UnlimitedDownloads], [MaxNumberOfDownloads], [DownloadExpirationDays], [DownloadActivationType], [HasSampleDownload], [SampleDownloadID], [HasUserAgreement], [UserAgreementText], [IsRecurring], [CycleLength], [CyclePeriod], [TotalCycles], [IsShipEnabled], [IsFreeShipping], [AdditionalShippingCharge], [IsTaxExempt], [TaxCategoryID], [ManageInventory], [StockQuantity], [DisplayStockAvailability], [DisplayStockQuantity], [MinStockQuantity], [LowStockActivityID], [NotifyAdminForQuantityBelow], [Backorders], [OrderMinimumQuantity], [OrderMaximumQuantity], [WarehouseID], [DisableBuyButton], [CallForPrice], [Price], [OldPrice], [ProductCost], [CustomerEntersPrice], [MinimumCustomerEnteredPrice], [MaximumCustomerEnteredPrice], [Weight], [Length], [Width], [Height], [PictureID], [AvailableStartDateTime], [AvailableEndDateTime], [Published], [Deleted], [DisplayOrder], [CreatedOn], [UpdatedOn]) VALUES (84, 75, N'', N'', N'', N'', N'', 0, 0, 0, 0, 1, 0, NULL, 1, 0, 0, 0, N'', 0, 1, 0, 1, 1, 0, 0.0000, 0, 1, 1, 10000, 1, 0, 0, 1, 1, 0, 1, 10000, 0, 0, 0, 122.0000, 0.0000, 0.0000, 0, 0.0000, 1000.0000, CAST(2.0000 AS Decimal(18, 4)), CAST(2.0000 AS Decimal(18, 4)), CAST(2.0000 AS Decimal(18, 4)), CAST(2.0000 AS Decimal(18, 4)), 0, NULL, NULL, 1, 0, 1, CAST(0x00009BE300D80115 AS DateTime), CAST(0x00009BE300D80115 AS DateTime))
INSERT [dbo].[Nop_ProductVariant] ([ProductVariantId], [ProductID], [Name], [SKU], [Description], [AdminComment], [ManufacturerPartNumber], [IsGiftCard], [GiftCardType], [IsDownload], [DownloadID], [UnlimitedDownloads], [MaxNumberOfDownloads], [DownloadExpirationDays], [DownloadActivationType], [HasSampleDownload], [SampleDownloadID], [HasUserAgreement], [UserAgreementText], [IsRecurring], [CycleLength], [CyclePeriod], [TotalCycles], [IsShipEnabled], [IsFreeShipping], [AdditionalShippingCharge], [IsTaxExempt], [TaxCategoryID], [ManageInventory], [StockQuantity], [DisplayStockAvailability], [DisplayStockQuantity], [MinStockQuantity], [LowStockActivityID], [NotifyAdminForQuantityBelow], [Backorders], [OrderMinimumQuantity], [OrderMaximumQuantity], [WarehouseID], [DisableBuyButton], [CallForPrice], [Price], [OldPrice], [ProductCost], [CustomerEntersPrice], [MinimumCustomerEnteredPrice], [MaximumCustomerEnteredPrice], [Weight], [Length], [Width], [Height], [PictureID], [AvailableStartDateTime], [AvailableEndDateTime], [Published], [Deleted], [DisplayOrder], [CreatedOn], [UpdatedOn]) VALUES (85, 76, N'', N'', N'', N'', N'', 0, 0, 0, 0, 1, 0, NULL, 1, 0, 0, 0, N'', 0, 1, 0, 1, 1, 0, 0.0000, 0, 1, 1, 10000, 1, 0, 0, 1, 1, 0, 1, 10000, 0, 0, 0, 29.5000, 0.0000, 0.0000, 0, 0.0000, 1000.0000, CAST(2.0000 AS Decimal(18, 4)), CAST(2.0000 AS Decimal(18, 4)), CAST(2.0000 AS Decimal(18, 4)), CAST(2.0000 AS Decimal(18, 4)), 0, NULL, NULL, 1, 0, 1, CAST(0x00009BE300DCF8F7 AS DateTime), CAST(0x00009BE300DCF8F7 AS DateTime))
INSERT [dbo].[Nop_ProductVariant] ([ProductVariantId], [ProductID], [Name], [SKU], [Description], [AdminComment], [ManufacturerPartNumber], [IsGiftCard], [GiftCardType], [IsDownload], [DownloadID], [UnlimitedDownloads], [MaxNumberOfDownloads], [DownloadExpirationDays], [DownloadActivationType], [HasSampleDownload], [SampleDownloadID], [HasUserAgreement], [UserAgreementText], [IsRecurring], [CycleLength], [CyclePeriod], [TotalCycles], [IsShipEnabled], [IsFreeShipping], [AdditionalShippingCharge], [IsTaxExempt], [TaxCategoryID], [ManageInventory], [StockQuantity], [DisplayStockAvailability], [DisplayStockQuantity], [MinStockQuantity], [LowStockActivityID], [NotifyAdminForQuantityBelow], [Backorders], [OrderMinimumQuantity], [OrderMaximumQuantity], [WarehouseID], [DisableBuyButton], [CallForPrice], [Price], [OldPrice], [ProductCost], [CustomerEntersPrice], [MinimumCustomerEnteredPrice], [MaximumCustomerEnteredPrice], [Weight], [Length], [Width], [Height], [PictureID], [AvailableStartDateTime], [AvailableEndDateTime], [Published], [Deleted], [DisplayOrder], [CreatedOn], [UpdatedOn]) VALUES (86, 77, N'', N'', N'', N'', N'', 0, 0, 0, 0, 1, 0, NULL, 1, 0, 0, 0, N'', 0, 1, 0, 1, 1, 0, 0.0000, 0, 1, 1, 10000, 1, 0, 0, 1, 1, 0, 1, 10000, 0, 0, 0, 14.9900, 0.0000, 0.0000, 0, 0.0000, 1000.0000, CAST(1.0000 AS Decimal(18, 4)), CAST(2.0000 AS Decimal(18, 4)), CAST(3.0000 AS Decimal(18, 4)), CAST(3.0000 AS Decimal(18, 4)), 0, NULL, NULL, 1, 0, 1, CAST(0x00009BE300DE29B6 AS DateTime), CAST(0x00009BE300DE29B6 AS DateTime))
INSERT [dbo].[Nop_ProductVariant] ([ProductVariantId], [ProductID], [Name], [SKU], [Description], [AdminComment], [ManufacturerPartNumber], [IsGiftCard], [GiftCardType], [IsDownload], [DownloadID], [UnlimitedDownloads], [MaxNumberOfDownloads], [DownloadExpirationDays], [DownloadActivationType], [HasSampleDownload], [SampleDownloadID], [HasUserAgreement], [UserAgreementText], [IsRecurring], [CycleLength], [CyclePeriod], [TotalCycles], [IsShipEnabled], [IsFreeShipping], [AdditionalShippingCharge], [IsTaxExempt], [TaxCategoryID], [ManageInventory], [StockQuantity], [DisplayStockAvailability], [DisplayStockQuantity], [MinStockQuantity], [LowStockActivityID], [NotifyAdminForQuantityBelow], [Backorders], [OrderMinimumQuantity], [OrderMaximumQuantity], [WarehouseID], [DisableBuyButton], [CallForPrice], [Price], [OldPrice], [ProductCost], [CustomerEntersPrice], [MinimumCustomerEnteredPrice], [MaximumCustomerEnteredPrice], [Weight], [Length], [Width], [Height], [PictureID], [AvailableStartDateTime], [AvailableEndDateTime], [Published], [Deleted], [DisplayOrder], [CreatedOn], [UpdatedOn]) VALUES (87, 78, N'', N'', N'', N'', N'', 0, 0, 0, 0, 1, 0, NULL, 1, 0, 0, 0, N'', 0, 1, 0, 1, 1, 0, 0.0000, 0, 1, 1, 10000, 1, 0, 0, 1, 1, 0, 1, 10000, 0, 0, 0, 25.9900, 0.0000, 0.0000, 0, 0.0000, 1000.0000, CAST(1.0000 AS Decimal(18, 4)), CAST(2.0000 AS Decimal(18, 4)), CAST(2.0000 AS Decimal(18, 4)), CAST(2.0000 AS Decimal(18, 4)), 0, NULL, NULL, 1, 0, 1, CAST(0x00009BE300DF2B54 AS DateTime), CAST(0x00009BE300DF2B54 AS DateTime))
INSERT [dbo].[Nop_ProductVariant] ([ProductVariantId], [ProductID], [Name], [SKU], [Description], [AdminComment], [ManufacturerPartNumber], [IsGiftCard], [GiftCardType], [IsDownload], [DownloadID], [UnlimitedDownloads], [MaxNumberOfDownloads], [DownloadExpirationDays], [DownloadActivationType], [HasSampleDownload], [SampleDownloadID], [HasUserAgreement], [UserAgreementText], [IsRecurring], [CycleLength], [CyclePeriod], [TotalCycles], [IsShipEnabled], [IsFreeShipping], [AdditionalShippingCharge], [IsTaxExempt], [TaxCategoryID], [ManageInventory], [StockQuantity], [DisplayStockAvailability], [DisplayStockQuantity], [MinStockQuantity], [LowStockActivityID], [NotifyAdminForQuantityBelow], [Backorders], [OrderMinimumQuantity], [OrderMaximumQuantity], [WarehouseID], [DisableBuyButton], [CallForPrice], [Price], [OldPrice], [ProductCost], [CustomerEntersPrice], [MinimumCustomerEnteredPrice], [MaximumCustomerEnteredPrice], [Weight], [Length], [Width], [Height], [PictureID], [AvailableStartDateTime], [AvailableEndDateTime], [Published], [Deleted], [DisplayOrder], [CreatedOn], [UpdatedOn]) VALUES (88, 79, N'', N'', N'', N'', N'', 0, 0, 0, 0, 1, 0, NULL, 1, 0, 0, 0, N'', 0, 1, 0, 1, 1, 0, 0.0000, 0, 1, 1, 10000, 1, 0, 0, 1, 1, 0, 1, 10000, 0, 0, 0, 75.0000, 0.0000, 0.0000, 0, 0.0000, 1000.0000, CAST(2.0000 AS Decimal(18, 4)), CAST(2.0000 AS Decimal(18, 4)), CAST(2.0000 AS Decimal(18, 4)), CAST(2.0000 AS Decimal(18, 4)), 0, NULL, NULL, 1, 0, 1, CAST(0x00009BE300E6ED70 AS DateTime), CAST(0x00009BE300E6ED70 AS DateTime))
INSERT [dbo].[Nop_ProductVariant] ([ProductVariantId], [ProductID], [Name], [SKU], [Description], [AdminComment], [ManufacturerPartNumber], [IsGiftCard], [GiftCardType], [IsDownload], [DownloadID], [UnlimitedDownloads], [MaxNumberOfDownloads], [DownloadExpirationDays], [DownloadActivationType], [HasSampleDownload], [SampleDownloadID], [HasUserAgreement], [UserAgreementText], [IsRecurring], [CycleLength], [CyclePeriod], [TotalCycles], [IsShipEnabled], [IsFreeShipping], [AdditionalShippingCharge], [IsTaxExempt], [TaxCategoryID], [ManageInventory], [StockQuantity], [DisplayStockAvailability], [DisplayStockQuantity], [MinStockQuantity], [LowStockActivityID], [NotifyAdminForQuantityBelow], [Backorders], [OrderMinimumQuantity], [OrderMaximumQuantity], [WarehouseID], [DisableBuyButton], [CallForPrice], [Price], [OldPrice], [ProductCost], [CustomerEntersPrice], [MinimumCustomerEnteredPrice], [MaximumCustomerEnteredPrice], [Weight], [Length], [Width], [Height], [PictureID], [AvailableStartDateTime], [AvailableEndDateTime], [Published], [Deleted], [DisplayOrder], [CreatedOn], [UpdatedOn]) VALUES (89, 80, N'', N'', N'', N'', N'', 0, 0, 0, 0, 1, 0, NULL, 1, 0, 0, 0, N'', 0, 1, 0, 1, 1, 0, 0.0000, 0, 1, 1, 10000, 1, 0, 0, 1, 1, 0, 1, 10000, 0, 0, 0, 65.0000, 0.0000, 0.0000, 0, 0.0000, 1000.0000, CAST(1.0000 AS Decimal(18, 4)), CAST(2.0000 AS Decimal(18, 4)), CAST(2.0000 AS Decimal(18, 4)), CAST(2.0000 AS Decimal(18, 4)), 0, NULL, NULL, 1, 0, 1, CAST(0x00009BE300E799AD AS DateTime), CAST(0x00009BE300E799AD AS DateTime))
INSERT [dbo].[Nop_ProductVariant] ([ProductVariantId], [ProductID], [Name], [SKU], [Description], [AdminComment], [ManufacturerPartNumber], [IsGiftCard], [GiftCardType], [IsDownload], [DownloadID], [UnlimitedDownloads], [MaxNumberOfDownloads], [DownloadExpirationDays], [DownloadActivationType], [HasSampleDownload], [SampleDownloadID], [HasUserAgreement], [UserAgreementText], [IsRecurring], [CycleLength], [CyclePeriod], [TotalCycles], [IsShipEnabled], [IsFreeShipping], [AdditionalShippingCharge], [IsTaxExempt], [TaxCategoryID], [ManageInventory], [StockQuantity], [DisplayStockAvailability], [DisplayStockQuantity], [MinStockQuantity], [LowStockActivityID], [NotifyAdminForQuantityBelow], [Backorders], [OrderMinimumQuantity], [OrderMaximumQuantity], [WarehouseID], [DisableBuyButton], [CallForPrice], [Price], [OldPrice], [ProductCost], [CustomerEntersPrice], [MinimumCustomerEnteredPrice], [MaximumCustomerEnteredPrice], [Weight], [Length], [Width], [Height], [PictureID], [AvailableStartDateTime], [AvailableEndDateTime], [Published], [Deleted], [DisplayOrder], [CreatedOn], [UpdatedOn]) VALUES (90, 81, N'', N'', N'', N'', N'', 0, 0, 0, 0, 1, 0, NULL, 1, 0, 0, 0, N'', 0, 1, 0, 1, 1, 0, 0.0000, 0, 0, 1, 10000, 1, 0, 0, 0, 1, 0, 1, 10000, 0, 0, 0, 100.0000, 0.0000, 0.0000, 0, 0.0000, 1000.0000, CAST(2.0000 AS Decimal(18, 4)), CAST(1.0000 AS Decimal(18, 4)), CAST(2.0000 AS Decimal(18, 4)), CAST(2.0000 AS Decimal(18, 4)), 0, NULL, NULL, 1, 0, 1, CAST(0x00009BE300ED4B43 AS DateTime), CAST(0x00009BE300EED9AD AS DateTime))
INSERT [dbo].[Nop_ProductVariant] ([ProductVariantId], [ProductID], [Name], [SKU], [Description], [AdminComment], [ManufacturerPartNumber], [IsGiftCard], [GiftCardType], [IsDownload], [DownloadID], [UnlimitedDownloads], [MaxNumberOfDownloads], [DownloadExpirationDays], [DownloadActivationType], [HasSampleDownload], [SampleDownloadID], [HasUserAgreement], [UserAgreementText], [IsRecurring], [CycleLength], [CyclePeriod], [TotalCycles], [IsShipEnabled], [IsFreeShipping], [AdditionalShippingCharge], [IsTaxExempt], [TaxCategoryID], [ManageInventory], [StockQuantity], [DisplayStockAvailability], [DisplayStockQuantity], [MinStockQuantity], [LowStockActivityID], [NotifyAdminForQuantityBelow], [Backorders], [OrderMinimumQuantity], [OrderMaximumQuantity], [WarehouseID], [DisableBuyButton], [CallForPrice], [Price], [OldPrice], [ProductCost], [CustomerEntersPrice], [MinimumCustomerEnteredPrice], [MaximumCustomerEnteredPrice], [Weight], [Length], [Width], [Height], [PictureID], [AvailableStartDateTime], [AvailableEndDateTime], [Published], [Deleted], [DisplayOrder], [CreatedOn], [UpdatedOn]) VALUES (91, 82, N'', N'', N'', N'', N'', 0, 0, 0, 0, 1, 0, NULL, 1, 0, 0, 0, N'', 0, 1, 0, 1, 1, 0, 0.0000, 0, 1, 1, 10000, 1, 0, 0, 1, 1, 0, 1, 10000, 0, 0, 0, 245.0000, 0.0000, 0.0000, 0, 0.0000, 1000.0000, CAST(3.0000 AS Decimal(18, 4)), CAST(3.0000 AS Decimal(18, 4)), CAST(3.0000 AS Decimal(18, 4)), CAST(3.0000 AS Decimal(18, 4)), 0, NULL, NULL, 1, 0, 1, CAST(0x00009BE300EE3781 AS DateTime), CAST(0x00009BE300EE3781 AS DateTime))
INSERT [dbo].[Nop_ProductVariant] ([ProductVariantId], [ProductID], [Name], [SKU], [Description], [AdminComment], [ManufacturerPartNumber], [IsGiftCard], [GiftCardType], [IsDownload], [DownloadID], [UnlimitedDownloads], [MaxNumberOfDownloads], [DownloadExpirationDays], [DownloadActivationType], [HasSampleDownload], [SampleDownloadID], [HasUserAgreement], [UserAgreementText], [IsRecurring], [CycleLength], [CyclePeriod], [TotalCycles], [IsShipEnabled], [IsFreeShipping], [AdditionalShippingCharge], [IsTaxExempt], [TaxCategoryID], [ManageInventory], [StockQuantity], [DisplayStockAvailability], [DisplayStockQuantity], [MinStockQuantity], [LowStockActivityID], [NotifyAdminForQuantityBelow], [Backorders], [OrderMinimumQuantity], [OrderMaximumQuantity], [WarehouseID], [DisableBuyButton], [CallForPrice], [Price], [OldPrice], [ProductCost], [CustomerEntersPrice], [MinimumCustomerEnteredPrice], [MaximumCustomerEnteredPrice], [Weight], [Length], [Width], [Height], [PictureID], [AvailableStartDateTime], [AvailableEndDateTime], [Published], [Deleted], [DisplayOrder], [CreatedOn], [UpdatedOn]) VALUES (92, 83, N'', N'', N'', N'', N'', 0, 0, 0, 0, 1, 0, NULL, 1, 0, 0, 0, N'', 0, 1, 0, 1, 1, 0, 0.0000, 0, 1, 1, 10000, 1, 0, 0, 1, 1, 0, 1, 10000, 0, 0, 0, 530.0000, 0.0000, 0.0000, 0, 0.0000, 1000.0000, CAST(3.0000 AS Decimal(18, 4)), CAST(3.0000 AS Decimal(18, 4)), CAST(3.0000 AS Decimal(18, 4)), CAST(3.0000 AS Decimal(18, 4)), 0, NULL, NULL, 1, 0, 1, CAST(0x00009BE300EFF7CD AS DateTime), CAST(0x00009BE300EFF7CD AS DateTime))
INSERT [dbo].[Nop_ProductVariant] ([ProductVariantId], [ProductID], [Name], [SKU], [Description], [AdminComment], [ManufacturerPartNumber], [IsGiftCard], [GiftCardType], [IsDownload], [DownloadID], [UnlimitedDownloads], [MaxNumberOfDownloads], [DownloadExpirationDays], [DownloadActivationType], [HasSampleDownload], [SampleDownloadID], [HasUserAgreement], [UserAgreementText], [IsRecurring], [CycleLength], [CyclePeriod], [TotalCycles], [IsShipEnabled], [IsFreeShipping], [AdditionalShippingCharge], [IsTaxExempt], [TaxCategoryID], [ManageInventory], [StockQuantity], [DisplayStockAvailability], [DisplayStockQuantity], [MinStockQuantity], [LowStockActivityID], [NotifyAdminForQuantityBelow], [Backorders], [OrderMinimumQuantity], [OrderMaximumQuantity], [WarehouseID], [DisableBuyButton], [CallForPrice], [Price], [OldPrice], [ProductCost], [CustomerEntersPrice], [MinimumCustomerEnteredPrice], [MaximumCustomerEnteredPrice], [Weight], [Length], [Width], [Height], [PictureID], [AvailableStartDateTime], [AvailableEndDateTime], [Published], [Deleted], [DisplayOrder], [CreatedOn], [UpdatedOn]) VALUES (93, 84, N'', N'', N'', N'', N'', 0, 0, 0, 0, 1, 0, NULL, 1, 0, 0, 0, N'', 0, 1, 0, 1, 1, 0, 0.0000, 0, 1, 1, 10000, 1, 0, 0, 0, 1, 0, 1, 10000, 0, 0, 0, 349.0000, 0.0000, 0.0000, 0, 0.0000, 1000.0000, CAST(7.0000 AS Decimal(18, 4)), CAST(7.0000 AS Decimal(18, 4)), CAST(7.0000 AS Decimal(18, 4)), CAST(5.0000 AS Decimal(18, 4)), 0, NULL, NULL, 1, 0, 1, CAST(0x00009BE300F06FAD AS DateTime), CAST(0x00009BE300F06FAD AS DateTime))
INSERT [dbo].[Nop_ProductVariant] ([ProductVariantId], [ProductID], [Name], [SKU], [Description], [AdminComment], [ManufacturerPartNumber], [IsGiftCard], [GiftCardType], [IsDownload], [DownloadID], [UnlimitedDownloads], [MaxNumberOfDownloads], [DownloadExpirationDays], [DownloadActivationType], [HasSampleDownload], [SampleDownloadID], [HasUserAgreement], [UserAgreementText], [IsRecurring], [CycleLength], [CyclePeriod], [TotalCycles], [IsShipEnabled], [IsFreeShipping], [AdditionalShippingCharge], [IsTaxExempt], [TaxCategoryID], [ManageInventory], [StockQuantity], [DisplayStockAvailability], [DisplayStockQuantity], [MinStockQuantity], [LowStockActivityID], [NotifyAdminForQuantityBelow], [Backorders], [OrderMinimumQuantity], [OrderMaximumQuantity], [WarehouseID], [DisableBuyButton], [CallForPrice], [Price], [OldPrice], [ProductCost], [CustomerEntersPrice], [MinimumCustomerEnteredPrice], [MaximumCustomerEnteredPrice], [Weight], [Length], [Width], [Height], [PictureID], [AvailableStartDateTime], [AvailableEndDateTime], [Published], [Deleted], [DisplayOrder], [CreatedOn], [UpdatedOn]) VALUES (94, 85, N'Black', N'', N'', N'', N'', 0, 0, 0, 0, 1, 0, NULL, 1, 0, 0, 0, N'', 0, 1, 0, 1, 1, 0, 0.0000, 0, 1, 1, 10000, 1, 0, 0, 1, 1, 0, 1, 10000, 0, 0, 0, 670.0000, 0.0000, 0.0000, 0, 0.0000, 1000.0000, CAST(2.0000 AS Decimal(18, 4)), CAST(2.0000 AS Decimal(18, 4)), CAST(2.0000 AS Decimal(18, 4)), CAST(2.0000 AS Decimal(18, 4)), 144, NULL, NULL, 1, 0, 1, CAST(0x00009BE300F163C5 AS DateTime), CAST(0x00009BE600EEE019 AS DateTime))
INSERT [dbo].[Nop_ProductVariant] ([ProductVariantId], [ProductID], [Name], [SKU], [Description], [AdminComment], [ManufacturerPartNumber], [IsGiftCard], [GiftCardType], [IsDownload], [DownloadID], [UnlimitedDownloads], [MaxNumberOfDownloads], [DownloadExpirationDays], [DownloadActivationType], [HasSampleDownload], [SampleDownloadID], [HasUserAgreement], [UserAgreementText], [IsRecurring], [CycleLength], [CyclePeriod], [TotalCycles], [IsShipEnabled], [IsFreeShipping], [AdditionalShippingCharge], [IsTaxExempt], [TaxCategoryID], [ManageInventory], [StockQuantity], [DisplayStockAvailability], [DisplayStockQuantity], [MinStockQuantity], [LowStockActivityID], [NotifyAdminForQuantityBelow], [Backorders], [OrderMinimumQuantity], [OrderMaximumQuantity], [WarehouseID], [DisableBuyButton], [CallForPrice], [Price], [OldPrice], [ProductCost], [CustomerEntersPrice], [MinimumCustomerEnteredPrice], [MaximumCustomerEnteredPrice], [Weight], [Length], [Width], [Height], [PictureID], [AvailableStartDateTime], [AvailableEndDateTime], [Published], [Deleted], [DisplayOrder], [CreatedOn], [UpdatedOn]) VALUES (95, 85, N'Silver', N'', N'', N'', N'', 0, 0, 0, 0, 1, 0, NULL, 1, 0, 0, 0, N'', 0, 1, 0, 1, 1, 0, 0.0000, 0, 1, 1, 10000, 1, 0, 0, 1, 1, 0, 1, 10000, 0, 0, 0, 630.0000, 0.0000, 0.0000, 0, 0.0000, 1000.0000, CAST(2.0000 AS Decimal(18, 4)), CAST(2.0000 AS Decimal(18, 4)), CAST(3.0000 AS Decimal(18, 4)), CAST(3.0000 AS Decimal(18, 4)), 145, NULL, NULL, 1, 0, 2, CAST(0x00009BE600E78DD3 AS DateTime), CAST(0x00009BE600EEDC79 AS DateTime))
INSERT [dbo].[Nop_ProductVariant] ([ProductVariantId], [ProductID], [Name], [SKU], [Description], [AdminComment], [ManufacturerPartNumber], [IsGiftCard], [GiftCardType], [IsDownload], [DownloadID], [UnlimitedDownloads], [MaxNumberOfDownloads], [DownloadExpirationDays], [DownloadActivationType], [HasSampleDownload], [SampleDownloadID], [HasUserAgreement], [UserAgreementText], [IsRecurring], [CycleLength], [CyclePeriod], [TotalCycles], [IsShipEnabled], [IsFreeShipping], [AdditionalShippingCharge], [IsTaxExempt], [TaxCategoryID], [ManageInventory], [StockQuantity], [DisplayStockAvailability], [DisplayStockQuantity], [MinStockQuantity], [LowStockActivityID], [NotifyAdminForQuantityBelow], [Backorders], [OrderMinimumQuantity], [OrderMaximumQuantity], [WarehouseID], [DisableBuyButton], [CallForPrice], [Price], [OldPrice], [ProductCost], [CustomerEntersPrice], [MinimumCustomerEnteredPrice], [MaximumCustomerEnteredPrice], [Weight], [Length], [Width], [Height], [PictureID], [AvailableStartDateTime], [AvailableEndDateTime], [Published], [Deleted], [DisplayOrder], [CreatedOn], [UpdatedOn]) VALUES (96, 86, N'', N'', N'<p>Comfort comes in all shapes and forms, yet this tee out does it all. Rising above the rest, our classic cotton crew provides the simple practicality you need to make it through the day. Tag-free, relaxed fit wears well under dress shirts or stands alone in laid-back style. Reinforced collar and lightweight feel give way to long-lasting shape and breathability. One less thing to worry about, rely on this tee to provide comfort and ease with every wear.</p>', N'', N'', 0, 0, 0, 0, 1, 0, NULL, 1, 0, 0, 0, N'', 0, 1, 0, 1, 1, 0, 0.0000, 0, 9, 1, 10000, 1, 0, 0, 1, 1, 0, 1, 10000, 0, 0, 0, 15.0000, 0.0000, 0.0000, 0, 0.0000, 1000.0000, CAST(2.0000 AS Decimal(18, 4)), CAST(5.0000 AS Decimal(18, 4)), CAST(5.0000 AS Decimal(18, 4)), CAST(5.0000 AS Decimal(18, 4)), 0, NULL, NULL, 1, 0, 1, CAST(0x00009BE600F3F592 AS DateTime), CAST(0x00009BE600F4D21D AS DateTime))
INSERT [dbo].[Nop_ProductVariant] ([ProductVariantId], [ProductID], [Name], [SKU], [Description], [AdminComment], [ManufacturerPartNumber], [IsGiftCard], [GiftCardType], [IsDownload], [DownloadID], [UnlimitedDownloads], [MaxNumberOfDownloads], [DownloadExpirationDays], [DownloadActivationType], [HasSampleDownload], [SampleDownloadID], [HasUserAgreement], [UserAgreementText], [IsRecurring], [CycleLength], [CyclePeriod], [TotalCycles], [IsShipEnabled], [IsFreeShipping], [AdditionalShippingCharge], [IsTaxExempt], [TaxCategoryID], [ManageInventory], [StockQuantity], [DisplayStockAvailability], [DisplayStockQuantity], [MinStockQuantity], [LowStockActivityID], [NotifyAdminForQuantityBelow], [Backorders], [OrderMinimumQuantity], [OrderMaximumQuantity], [WarehouseID], [DisableBuyButton], [CallForPrice], [Price], [OldPrice], [ProductCost], [CustomerEntersPrice], [MinimumCustomerEnteredPrice], [MaximumCustomerEnteredPrice], [Weight], [Length], [Width], [Height], [PictureID], [AvailableStartDateTime], [AvailableEndDateTime], [Published], [Deleted], [DisplayOrder], [CreatedOn], [UpdatedOn]) VALUES (97, 87, N'', N'', N'', N'', N'', 0, 0, 1, 13, 1, 0, NULL, 1, 0, 0, 0, N'', 0, 1, 0, 1, 0, 0, 0.0000, 0, 4, 0, 10000, 1, 0, 0, 0, 1, 0, 1, 10000, 0, 0, 0, 4.0000, 0.0000, 0.0000, 0, 0.0000, 1000.0000, CAST(0.0000 AS Decimal(18, 4)), CAST(0.0000 AS Decimal(18, 4)), CAST(0.0000 AS Decimal(18, 4)), CAST(0.0000 AS Decimal(18, 4)), 0, NULL, NULL, 1, 0, 1, CAST(0x00009BE6010A4809 AS DateTime), CAST(0x00009D3000800CD3 AS DateTime))
INSERT [dbo].[Nop_ProductVariant] ([ProductVariantId], [ProductID], [Name], [SKU], [Description], [AdminComment], [ManufacturerPartNumber], [IsGiftCard], [GiftCardType], [IsDownload], [DownloadID], [UnlimitedDownloads], [MaxNumberOfDownloads], [DownloadExpirationDays], [DownloadActivationType], [HasSampleDownload], [SampleDownloadID], [HasUserAgreement], [UserAgreementText], [IsRecurring], [CycleLength], [CyclePeriod], [TotalCycles], [IsShipEnabled], [IsFreeShipping], [AdditionalShippingCharge], [IsTaxExempt], [TaxCategoryID], [ManageInventory], [StockQuantity], [DisplayStockAvailability], [DisplayStockQuantity], [MinStockQuantity], [LowStockActivityID], [NotifyAdminForQuantityBelow], [Backorders], [OrderMinimumQuantity], [OrderMaximumQuantity], [WarehouseID], [DisableBuyButton], [CallForPrice], [Price], [OldPrice], [ProductCost], [CustomerEntersPrice], [MinimumCustomerEnteredPrice], [MaximumCustomerEnteredPrice], [Weight], [Length], [Width], [Height], [PictureID], [AvailableStartDateTime], [AvailableEndDateTime], [Published], [Deleted], [DisplayOrder], [CreatedOn], [UpdatedOn]) VALUES (98, 88, N'', N'', N'', N'', N'', 1, 0, 0, 0, 1, 10, NULL, 1, 0, 0, 0, N'', 0, 100, 0, 10, 0, 0, 0.0000, 0, 0, 0, 10000, 0, 0, 0, 0, 1, 0, 1, 10000, 0, 0, 0, 5.0000, 0.0000, 0.0000, 0, 0.0000, 1000.0000, CAST(0.0000 AS Decimal(18, 4)), CAST(0.0000 AS Decimal(18, 4)), CAST(0.0000 AS Decimal(18, 4)), CAST(0.0000 AS Decimal(18, 4)), 0, NULL, NULL, 1, 0, 1, CAST(0x00009D30009322E2 AS DateTime), CAST(0x00009D3000939829 AS DateTime))
INSERT [dbo].[Nop_ProductVariant] ([ProductVariantId], [ProductID], [Name], [SKU], [Description], [AdminComment], [ManufacturerPartNumber], [IsGiftCard], [GiftCardType], [IsDownload], [DownloadID], [UnlimitedDownloads], [MaxNumberOfDownloads], [DownloadExpirationDays], [DownloadActivationType], [HasSampleDownload], [SampleDownloadID], [HasUserAgreement], [UserAgreementText], [IsRecurring], [CycleLength], [CyclePeriod], [TotalCycles], [IsShipEnabled], [IsFreeShipping], [AdditionalShippingCharge], [IsTaxExempt], [TaxCategoryID], [ManageInventory], [StockQuantity], [DisplayStockAvailability], [DisplayStockQuantity], [MinStockQuantity], [LowStockActivityID], [NotifyAdminForQuantityBelow], [Backorders], [OrderMinimumQuantity], [OrderMaximumQuantity], [WarehouseID], [DisableBuyButton], [CallForPrice], [Price], [OldPrice], [ProductCost], [CustomerEntersPrice], [MinimumCustomerEnteredPrice], [MaximumCustomerEnteredPrice], [Weight], [Length], [Width], [Height], [PictureID], [AvailableStartDateTime], [AvailableEndDateTime], [Published], [Deleted], [DisplayOrder], [CreatedOn], [UpdatedOn]) VALUES (99, 89, N'', N'', N'', N'', N'', 1, 0, 0, 0, 1, 10, NULL, 1, 0, 0, 0, N'', 0, 100, 0, 10, 0, 0, 0.0000, 0, 0, 0, 10000, 0, 0, 0, 0, 1, 0, 1, 10000, 0, 0, 0, 25.0000, 0.0000, 0.0000, 0, 0.0000, 1000.0000, CAST(0.0000 AS Decimal(18, 4)), CAST(0.0000 AS Decimal(18, 4)), CAST(0.0000 AS Decimal(18, 4)), CAST(0.0000 AS Decimal(18, 4)), 0, NULL, NULL, 1, 0, 1, CAST(0x00009D30009322E2 AS DateTime), CAST(0x00009D3000941302 AS DateTime))
INSERT [dbo].[Nop_ProductVariant] ([ProductVariantId], [ProductID], [Name], [SKU], [Description], [AdminComment], [ManufacturerPartNumber], [IsGiftCard], [GiftCardType], [IsDownload], [DownloadID], [UnlimitedDownloads], [MaxNumberOfDownloads], [DownloadExpirationDays], [DownloadActivationType], [HasSampleDownload], [SampleDownloadID], [HasUserAgreement], [UserAgreementText], [IsRecurring], [CycleLength], [CyclePeriod], [TotalCycles], [IsShipEnabled], [IsFreeShipping], [AdditionalShippingCharge], [IsTaxExempt], [TaxCategoryID], [ManageInventory], [StockQuantity], [DisplayStockAvailability], [DisplayStockQuantity], [MinStockQuantity], [LowStockActivityID], [NotifyAdminForQuantityBelow], [Backorders], [OrderMinimumQuantity], [OrderMaximumQuantity], [WarehouseID], [DisableBuyButton], [CallForPrice], [Price], [OldPrice], [ProductCost], [CustomerEntersPrice], [MinimumCustomerEnteredPrice], [MaximumCustomerEnteredPrice], [Weight], [Length], [Width], [Height], [PictureID], [AvailableStartDateTime], [AvailableEndDateTime], [Published], [Deleted], [DisplayOrder], [CreatedOn], [UpdatedOn]) VALUES (100, 90, N'', N'', N'', N'', N'', 1, 1, 0, 0, 1, 10, NULL, 1, 0, 0, 0, N'', 0, 100, 0, 10, 1, 0, 0.0000, 0, 0, 0, 10000, 0, 0, 0, 0, 1, 0, 1, 10000, 0, 0, 0, 50.0000, 0.0000, 0.0000, 0, 0.0000, 1000.0000, CAST(1.0000 AS Decimal(18, 4)), CAST(1.0000 AS Decimal(18, 4)), CAST(1.0000 AS Decimal(18, 4)), CAST(1.0000 AS Decimal(18, 4)), 0, NULL, NULL, 1, 0, 1, CAST(0x00009DDA00927BD6 AS DateTime), CAST(0x00009DDA009297E8 AS DateTime))
INSERT [dbo].[Nop_ProductVariant] ([ProductVariantId], [ProductID], [Name], [SKU], [Description], [AdminComment], [ManufacturerPartNumber], [IsGiftCard], [GiftCardType], [IsDownload], [DownloadID], [UnlimitedDownloads], [MaxNumberOfDownloads], [DownloadExpirationDays], [DownloadActivationType], [HasSampleDownload], [SampleDownloadID], [HasUserAgreement], [UserAgreementText], [IsRecurring], [CycleLength], [CyclePeriod], [TotalCycles], [IsShipEnabled], [IsFreeShipping], [AdditionalShippingCharge], [IsTaxExempt], [TaxCategoryID], [ManageInventory], [StockQuantity], [DisplayStockAvailability], [DisplayStockQuantity], [MinStockQuantity], [LowStockActivityID], [NotifyAdminForQuantityBelow], [Backorders], [OrderMinimumQuantity], [OrderMaximumQuantity], [WarehouseID], [DisableBuyButton], [CallForPrice], [Price], [OldPrice], [ProductCost], [CustomerEntersPrice], [MinimumCustomerEnteredPrice], [MaximumCustomerEnteredPrice], [Weight], [Length], [Width], [Height], [PictureID], [AvailableStartDateTime], [AvailableEndDateTime], [Published], [Deleted], [DisplayOrder], [CreatedOn], [UpdatedOn]) VALUES (101, 91, N'', N'', N'', N'', N'', 1, 1, 0, 0, 1, 10, NULL, 1, 0, 0, 0, N'', 0, 100, 0, 10, 1, 0, 0.0000, 0, 0, 0, 10000, 0, 0, 0, 0, 1, 0, 1, 10000, 0, 0, 0, 100.0000, 0.0000, 0.0000, 0, 0.0000, 1000.0000, CAST(1.0000 AS Decimal(18, 4)), CAST(1.0000 AS Decimal(18, 4)), CAST(1.0000 AS Decimal(18, 4)), CAST(1.0000 AS Decimal(18, 4)), 0, NULL, NULL, 1, 0, 1, CAST(0x00009E3100A39950 AS DateTime), CAST(0x00009E3100A3C70D AS DateTime))
INSERT [dbo].[Nop_ProductVariant] ([ProductVariantId], [ProductID], [Name], [SKU], [Description], [AdminComment], [ManufacturerPartNumber], [IsGiftCard], [GiftCardType], [IsDownload], [DownloadID], [UnlimitedDownloads], [MaxNumberOfDownloads], [DownloadExpirationDays], [DownloadActivationType], [HasSampleDownload], [SampleDownloadID], [HasUserAgreement], [UserAgreementText], [IsRecurring], [CycleLength], [CyclePeriod], [TotalCycles], [IsShipEnabled], [IsFreeShipping], [AdditionalShippingCharge], [IsTaxExempt], [TaxCategoryID], [ManageInventory], [StockQuantity], [DisplayStockAvailability], [DisplayStockQuantity], [MinStockQuantity], [LowStockActivityID], [NotifyAdminForQuantityBelow], [Backorders], [OrderMinimumQuantity], [OrderMaximumQuantity], [WarehouseID], [DisableBuyButton], [CallForPrice], [Price], [OldPrice], [ProductCost], [CustomerEntersPrice], [MinimumCustomerEnteredPrice], [MaximumCustomerEnteredPrice], [Weight], [Length], [Width], [Height], [PictureID], [AvailableStartDateTime], [AvailableEndDateTime], [Published], [Deleted], [DisplayOrder], [CreatedOn], [UpdatedOn]) VALUES (102, 92, N'', N'', N'', N'', N'', 0, 0, 0, 0, 1, 10, NULL, 1, 0, 0, 0, N'', 0, 100, 0, 10, 1, 0, 0.0000, 0, 0, 1, 10000, 0, 0, 0, 0, 1, 0, 1, 10000, 0, 0, 0, 45.0000, 0.0000, 0.0000, 0, 0.0000, 1000.0000, CAST(1.0000 AS Decimal(18, 4)), CAST(10.0000 AS Decimal(18, 4)), CAST(1.0000 AS Decimal(18, 4)), CAST(1.0000 AS Decimal(18, 4)), 0, NULL, NULL, 1, 0, 1, CAST(0x00009E3100A5606B AS DateTime), CAST(0x00009E3100A5606B AS DateTime))
INSERT [dbo].[Nop_ProductVariant] ([ProductVariantId], [ProductID], [Name], [SKU], [Description], [AdminComment], [ManufacturerPartNumber], [IsGiftCard], [GiftCardType], [IsDownload], [DownloadID], [UnlimitedDownloads], [MaxNumberOfDownloads], [DownloadExpirationDays], [DownloadActivationType], [HasSampleDownload], [SampleDownloadID], [HasUserAgreement], [UserAgreementText], [IsRecurring], [CycleLength], [CyclePeriod], [TotalCycles], [IsShipEnabled], [IsFreeShipping], [AdditionalShippingCharge], [IsTaxExempt], [TaxCategoryID], [ManageInventory], [StockQuantity], [DisplayStockAvailability], [DisplayStockQuantity], [MinStockQuantity], [LowStockActivityID], [NotifyAdminForQuantityBelow], [Backorders], [OrderMinimumQuantity], [OrderMaximumQuantity], [WarehouseID], [DisableBuyButton], [CallForPrice], [Price], [OldPrice], [ProductCost], [CustomerEntersPrice], [MinimumCustomerEnteredPrice], [MaximumCustomerEnteredPrice], [Weight], [Length], [Width], [Height], [PictureID], [AvailableStartDateTime], [AvailableEndDateTime], [Published], [Deleted], [DisplayOrder], [CreatedOn], [UpdatedOn]) VALUES (103, 93, N'', N'', N'', N'', N'', 0, 0, 0, 0, 1, 10, NULL, 1, 0, 0, 0, N'', 0, 100, 0, 10, 1, 0, 0.0000, 0, 0, 1, 10000, 0, 0, 0, 0, 1, 0, 1, 10000, 0, 0, 0, 1300.0000, 0.0000, 0.0000, 0, 0.0000, 1000.0000, CAST(5.0000 AS Decimal(18, 4)), CAST(20.0000 AS Decimal(18, 4)), CAST(20.0000 AS Decimal(18, 4)), CAST(20.0000 AS Decimal(18, 4)), 0, NULL, NULL, 1, 0, 1, CAST(0x00009E3100A63674 AS DateTime), CAST(0x00009E3100A63674 AS DateTime))
INSERT [dbo].[Nop_ProductVariant] ([ProductVariantId], [ProductID], [Name], [SKU], [Description], [AdminComment], [ManufacturerPartNumber], [IsGiftCard], [GiftCardType], [IsDownload], [DownloadID], [UnlimitedDownloads], [MaxNumberOfDownloads], [DownloadExpirationDays], [DownloadActivationType], [HasSampleDownload], [SampleDownloadID], [HasUserAgreement], [UserAgreementText], [IsRecurring], [CycleLength], [CyclePeriod], [TotalCycles], [IsShipEnabled], [IsFreeShipping], [AdditionalShippingCharge], [IsTaxExempt], [TaxCategoryID], [ManageInventory], [StockQuantity], [DisplayStockAvailability], [DisplayStockQuantity], [MinStockQuantity], [LowStockActivityID], [NotifyAdminForQuantityBelow], [Backorders], [OrderMinimumQuantity], [OrderMaximumQuantity], [WarehouseID], [DisableBuyButton], [CallForPrice], [Price], [OldPrice], [ProductCost], [CustomerEntersPrice], [MinimumCustomerEnteredPrice], [MaximumCustomerEnteredPrice], [Weight], [Length], [Width], [Height], [PictureID], [AvailableStartDateTime], [AvailableEndDateTime], [Published], [Deleted], [DisplayOrder], [CreatedOn], [UpdatedOn]) VALUES (104, 94, N'', N'', N'', N'', N'', 0, 0, 0, 0, 1, 10, NULL, 1, 0, 0, 0, N'', 0, 100, 0, 10, 1, 0, 0.0000, 0, 0, 1, 10000, 0, 0, 0, 0, 1, 0, 1, 10000, 0, 0, 0, 37.0000, 0.0000, 0.0000, 0, 0.0000, 1000.0000, CAST(0.0000 AS Decimal(18, 4)), CAST(0.0000 AS Decimal(18, 4)), CAST(0.0000 AS Decimal(18, 4)), CAST(0.0000 AS Decimal(18, 4)), 0, NULL, NULL, 1, 0, 1, CAST(0x00009E3100A6BCF6 AS DateTime), CAST(0x00009E3100A6BCF6 AS DateTime))
INSERT [dbo].[Nop_ProductVariant] ([ProductVariantId], [ProductID], [Name], [SKU], [Description], [AdminComment], [ManufacturerPartNumber], [IsGiftCard], [GiftCardType], [IsDownload], [DownloadID], [UnlimitedDownloads], [MaxNumberOfDownloads], [DownloadExpirationDays], [DownloadActivationType], [HasSampleDownload], [SampleDownloadID], [HasUserAgreement], [UserAgreementText], [IsRecurring], [CycleLength], [CyclePeriod], [TotalCycles], [IsShipEnabled], [IsFreeShipping], [AdditionalShippingCharge], [IsTaxExempt], [TaxCategoryID], [ManageInventory], [StockQuantity], [DisplayStockAvailability], [DisplayStockQuantity], [MinStockQuantity], [LowStockActivityID], [NotifyAdminForQuantityBelow], [Backorders], [OrderMinimumQuantity], [OrderMaximumQuantity], [WarehouseID], [DisableBuyButton], [CallForPrice], [Price], [OldPrice], [ProductCost], [CustomerEntersPrice], [MinimumCustomerEnteredPrice], [MaximumCustomerEnteredPrice], [Weight], [Length], [Width], [Height], [PictureID], [AvailableStartDateTime], [AvailableEndDateTime], [Published], [Deleted], [DisplayOrder], [CreatedOn], [UpdatedOn]) VALUES (105, 95, N'', N'', N'', N'', N'', 0, 0, 0, 0, 1, 10, NULL, 1, 0, 0, 0, N'', 0, 100, 0, 10, 1, 0, 0.0000, 0, 0, 1, 10000, 0, 0, 0, 0, 1, 0, 1, 10000, 0, 0, 0, 37.0000, 0.0000, 0.0000, 0, 0.0000, 1000.0000, CAST(0.0000 AS Decimal(18, 4)), CAST(0.0000 AS Decimal(18, 4)), CAST(0.0000 AS Decimal(18, 4)), CAST(0.0000 AS Decimal(18, 4)), 0, NULL, NULL, 1, 0, 1, CAST(0x00009E3100A78108 AS DateTime), CAST(0x00009E3100A78108 AS DateTime))
SET IDENTITY_INSERT [dbo].[Nop_ProductVariant] OFF
GO


SET IDENTITY_INSERT [dbo].[Nop_BlogPost] ON
INSERT [dbo].[Nop_BlogPost] ([BlogPostID], [LanguageID], [BlogPostTitle], [BlogPostBody], [BlogPostAllowComments], [Tags], [CreatedByID], [CreatedOn]) VALUES (5, 7, N'Online Discount Coupons', N'Online discount coupons enable access to great offers from some of the world’s best sites for Internet shopping. The online coupons are designed to allow compulsive online shoppers to access massive discounts on a variety of products. The regular shopper accesses the coupons in bulk and avails of great festive offers and freebies thrown in from time to time.  The coupon code option is most commonly used when using a shopping cart. The coupon code is entered on the order page just before checking out. Every online shopping resource has a discount coupon submission option to confirm the coupon code. The dedicated web sites allow the shopper to check whether or not a discount is still applicable. If it is, the sites also enable the shopper to calculate the total cost after deducting the coupon amount like in the case of grocery coupons.  Online discount coupons are very convenient to use. They offer great deals and professionally negotiated rates if bought from special online coupon outlets. With a little research and at times, insider knowledge the online discount coupons are a real steal. They are designed to promote products by offering ‘real value for money’ packages. The coupons are legitimate and help with budgeting, in the case of a compulsive shopper. They are available for special trade show promotions, nightlife, sporting events and dinner shows and just about anything that could be associated with the promotion of a product. The coupons enable the online shopper to optimize net access more effectively. Getting a ‘big deal’ is not more utopian amidst rising prices. The online coupons offer internet access to the best and cheapest products displayed online. Big discounts are only a code away! By Gaynor Borade (buzzle.com)', 1, N'e-commerce, money', 37, CAST(0x00009DAE01033698 AS DateTime))
INSERT [dbo].[Nop_BlogPost] ([BlogPostID], [LanguageID], [BlogPostTitle], [BlogPostBody], [BlogPostAllowComments], [Tags], [CreatedByID], [CreatedOn]) VALUES (6, 7, N'Customer Service - Client Service', N'<p>Managing online business requires different skills and abilities than managing a business in the ‘real world.’ Customers can easily detect the size and determine the prestige of a business when they have the ability to walk in and take a look around. Not only do ‘real-world’ furnishings and location tell the customer what level of professionalism to expect, but &quot;real world&quot; personal encounters allow first impressions to be determined by how the business approaches its customer service. When a customer walks into a retail business just about anywhere in the world, that customer expects prompt and personal service, especially with regards to questions that they may have about products they wish to purchase.<br />
<br />
 Customer service or the client service is the service provided to the customer for his satisfaction during and after the purchase. It is necessary to every business organization to understand the customer needs for value added service. So customer data collection is essential. For this, a good customer service is important. The easiest way to lose a client is because of the poor customer service. The importance of customer service changes by product, industry and customer. Client service is an important part of every business organization. Each organization is different in its attitude towards customer service. Customer service requires a superior quality service through a careful design and execution of a series of activities which include people, technology and processes. Good customer service starts with the design and communication between the company and the staff.<br />
<br />
 In some ways, the lack of a physical business location allows the online business some leeway that their ‘real world’ counterparts do not enjoy. Location is not important, furnishings are not an issue, and most of the visual first impression is made through the professional design of the business website.<br />
<br />
 However, one thing still remains true. Customers will make their first impressions on the customer service they encounter. Unfortunately, in online business there is no opportunity for front- line staff to make a good impression. Every interaction the customer has with the website will be their primary means of making their first impression towards the business and its client service. Good customer service in any online business is a direct result of good website design and planning. </p>
<p>By Jayashree Pakhare (buzzle.com)</p>', 1, N'e-commerce, nopCommerce, asp.net, sample tag, money', 37, CAST(0x00009DD00103B078 AS DateTime))
SET IDENTITY_INSERT [dbo].[Nop_BlogPost] OFF
GO


SET IDENTITY_INSERT [dbo].[Nop_RelatedProduct] ON
INSERT [dbo].[Nop_RelatedProduct] ([RelatedProductID], [ProductID1], [ProductID2], [DisplayOrder]) VALUES (35, 48, 45, 1)
INSERT [dbo].[Nop_RelatedProduct] ([RelatedProductID], [ProductID1], [ProductID2], [DisplayOrder]) VALUES (36, 48, 46, 1)
INSERT [dbo].[Nop_RelatedProduct] ([RelatedProductID], [ProductID1], [ProductID2], [DisplayOrder]) VALUES (37, 48, 47, 1)
INSERT [dbo].[Nop_RelatedProduct] ([RelatedProductID], [ProductID1], [ProductID2], [DisplayOrder]) VALUES (38, 45, 48, 1)
INSERT [dbo].[Nop_RelatedProduct] ([RelatedProductID], [ProductID1], [ProductID2], [DisplayOrder]) VALUES (39, 45, 46, 1)
INSERT [dbo].[Nop_RelatedProduct] ([RelatedProductID], [ProductID1], [ProductID2], [DisplayOrder]) VALUES (40, 45, 47, 1)
INSERT [dbo].[Nop_RelatedProduct] ([RelatedProductID], [ProductID1], [ProductID2], [DisplayOrder]) VALUES (41, 46, 45, 1)
INSERT [dbo].[Nop_RelatedProduct] ([RelatedProductID], [ProductID1], [ProductID2], [DisplayOrder]) VALUES (42, 46, 48, 1)
INSERT [dbo].[Nop_RelatedProduct] ([RelatedProductID], [ProductID1], [ProductID2], [DisplayOrder]) VALUES (43, 46, 47, 1)
INSERT [dbo].[Nop_RelatedProduct] ([RelatedProductID], [ProductID1], [ProductID2], [DisplayOrder]) VALUES (44, 47, 45, 1)
INSERT [dbo].[Nop_RelatedProduct] ([RelatedProductID], [ProductID1], [ProductID2], [DisplayOrder]) VALUES (45, 47, 48, 1)
INSERT [dbo].[Nop_RelatedProduct] ([RelatedProductID], [ProductID1], [ProductID2], [DisplayOrder]) VALUES (46, 47, 46, 1)
INSERT [dbo].[Nop_RelatedProduct] ([RelatedProductID], [ProductID1], [ProductID2], [DisplayOrder]) VALUES (47, 59, 58, 1)
INSERT [dbo].[Nop_RelatedProduct] ([RelatedProductID], [ProductID1], [ProductID2], [DisplayOrder]) VALUES (48, 58, 59, 1)
INSERT [dbo].[Nop_RelatedProduct] ([RelatedProductID], [ProductID1], [ProductID2], [DisplayOrder]) VALUES (49, 60, 63, 1)
INSERT [dbo].[Nop_RelatedProduct] ([RelatedProductID], [ProductID1], [ProductID2], [DisplayOrder]) VALUES (50, 60, 61, 1)
INSERT [dbo].[Nop_RelatedProduct] ([RelatedProductID], [ProductID1], [ProductID2], [DisplayOrder]) VALUES (51, 60, 62, 1)
INSERT [dbo].[Nop_RelatedProduct] ([RelatedProductID], [ProductID1], [ProductID2], [DisplayOrder]) VALUES (52, 61, 60, 1)
INSERT [dbo].[Nop_RelatedProduct] ([RelatedProductID], [ProductID1], [ProductID2], [DisplayOrder]) VALUES (53, 61, 63, 1)
INSERT [dbo].[Nop_RelatedProduct] ([RelatedProductID], [ProductID1], [ProductID2], [DisplayOrder]) VALUES (54, 61, 62, 1)
INSERT [dbo].[Nop_RelatedProduct] ([RelatedProductID], [ProductID1], [ProductID2], [DisplayOrder]) VALUES (55, 62, 63, 1)
INSERT [dbo].[Nop_RelatedProduct] ([RelatedProductID], [ProductID1], [ProductID2], [DisplayOrder]) VALUES (56, 62, 61, 1)
INSERT [dbo].[Nop_RelatedProduct] ([RelatedProductID], [ProductID1], [ProductID2], [DisplayOrder]) VALUES (57, 62, 60, 1)
INSERT [dbo].[Nop_RelatedProduct] ([RelatedProductID], [ProductID1], [ProductID2], [DisplayOrder]) VALUES (58, 63, 61, 1)
INSERT [dbo].[Nop_RelatedProduct] ([RelatedProductID], [ProductID1], [ProductID2], [DisplayOrder]) VALUES (59, 63, 62, 1)
INSERT [dbo].[Nop_RelatedProduct] ([RelatedProductID], [ProductID1], [ProductID2], [DisplayOrder]) VALUES (60, 63, 60, 1)
INSERT [dbo].[Nop_RelatedProduct] ([RelatedProductID], [ProductID1], [ProductID2], [DisplayOrder]) VALUES (62, 70, 73, 1)
INSERT [dbo].[Nop_RelatedProduct] ([RelatedProductID], [ProductID1], [ProductID2], [DisplayOrder]) VALUES (63, 70, 69, 2)
INSERT [dbo].[Nop_RelatedProduct] ([RelatedProductID], [ProductID1], [ProductID2], [DisplayOrder]) VALUES (64, 68, 70, 1)
INSERT [dbo].[Nop_RelatedProduct] ([RelatedProductID], [ProductID1], [ProductID2], [DisplayOrder]) VALUES (65, 68, 69, 2)
INSERT [dbo].[Nop_RelatedProduct] ([RelatedProductID], [ProductID1], [ProductID2], [DisplayOrder]) VALUES (66, 69, 70, 1)
INSERT [dbo].[Nop_RelatedProduct] ([RelatedProductID], [ProductID1], [ProductID2], [DisplayOrder]) VALUES (67, 69, 68, 2)
INSERT [dbo].[Nop_RelatedProduct] ([RelatedProductID], [ProductID1], [ProductID2], [DisplayOrder]) VALUES (68, 72, 70, 1)
INSERT [dbo].[Nop_RelatedProduct] ([RelatedProductID], [ProductID1], [ProductID2], [DisplayOrder]) VALUES (69, 72, 68, 2)
INSERT [dbo].[Nop_RelatedProduct] ([RelatedProductID], [ProductID1], [ProductID2], [DisplayOrder]) VALUES (70, 71, 70, 1)
INSERT [dbo].[Nop_RelatedProduct] ([RelatedProductID], [ProductID1], [ProductID2], [DisplayOrder]) VALUES (71, 71, 68, 2)
INSERT [dbo].[Nop_RelatedProduct] ([RelatedProductID], [ProductID1], [ProductID2], [DisplayOrder]) VALUES (78, 84, 83, 1)
INSERT [dbo].[Nop_RelatedProduct] ([RelatedProductID], [ProductID1], [ProductID2], [DisplayOrder]) VALUES (79, 83, 84, 1)
INSERT [dbo].[Nop_RelatedProduct] ([RelatedProductID], [ProductID1], [ProductID2], [DisplayOrder]) VALUES (82, 58, 87, 2)
INSERT [dbo].[Nop_RelatedProduct] ([RelatedProductID], [ProductID1], [ProductID2], [DisplayOrder]) VALUES (83, 59, 87, 2)
INSERT [dbo].[Nop_RelatedProduct] ([RelatedProductID], [ProductID1], [ProductID2], [DisplayOrder]) VALUES (84, 70, 72, 3)
INSERT [dbo].[Nop_RelatedProduct] ([RelatedProductID], [ProductID1], [ProductID2], [DisplayOrder]) VALUES (85, 68, 72, 3)
INSERT [dbo].[Nop_RelatedProduct] ([RelatedProductID], [ProductID1], [ProductID2], [DisplayOrder]) VALUES (86, 72, 73, 3)
INSERT [dbo].[Nop_RelatedProduct] ([RelatedProductID], [ProductID1], [ProductID2], [DisplayOrder]) VALUES (87, 71, 73, 3)
INSERT [dbo].[Nop_RelatedProduct] ([RelatedProductID], [ProductID1], [ProductID2], [DisplayOrder]) VALUES (88, 69, 73, 3)
INSERT [dbo].[Nop_RelatedProduct] ([RelatedProductID], [ProductID1], [ProductID2], [DisplayOrder]) VALUES (89, 83, 85, 2)
INSERT [dbo].[Nop_RelatedProduct] ([RelatedProductID], [ProductID1], [ProductID2], [DisplayOrder]) VALUES (90, 83, 81, 3)
INSERT [dbo].[Nop_RelatedProduct] ([RelatedProductID], [ProductID1], [ProductID2], [DisplayOrder]) VALUES (91, 84, 85, 2)
INSERT [dbo].[Nop_RelatedProduct] ([RelatedProductID], [ProductID1], [ProductID2], [DisplayOrder]) VALUES (92, 84, 81, 3)
SET IDENTITY_INSERT [dbo].[Nop_RelatedProduct] OFF
GO


SET IDENTITY_INSERT [dbo].[Nop_ProductPicture] ON
INSERT [dbo].[Nop_ProductPicture] ([ProductPictureID], [ProductID], [PictureID], [DisplayOrder]) VALUES (49, 45, 82, 1)
INSERT [dbo].[Nop_ProductPicture] ([ProductPictureID], [ProductID], [PictureID], [DisplayOrder]) VALUES (50, 46, 83, 1)
INSERT [dbo].[Nop_ProductPicture] ([ProductPictureID], [ProductID], [PictureID], [DisplayOrder]) VALUES (51, 46, 84, 2)
INSERT [dbo].[Nop_ProductPicture] ([ProductPictureID], [ProductID], [PictureID], [DisplayOrder]) VALUES (52, 47, 85, 1)
INSERT [dbo].[Nop_ProductPicture] ([ProductPictureID], [ProductID], [PictureID], [DisplayOrder]) VALUES (53, 47, 86, 2)
INSERT [dbo].[Nop_ProductPicture] ([ProductPictureID], [ProductID], [PictureID], [DisplayOrder]) VALUES (54, 48, 87, 1)
INSERT [dbo].[Nop_ProductPicture] ([ProductPictureID], [ProductID], [PictureID], [DisplayOrder]) VALUES (55, 49, 88, 1)
INSERT [dbo].[Nop_ProductPicture] ([ProductPictureID], [ProductID], [PictureID], [DisplayOrder]) VALUES (56, 49, 89, 2)
INSERT [dbo].[Nop_ProductPicture] ([ProductPictureID], [ProductID], [PictureID], [DisplayOrder]) VALUES (57, 50, 90, 1)
INSERT [dbo].[Nop_ProductPicture] ([ProductPictureID], [ProductID], [PictureID], [DisplayOrder]) VALUES (58, 51, 91, 1)
INSERT [dbo].[Nop_ProductPicture] ([ProductPictureID], [ProductID], [PictureID], [DisplayOrder]) VALUES (59, 51, 92, 2)
INSERT [dbo].[Nop_ProductPicture] ([ProductPictureID], [ProductID], [PictureID], [DisplayOrder]) VALUES (60, 52, 93, 1)
INSERT [dbo].[Nop_ProductPicture] ([ProductPictureID], [ProductID], [PictureID], [DisplayOrder]) VALUES (61, 53, 99, 1)
INSERT [dbo].[Nop_ProductPicture] ([ProductPictureID], [ProductID], [PictureID], [DisplayOrder]) VALUES (62, 54, 100, 1)
INSERT [dbo].[Nop_ProductPicture] ([ProductPictureID], [ProductID], [PictureID], [DisplayOrder]) VALUES (63, 55, 101, 1)
INSERT [dbo].[Nop_ProductPicture] ([ProductPictureID], [ProductID], [PictureID], [DisplayOrder]) VALUES (64, 56, 102, 1)
INSERT [dbo].[Nop_ProductPicture] ([ProductPictureID], [ProductID], [PictureID], [DisplayOrder]) VALUES (65, 57, 103, 1)
INSERT [dbo].[Nop_ProductPicture] ([ProductPictureID], [ProductID], [PictureID], [DisplayOrder]) VALUES (66, 57, 104, 2)
INSERT [dbo].[Nop_ProductPicture] ([ProductPictureID], [ProductID], [PictureID], [DisplayOrder]) VALUES (67, 58, 105, 1)
INSERT [dbo].[Nop_ProductPicture] ([ProductPictureID], [ProductID], [PictureID], [DisplayOrder]) VALUES (68, 59, 106, 1)
INSERT [dbo].[Nop_ProductPicture] ([ProductPictureID], [ProductID], [PictureID], [DisplayOrder]) VALUES (69, 60, 107, 1)
INSERT [dbo].[Nop_ProductPicture] ([ProductPictureID], [ProductID], [PictureID], [DisplayOrder]) VALUES (70, 61, 108, 1)
INSERT [dbo].[Nop_ProductPicture] ([ProductPictureID], [ProductID], [PictureID], [DisplayOrder]) VALUES (71, 62, 109, 1)
INSERT [dbo].[Nop_ProductPicture] ([ProductPictureID], [ProductID], [PictureID], [DisplayOrder]) VALUES (72, 63, 110, 1)
INSERT [dbo].[Nop_ProductPicture] ([ProductPictureID], [ProductID], [PictureID], [DisplayOrder]) VALUES (73, 64, 111, 1)
INSERT [dbo].[Nop_ProductPicture] ([ProductPictureID], [ProductID], [PictureID], [DisplayOrder]) VALUES (74, 65, 112, 1)
INSERT [dbo].[Nop_ProductPicture] ([ProductPictureID], [ProductID], [PictureID], [DisplayOrder]) VALUES (75, 65, 113, 2)
INSERT [dbo].[Nop_ProductPicture] ([ProductPictureID], [ProductID], [PictureID], [DisplayOrder]) VALUES (76, 66, 114, 1)
INSERT [dbo].[Nop_ProductPicture] ([ProductPictureID], [ProductID], [PictureID], [DisplayOrder]) VALUES (78, 67, 116, 1)
INSERT [dbo].[Nop_ProductPicture] ([ProductPictureID], [ProductID], [PictureID], [DisplayOrder]) VALUES (79, 67, 117, 2)
INSERT [dbo].[Nop_ProductPicture] ([ProductPictureID], [ProductID], [PictureID], [DisplayOrder]) VALUES (80, 67, 118, 3)
INSERT [dbo].[Nop_ProductPicture] ([ProductPictureID], [ProductID], [PictureID], [DisplayOrder]) VALUES (81, 68, 119, 1)
INSERT [dbo].[Nop_ProductPicture] ([ProductPictureID], [ProductID], [PictureID], [DisplayOrder]) VALUES (83, 69, 121, 1)
INSERT [dbo].[Nop_ProductPicture] ([ProductPictureID], [ProductID], [PictureID], [DisplayOrder]) VALUES (84, 70, 122, 1)
INSERT [dbo].[Nop_ProductPicture] ([ProductPictureID], [ProductID], [PictureID], [DisplayOrder]) VALUES (85, 71, 123, 1)
INSERT [dbo].[Nop_ProductPicture] ([ProductPictureID], [ProductID], [PictureID], [DisplayOrder]) VALUES (86, 72, 124, 1)
INSERT [dbo].[Nop_ProductPicture] ([ProductPictureID], [ProductID], [PictureID], [DisplayOrder]) VALUES (87, 73, 125, 1)
INSERT [dbo].[Nop_ProductPicture] ([ProductPictureID], [ProductID], [PictureID], [DisplayOrder]) VALUES (88, 73, 126, 2)
INSERT [dbo].[Nop_ProductPicture] ([ProductPictureID], [ProductID], [PictureID], [DisplayOrder]) VALUES (89, 74, 127, 1)
INSERT [dbo].[Nop_ProductPicture] ([ProductPictureID], [ProductID], [PictureID], [DisplayOrder]) VALUES (90, 75, 128, 1)
INSERT [dbo].[Nop_ProductPicture] ([ProductPictureID], [ProductID], [PictureID], [DisplayOrder]) VALUES (91, 76, 129, 1)
INSERT [dbo].[Nop_ProductPicture] ([ProductPictureID], [ProductID], [PictureID], [DisplayOrder]) VALUES (92, 77, 130, 1)
INSERT [dbo].[Nop_ProductPicture] ([ProductPictureID], [ProductID], [PictureID], [DisplayOrder]) VALUES (93, 78, 131, 1)
INSERT [dbo].[Nop_ProductPicture] ([ProductPictureID], [ProductID], [PictureID], [DisplayOrder]) VALUES (94, 79, 132, 1)
INSERT [dbo].[Nop_ProductPicture] ([ProductPictureID], [ProductID], [PictureID], [DisplayOrder]) VALUES (95, 80, 133, 1)
INSERT [dbo].[Nop_ProductPicture] ([ProductPictureID], [ProductID], [PictureID], [DisplayOrder]) VALUES (96, 81, 136, 1)
INSERT [dbo].[Nop_ProductPicture] ([ProductPictureID], [ProductID], [PictureID], [DisplayOrder]) VALUES (97, 81, 137, 2)
INSERT [dbo].[Nop_ProductPicture] ([ProductPictureID], [ProductID], [PictureID], [DisplayOrder]) VALUES (98, 82, 138, 1)
INSERT [dbo].[Nop_ProductPicture] ([ProductPictureID], [ProductID], [PictureID], [DisplayOrder]) VALUES (99, 83, 139, 1)
INSERT [dbo].[Nop_ProductPicture] ([ProductPictureID], [ProductID], [PictureID], [DisplayOrder]) VALUES (100, 84, 140, 1)
INSERT [dbo].[Nop_ProductPicture] ([ProductPictureID], [ProductID], [PictureID], [DisplayOrder]) VALUES (102, 85, 142, 1)
INSERT [dbo].[Nop_ProductPicture] ([ProductPictureID], [ProductID], [PictureID], [DisplayOrder]) VALUES (103, 85, 143, 2)
INSERT [dbo].[Nop_ProductPicture] ([ProductPictureID], [ProductID], [PictureID], [DisplayOrder]) VALUES (104, 86, 146, 1)
INSERT [dbo].[Nop_ProductPicture] ([ProductPictureID], [ProductID], [PictureID], [DisplayOrder]) VALUES (105, 87, 159, 1)
INSERT [dbo].[Nop_ProductPicture] ([ProductPictureID], [ProductID], [PictureID], [DisplayOrder]) VALUES (107, 88, 170, 0)
INSERT [dbo].[Nop_ProductPicture] ([ProductPictureID], [ProductID], [PictureID], [DisplayOrder]) VALUES (108, 89, 171, 0)
INSERT [dbo].[Nop_ProductPicture] ([ProductPictureID], [ProductID], [PictureID], [DisplayOrder]) VALUES (109, 90, 172, 0)
INSERT [dbo].[Nop_ProductPicture] ([ProductPictureID], [ProductID], [PictureID], [DisplayOrder]) VALUES (110, 91, 173, 0)
INSERT [dbo].[Nop_ProductPicture] ([ProductPictureID], [ProductID], [PictureID], [DisplayOrder]) VALUES (111, 92, 174, 1)
INSERT [dbo].[Nop_ProductPicture] ([ProductPictureID], [ProductID], [PictureID], [DisplayOrder]) VALUES (112, 93, 175, 1)
INSERT [dbo].[Nop_ProductPicture] ([ProductPictureID], [ProductID], [PictureID], [DisplayOrder]) VALUES (113, 94, 176, 1)
INSERT [dbo].[Nop_ProductPicture] ([ProductPictureID], [ProductID], [PictureID], [DisplayOrder]) VALUES (114, 95, 177, 1)
SET IDENTITY_INSERT [dbo].[Nop_ProductPicture] OFF
GO


SET IDENTITY_INSERT [dbo].[Nop_Product_SpecificationAttribute_Mapping] ON
INSERT [dbo].[Nop_Product_SpecificationAttribute_Mapping] ([ProductSpecificationAttributeID], [ProductID], [SpecificationAttributeOptionID], [AllowFiltering], [ShowOnProductPage], [DisplayOrder]) VALUES (2, 68, 10, 0, 1, 4)
INSERT [dbo].[Nop_Product_SpecificationAttribute_Mapping] ([ProductSpecificationAttributeID], [ProductID], [SpecificationAttributeOptionID], [AllowFiltering], [ShowOnProductPage], [DisplayOrder]) VALUES (3, 68, 6, 1, 1, 2)
INSERT [dbo].[Nop_Product_SpecificationAttribute_Mapping] ([ProductSpecificationAttributeID], [ProductID], [SpecificationAttributeOptionID], [AllowFiltering], [ShowOnProductPage], [DisplayOrder]) VALUES (4, 68, 8, 1, 1, 3)
INSERT [dbo].[Nop_Product_SpecificationAttribute_Mapping] ([ProductSpecificationAttributeID], [ProductID], [SpecificationAttributeOptionID], [AllowFiltering], [ShowOnProductPage], [DisplayOrder]) VALUES (5, 69, 1, 0, 1, 1)
INSERT [dbo].[Nop_Product_SpecificationAttribute_Mapping] ([ProductSpecificationAttributeID], [ProductID], [SpecificationAttributeOptionID], [AllowFiltering], [ShowOnProductPage], [DisplayOrder]) VALUES (6, 69, 7, 1, 1, 2)
INSERT [dbo].[Nop_Product_SpecificationAttribute_Mapping] ([ProductSpecificationAttributeID], [ProductID], [SpecificationAttributeOptionID], [AllowFiltering], [ShowOnProductPage], [DisplayOrder]) VALUES (7, 69, 8, 1, 1, 3)
INSERT [dbo].[Nop_Product_SpecificationAttribute_Mapping] ([ProductSpecificationAttributeID], [ProductID], [SpecificationAttributeOptionID], [AllowFiltering], [ShowOnProductPage], [DisplayOrder]) VALUES (8, 69, 11, 0, 1, 4)
INSERT [dbo].[Nop_Product_SpecificationAttribute_Mapping] ([ProductSpecificationAttributeID], [ProductID], [SpecificationAttributeOptionID], [AllowFiltering], [ShowOnProductPage], [DisplayOrder]) VALUES (9, 70, 10, 0, 1, 4)
INSERT [dbo].[Nop_Product_SpecificationAttribute_Mapping] ([ProductSpecificationAttributeID], [ProductID], [SpecificationAttributeOptionID], [AllowFiltering], [ShowOnProductPage], [DisplayOrder]) VALUES (10, 70, 2, 0, 1, 1)
INSERT [dbo].[Nop_Product_SpecificationAttribute_Mapping] ([ProductSpecificationAttributeID], [ProductID], [SpecificationAttributeOptionID], [AllowFiltering], [ShowOnProductPage], [DisplayOrder]) VALUES (11, 70, 6, 1, 1, 2)
INSERT [dbo].[Nop_Product_SpecificationAttribute_Mapping] ([ProductSpecificationAttributeID], [ProductID], [SpecificationAttributeOptionID], [AllowFiltering], [ShowOnProductPage], [DisplayOrder]) VALUES (12, 70, 8, 1, 1, 3)
INSERT [dbo].[Nop_Product_SpecificationAttribute_Mapping] ([ProductSpecificationAttributeID], [ProductID], [SpecificationAttributeOptionID], [AllowFiltering], [ShowOnProductPage], [DisplayOrder]) VALUES (13, 71, 12, 0, 1, 4)
INSERT [dbo].[Nop_Product_SpecificationAttribute_Mapping] ([ProductSpecificationAttributeID], [ProductID], [SpecificationAttributeOptionID], [AllowFiltering], [ShowOnProductPage], [DisplayOrder]) VALUES (14, 71, 7, 1, 1, 2)
INSERT [dbo].[Nop_Product_SpecificationAttribute_Mapping] ([ProductSpecificationAttributeID], [ProductID], [SpecificationAttributeOptionID], [AllowFiltering], [ShowOnProductPage], [DisplayOrder]) VALUES (15, 71, 9, 1, 1, 3)
INSERT [dbo].[Nop_Product_SpecificationAttribute_Mapping] ([ProductSpecificationAttributeID], [ProductID], [SpecificationAttributeOptionID], [AllowFiltering], [ShowOnProductPage], [DisplayOrder]) VALUES (16, 71, 4, 0, 1, 1)
INSERT [dbo].[Nop_Product_SpecificationAttribute_Mapping] ([ProductSpecificationAttributeID], [ProductID], [SpecificationAttributeOptionID], [AllowFiltering], [ShowOnProductPage], [DisplayOrder]) VALUES (17, 72, 5, 0, 1, 1)
INSERT [dbo].[Nop_Product_SpecificationAttribute_Mapping] ([ProductSpecificationAttributeID], [ProductID], [SpecificationAttributeOptionID], [AllowFiltering], [ShowOnProductPage], [DisplayOrder]) VALUES (18, 72, 7, 1, 1, 2)
INSERT [dbo].[Nop_Product_SpecificationAttribute_Mapping] ([ProductSpecificationAttributeID], [ProductID], [SpecificationAttributeOptionID], [AllowFiltering], [ShowOnProductPage], [DisplayOrder]) VALUES (19, 72, 9, 1, 1, 3)
INSERT [dbo].[Nop_Product_SpecificationAttribute_Mapping] ([ProductSpecificationAttributeID], [ProductID], [SpecificationAttributeOptionID], [AllowFiltering], [ShowOnProductPage], [DisplayOrder]) VALUES (20, 72, 11, 0, 1, 4)
SET IDENTITY_INSERT [dbo].[Nop_Product_SpecificationAttribute_Mapping] OFF
GO


SET IDENTITY_INSERT [dbo].[Nop_Category] ON
INSERT [dbo].[Nop_Category] ([CategoryID], [Name], [Description], [TemplateID], [MetaKeywords], [MetaDescription], [MetaTitle], [SEName], [ParentCategoryID], [PictureID], [PageSize], [PriceRanges], [ShowOnHomePage], [Published], [Deleted], [DisplayOrder], [CreatedOn], [UpdatedOn]) VALUES (29, N'Books', N'', 3, N'Books, Dictionary, Textbooks', N'Books category description', N'', N'', 0, 156, 4, N'-25;25-50;50-;', 0, 1, 0, 1, CAST(0x00009BE201261E75 AS DateTime), CAST(0x00009BE60108C95C AS DateTime))
INSERT [dbo].[Nop_Category] ([CategoryID], [Name], [Description], [TemplateID], [MetaKeywords], [MetaDescription], [MetaTitle], [SEName], [ParentCategoryID], [PictureID], [PageSize], [PriceRanges], [ShowOnHomePage], [Published], [Deleted], [DisplayOrder], [CreatedOn], [UpdatedOn]) VALUES (30, N'Computers', N'', 3, N'', N'', N'', N'', 0, 154, 4, N'', 0, 1, 0, 2, CAST(0x00009BE201271FD5 AS DateTime), CAST(0x00009BE6010835F0 AS DateTime))
INSERT [dbo].[Nop_Category] ([CategoryID], [Name], [Description], [TemplateID], [MetaKeywords], [MetaDescription], [MetaTitle], [SEName], [ParentCategoryID], [PictureID], [PageSize], [PriceRanges], [ShowOnHomePage], [Published], [Deleted], [DisplayOrder], [CreatedOn], [UpdatedOn]) VALUES (31, N'Accessories', N'', 3, N'', N'', N'', N'', 30, 162, 4, N'-100;100-;', 0, 1, 0, 3, CAST(0x00009BE201273AFA AS DateTime), CAST(0x00009CD4009D276A AS DateTime))
INSERT [dbo].[Nop_Category] ([CategoryID], [Name], [Description], [TemplateID], [MetaKeywords], [MetaDescription], [MetaTitle], [SEName], [ParentCategoryID], [PictureID], [PageSize], [PriceRanges], [ShowOnHomePage], [Published], [Deleted], [DisplayOrder], [CreatedOn], [UpdatedOn]) VALUES (32, N'Software', N'', 3, N'', N'', N'', N'', 30, 164, 4, N'', 0, 1, 0, 5, CAST(0x00009BE20127BAC6 AS DateTime), CAST(0x00009CD4009DDDF3 AS DateTime))
INSERT [dbo].[Nop_Category] ([CategoryID], [Name], [Description], [TemplateID], [MetaKeywords], [MetaDescription], [MetaTitle], [SEName], [ParentCategoryID], [PictureID], [PageSize], [PriceRanges], [ShowOnHomePage], [Published], [Deleted], [DisplayOrder], [CreatedOn], [UpdatedOn]) VALUES (33, N'Games', N'', 3, N'', N'', N'', N'', 30, 163, 4, N'', 0, 1, 0, 4, CAST(0x00009BE201282663 AS DateTime), CAST(0x00009CD4009D9203 AS DateTime))
INSERT [dbo].[Nop_Category] ([CategoryID], [Name], [Description], [TemplateID], [MetaKeywords], [MetaDescription], [MetaTitle], [SEName], [ParentCategoryID], [PictureID], [PageSize], [PriceRanges], [ShowOnHomePage], [Published], [Deleted], [DisplayOrder], [CreatedOn], [UpdatedOn]) VALUES (34, N'Electronics', N'', 3, N'', N'', N'', N'', 0, 157, 4, N'', 0, 1, 0, 3, CAST(0x00009BE2012848D9 AS DateTime), CAST(0x00009BE60109583E AS DateTime))
INSERT [dbo].[Nop_Category] ([CategoryID], [Name], [Description], [TemplateID], [MetaKeywords], [MetaDescription], [MetaTitle], [SEName], [ParentCategoryID], [PictureID], [PageSize], [PriceRanges], [ShowOnHomePage], [Published], [Deleted], [DisplayOrder], [CreatedOn], [UpdatedOn]) VALUES (36, N'Camera, photo', N'', 3, N'', N'', N'', N'', 34, 135, 4, N'-500;500-;', 0, 1, 0, 2, CAST(0x00009BE201289EA1 AS DateTime), CAST(0x00009BE600F69A3B AS DateTime))
INSERT [dbo].[Nop_Category] ([CategoryID], [Name], [Description], [TemplateID], [MetaKeywords], [MetaDescription], [MetaTitle], [SEName], [ParentCategoryID], [PictureID], [PageSize], [PriceRanges], [ShowOnHomePage], [Published], [Deleted], [DisplayOrder], [CreatedOn], [UpdatedOn]) VALUES (38, N'Cell phones', N'', 3, N'', N'', N'', N'', 34, 134, 4, N'', 0, 1, 0, 4, CAST(0x00009BE20128DB2C AS DateTime), CAST(0x00009BE300EA3C18 AS DateTime))
INSERT [dbo].[Nop_Category] ([CategoryID], [Name], [Description], [TemplateID], [MetaKeywords], [MetaDescription], [MetaTitle], [SEName], [ParentCategoryID], [PictureID], [PageSize], [PriceRanges], [ShowOnHomePage], [Published], [Deleted], [DisplayOrder], [CreatedOn], [UpdatedOn]) VALUES (43, N'Apparel & Shoes', N'', 3, N'', N'', N'', N'', 0, 155, 4, N'', 0, 1, 0, 5, CAST(0x00009BE201296178 AS DateTime), CAST(0x00009BE601087D8B AS DateTime))
INSERT [dbo].[Nop_Category] ([CategoryID], [Name], [Description], [TemplateID], [MetaKeywords], [MetaDescription], [MetaTitle], [SEName], [ParentCategoryID], [PictureID], [PageSize], [PriceRanges], [ShowOnHomePage], [Published], [Deleted], [DisplayOrder], [CreatedOn], [UpdatedOn]) VALUES (44, N'Shirts', N'', 5, N'', N'', N'', N'', 43, 95, 3, N'-20;20-;', 0, 1, 0, 1, CAST(0x00009BE2012995AA AS DateTime), CAST(0x00009E3100A43CF9 AS DateTime))
INSERT [dbo].[Nop_Category] ([CategoryID], [Name], [Description], [TemplateID], [MetaKeywords], [MetaDescription], [MetaTitle], [SEName], [ParentCategoryID], [PictureID], [PageSize], [PriceRanges], [ShowOnHomePage], [Published], [Deleted], [DisplayOrder], [CreatedOn], [UpdatedOn]) VALUES (45, N'Jeans', N'', 3, N'', N'', N'', N'', 43, 98, 4, N'-20;20-;', 0, 1, 0, 2, CAST(0x00009BE20129A8E7 AS DateTime), CAST(0x00009BE600F6F78D AS DateTime))
INSERT [dbo].[Nop_Category] ([CategoryID], [Name], [Description], [TemplateID], [MetaKeywords], [MetaDescription], [MetaTitle], [SEName], [ParentCategoryID], [PictureID], [PageSize], [PriceRanges], [ShowOnHomePage], [Published], [Deleted], [DisplayOrder], [CreatedOn], [UpdatedOn]) VALUES (46, N'Shoes', N'', 3, N'', N'', N'', N'', 43, 97, 4, N'-20;20-;', 0, 1, 0, 3, CAST(0x00009BE20129C52E AS DateTime), CAST(0x00009BE600F7119C AS DateTime))
INSERT [dbo].[Nop_Category] ([CategoryID], [Name], [Description], [TemplateID], [MetaKeywords], [MetaDescription], [MetaTitle], [SEName], [ParentCategoryID], [PictureID], [PageSize], [PriceRanges], [ShowOnHomePage], [Published], [Deleted], [DisplayOrder], [CreatedOn], [UpdatedOn]) VALUES (47, N'Accessories', N'', 3, N'', N'', N'', N'', 43, 96, 4, N'-30;30-;', 0, 1, 0, 4, CAST(0x00009BE2012A5D2C AS DateTime), CAST(0x00009BE600F76D91 AS DateTime))
INSERT [dbo].[Nop_Category] ([CategoryID], [Name], [Description], [TemplateID], [MetaKeywords], [MetaDescription], [MetaTitle], [SEName], [ParentCategoryID], [PictureID], [PageSize], [PriceRanges], [ShowOnHomePage], [Published], [Deleted], [DisplayOrder], [CreatedOn], [UpdatedOn]) VALUES (48, N'Digital downloads', N'', 5, N'', N'', N'', N'', 0, 158, 3, N'', 0, 1, 0, 6, CAST(0x00009BE2012A7094 AS DateTime), CAST(0x00009BE60109E54C AS DateTime))
INSERT [dbo].[Nop_Category] ([CategoryID], [Name], [Description], [TemplateID], [MetaKeywords], [MetaDescription], [MetaTitle], [SEName], [ParentCategoryID], [PictureID], [PageSize], [PriceRanges], [ShowOnHomePage], [Published], [Deleted], [DisplayOrder], [CreatedOn], [UpdatedOn]) VALUES (49, N'Jewelry', N'', 5, N'', N'', N'', N'', 0, 150, 3, N'0-500;500-700;700-3000;', 0, 1, 0, 7, CAST(0x00009BE2012A8F5B AS DateTime), CAST(0x00009BE60106FBB4 AS DateTime))
INSERT [dbo].[Nop_Category] ([CategoryID], [Name], [Description], [TemplateID], [MetaKeywords], [MetaDescription], [MetaTitle], [SEName], [ParentCategoryID], [PictureID], [PageSize], [PriceRanges], [ShowOnHomePage], [Published], [Deleted], [DisplayOrder], [CreatedOn], [UpdatedOn]) VALUES (50, N'Desktops', N'', 5, N'', N'', N'', N'', 30, 161, 3, N'-1000;1000-1200;1200-;', 0, 1, 0, 1, CAST(0x00009BE300C03653 AS DateTime), CAST(0x00009E3100BCD5A8 AS DateTime))
INSERT [dbo].[Nop_Category] ([CategoryID], [Name], [Description], [TemplateID], [MetaKeywords], [MetaDescription], [MetaTitle], [SEName], [ParentCategoryID], [PictureID], [PageSize], [PriceRanges], [ShowOnHomePage], [Published], [Deleted], [DisplayOrder], [CreatedOn], [UpdatedOn]) VALUES (51, N'Notebooks', N'', 5, N'', N'', N'', N'', 30, 167, 3, N'', 0, 1, 0, 2, CAST(0x00009BE300C08F35 AS DateTime), CAST(0x00009CD400A019C4 AS DateTime))
INSERT [dbo].[Nop_Category] ([CategoryID], [Name], [Description], [TemplateID], [MetaKeywords], [MetaDescription], [MetaTitle], [SEName], [ParentCategoryID], [PictureID], [PageSize], [PriceRanges], [ShowOnHomePage], [Published], [Deleted], [DisplayOrder], [CreatedOn], [UpdatedOn]) VALUES (52, N'Gift Cards', N'', 3, N'', N'', N'', N'', 0, 168, 4, N'', 0, 1, 0, 10, CAST(0x00009D3000911D8E AS DateTime), CAST(0x00009D30009423D1 AS DateTime))
SET IDENTITY_INSERT [dbo].[Nop_Category] OFF
GO


SET IDENTITY_INSERT [dbo].[Nop_Product_Category_Mapping] ON
INSERT [dbo].[Nop_Product_Category_Mapping] ([ProductCategoryID], [ProductID], [CategoryID], [IsFeaturedProduct], [DisplayOrder]) VALUES (81, 45, 49, 0, 1)
INSERT [dbo].[Nop_Product_Category_Mapping] ([ProductCategoryID], [ProductID], [CategoryID], [IsFeaturedProduct], [DisplayOrder]) VALUES (82, 46, 49, 0, 3)
INSERT [dbo].[Nop_Product_Category_Mapping] ([ProductCategoryID], [ProductID], [CategoryID], [IsFeaturedProduct], [DisplayOrder]) VALUES (83, 47, 49, 0, 4)
INSERT [dbo].[Nop_Product_Category_Mapping] ([ProductCategoryID], [ProductID], [CategoryID], [IsFeaturedProduct], [DisplayOrder]) VALUES (84, 48, 49, 0, 1)
INSERT [dbo].[Nop_Product_Category_Mapping] ([ProductCategoryID], [ProductID], [CategoryID], [IsFeaturedProduct], [DisplayOrder]) VALUES (85, 49, 46, 0, 1)
INSERT [dbo].[Nop_Product_Category_Mapping] ([ProductCategoryID], [ProductID], [CategoryID], [IsFeaturedProduct], [DisplayOrder]) VALUES (86, 50, 46, 0, 1)
INSERT [dbo].[Nop_Product_Category_Mapping] ([ProductCategoryID], [ProductID], [CategoryID], [IsFeaturedProduct], [DisplayOrder]) VALUES (87, 51, 45, 0, 1)
INSERT [dbo].[Nop_Product_Category_Mapping] ([ProductCategoryID], [ProductID], [CategoryID], [IsFeaturedProduct], [DisplayOrder]) VALUES (88, 52, 45, 0, 1)
INSERT [dbo].[Nop_Product_Category_Mapping] ([ProductCategoryID], [ProductID], [CategoryID], [IsFeaturedProduct], [DisplayOrder]) VALUES (90, 53, 44, 0, 1)
INSERT [dbo].[Nop_Product_Category_Mapping] ([ProductCategoryID], [ProductID], [CategoryID], [IsFeaturedProduct], [DisplayOrder]) VALUES (91, 54, 44, 0, 1)
INSERT [dbo].[Nop_Product_Category_Mapping] ([ProductCategoryID], [ProductID], [CategoryID], [IsFeaturedProduct], [DisplayOrder]) VALUES (92, 55, 47, 0, 1)
INSERT [dbo].[Nop_Product_Category_Mapping] ([ProductCategoryID], [ProductID], [CategoryID], [IsFeaturedProduct], [DisplayOrder]) VALUES (93, 56, 47, 0, 1)
INSERT [dbo].[Nop_Product_Category_Mapping] ([ProductCategoryID], [ProductID], [CategoryID], [IsFeaturedProduct], [DisplayOrder]) VALUES (94, 57, 47, 0, 1)
INSERT [dbo].[Nop_Product_Category_Mapping] ([ProductCategoryID], [ProductID], [CategoryID], [IsFeaturedProduct], [DisplayOrder]) VALUES (95, 58, 48, 0, 1)
INSERT [dbo].[Nop_Product_Category_Mapping] ([ProductCategoryID], [ProductID], [CategoryID], [IsFeaturedProduct], [DisplayOrder]) VALUES (96, 59, 48, 0, 1)
INSERT [dbo].[Nop_Product_Category_Mapping] ([ProductCategoryID], [ProductID], [CategoryID], [IsFeaturedProduct], [DisplayOrder]) VALUES (97, 60, 29, 0, 4)
INSERT [dbo].[Nop_Product_Category_Mapping] ([ProductCategoryID], [ProductID], [CategoryID], [IsFeaturedProduct], [DisplayOrder]) VALUES (98, 61, 29, 0, 2)
INSERT [dbo].[Nop_Product_Category_Mapping] ([ProductCategoryID], [ProductID], [CategoryID], [IsFeaturedProduct], [DisplayOrder]) VALUES (99, 62, 29, 0, 3)
INSERT [dbo].[Nop_Product_Category_Mapping] ([ProductCategoryID], [ProductID], [CategoryID], [IsFeaturedProduct], [DisplayOrder]) VALUES (100, 63, 29, 0, 1)
INSERT [dbo].[Nop_Product_Category_Mapping] ([ProductCategoryID], [ProductID], [CategoryID], [IsFeaturedProduct], [DisplayOrder]) VALUES (101, 64, 50, 0, 4)
INSERT [dbo].[Nop_Product_Category_Mapping] ([ProductCategoryID], [ProductID], [CategoryID], [IsFeaturedProduct], [DisplayOrder]) VALUES (102, 65, 50, 0, 2)
INSERT [dbo].[Nop_Product_Category_Mapping] ([ProductCategoryID], [ProductID], [CategoryID], [IsFeaturedProduct], [DisplayOrder]) VALUES (103, 66, 50, 0, 3)
INSERT [dbo].[Nop_Product_Category_Mapping] ([ProductCategoryID], [ProductID], [CategoryID], [IsFeaturedProduct], [DisplayOrder]) VALUES (104, 67, 50, 0, 1)
INSERT [dbo].[Nop_Product_Category_Mapping] ([ProductCategoryID], [ProductID], [CategoryID], [IsFeaturedProduct], [DisplayOrder]) VALUES (105, 68, 51, 0, 1)
INSERT [dbo].[Nop_Product_Category_Mapping] ([ProductCategoryID], [ProductID], [CategoryID], [IsFeaturedProduct], [DisplayOrder]) VALUES (106, 69, 51, 0, 1)
INSERT [dbo].[Nop_Product_Category_Mapping] ([ProductCategoryID], [ProductID], [CategoryID], [IsFeaturedProduct], [DisplayOrder]) VALUES (107, 70, 51, 0, 1)
INSERT [dbo].[Nop_Product_Category_Mapping] ([ProductCategoryID], [ProductID], [CategoryID], [IsFeaturedProduct], [DisplayOrder]) VALUES (108, 71, 51, 0, 1)
INSERT [dbo].[Nop_Product_Category_Mapping] ([ProductCategoryID], [ProductID], [CategoryID], [IsFeaturedProduct], [DisplayOrder]) VALUES (109, 72, 51, 0, 1)
INSERT [dbo].[Nop_Product_Category_Mapping] ([ProductCategoryID], [ProductID], [CategoryID], [IsFeaturedProduct], [DisplayOrder]) VALUES (110, 73, 31, 0, 1)
INSERT [dbo].[Nop_Product_Category_Mapping] ([ProductCategoryID], [ProductID], [CategoryID], [IsFeaturedProduct], [DisplayOrder]) VALUES (111, 74, 31, 0, 1)
INSERT [dbo].[Nop_Product_Category_Mapping] ([ProductCategoryID], [ProductID], [CategoryID], [IsFeaturedProduct], [DisplayOrder]) VALUES (112, 75, 31, 0, 1)
INSERT [dbo].[Nop_Product_Category_Mapping] ([ProductCategoryID], [ProductID], [CategoryID], [IsFeaturedProduct], [DisplayOrder]) VALUES (113, 76, 33, 0, 1)
INSERT [dbo].[Nop_Product_Category_Mapping] ([ProductCategoryID], [ProductID], [CategoryID], [IsFeaturedProduct], [DisplayOrder]) VALUES (114, 77, 33, 0, 2)
INSERT [dbo].[Nop_Product_Category_Mapping] ([ProductCategoryID], [ProductID], [CategoryID], [IsFeaturedProduct], [DisplayOrder]) VALUES (115, 78, 33, 0, 3)
INSERT [dbo].[Nop_Product_Category_Mapping] ([ProductCategoryID], [ProductID], [CategoryID], [IsFeaturedProduct], [DisplayOrder]) VALUES (116, 79, 32, 0, 1)
INSERT [dbo].[Nop_Product_Category_Mapping] ([ProductCategoryID], [ProductID], [CategoryID], [IsFeaturedProduct], [DisplayOrder]) VALUES (117, 80, 32, 0, 2)
INSERT [dbo].[Nop_Product_Category_Mapping] ([ProductCategoryID], [ProductID], [CategoryID], [IsFeaturedProduct], [DisplayOrder]) VALUES (118, 81, 38, 0, 1)
INSERT [dbo].[Nop_Product_Category_Mapping] ([ProductCategoryID], [ProductID], [CategoryID], [IsFeaturedProduct], [DisplayOrder]) VALUES (119, 82, 38, 0, 2)
INSERT [dbo].[Nop_Product_Category_Mapping] ([ProductCategoryID], [ProductID], [CategoryID], [IsFeaturedProduct], [DisplayOrder]) VALUES (120, 83, 36, 0, 2)
INSERT [dbo].[Nop_Product_Category_Mapping] ([ProductCategoryID], [ProductID], [CategoryID], [IsFeaturedProduct], [DisplayOrder]) VALUES (121, 84, 36, 0, 3)
INSERT [dbo].[Nop_Product_Category_Mapping] ([ProductCategoryID], [ProductID], [CategoryID], [IsFeaturedProduct], [DisplayOrder]) VALUES (122, 85, 36, 0, 1)
INSERT [dbo].[Nop_Product_Category_Mapping] ([ProductCategoryID], [ProductID], [CategoryID], [IsFeaturedProduct], [DisplayOrder]) VALUES (123, 86, 44, 0, 1)
INSERT [dbo].[Nop_Product_Category_Mapping] ([ProductCategoryID], [ProductID], [CategoryID], [IsFeaturedProduct], [DisplayOrder]) VALUES (124, 87, 48, 0, 1)
INSERT [dbo].[Nop_Product_Category_Mapping] ([ProductCategoryID], [ProductID], [CategoryID], [IsFeaturedProduct], [DisplayOrder]) VALUES (125, 88, 52, 0, 1)
INSERT [dbo].[Nop_Product_Category_Mapping] ([ProductCategoryID], [ProductID], [CategoryID], [IsFeaturedProduct], [DisplayOrder]) VALUES (126, 89, 52, 0, 2)
INSERT [dbo].[Nop_Product_Category_Mapping] ([ProductCategoryID], [ProductID], [CategoryID], [IsFeaturedProduct], [DisplayOrder]) VALUES (127, 90, 52, 0, 3)
INSERT [dbo].[Nop_Product_Category_Mapping] ([ProductCategoryID], [ProductID], [CategoryID], [IsFeaturedProduct], [DisplayOrder]) VALUES (128, 91, 52, 0, 4)
INSERT [dbo].[Nop_Product_Category_Mapping] ([ProductCategoryID], [ProductID], [CategoryID], [IsFeaturedProduct], [DisplayOrder]) VALUES (129, 92, 47, 0, 4)
INSERT [dbo].[Nop_Product_Category_Mapping] ([ProductCategoryID], [ProductID], [CategoryID], [IsFeaturedProduct], [DisplayOrder]) VALUES (130, 93, 36, 0, 4)
INSERT [dbo].[Nop_Product_Category_Mapping] ([ProductCategoryID], [ProductID], [CategoryID], [IsFeaturedProduct], [DisplayOrder]) VALUES (131, 94, 31, 0, 4)
INSERT [dbo].[Nop_Product_Category_Mapping] ([ProductCategoryID], [ProductID], [CategoryID], [IsFeaturedProduct], [DisplayOrder]) VALUES (132, 95, 33, 0, 4)
SET IDENTITY_INSERT [dbo].[Nop_Product_Category_Mapping] OFF
GO


SET IDENTITY_INSERT [dbo].[Nop_ProductVariant_ProductAttribute_Mapping] ON
INSERT [dbo].[Nop_ProductVariant_ProductAttribute_Mapping] ([ProductVariantAttributeID], [ProductVariantID], [ProductAttributeID], [TextPrompt], [IsRequired], [AttributeControlTypeID], [DisplayOrder]) VALUES (16, 58, 5, N'', 1, 1, 2)
INSERT [dbo].[Nop_ProductVariant_ProductAttribute_Mapping] ([ProductVariantAttributeID], [ProductVariantID], [ProductAttributeID], [TextPrompt], [IsRequired], [AttributeControlTypeID], [DisplayOrder]) VALUES (17, 58, 4, N'', 1, 1, 1)
INSERT [dbo].[Nop_ProductVariant_ProductAttribute_Mapping] ([ProductVariantAttributeID], [ProductVariantID], [ProductAttributeID], [TextPrompt], [IsRequired], [AttributeControlTypeID], [DisplayOrder]) VALUES (18, 59, 5, N'', 1, 1, 2)
INSERT [dbo].[Nop_ProductVariant_ProductAttribute_Mapping] ([ProductVariantAttributeID], [ProductVariantID], [ProductAttributeID], [TextPrompt], [IsRequired], [AttributeControlTypeID], [DisplayOrder]) VALUES (19, 59, 4, N'', 1, 1, 1)
INSERT [dbo].[Nop_ProductVariant_ProductAttribute_Mapping] ([ProductVariantAttributeID], [ProductVariantID], [ProductAttributeID], [TextPrompt], [IsRequired], [AttributeControlTypeID], [DisplayOrder]) VALUES (20, 63, 4, N'', 1, 1, 1)
INSERT [dbo].[Nop_ProductVariant_ProductAttribute_Mapping] ([ProductVariantAttributeID], [ProductVariantID], [ProductAttributeID], [TextPrompt], [IsRequired], [AttributeControlTypeID], [DisplayOrder]) VALUES (21, 64, 5, N'', 1, 1, 1)
INSERT [dbo].[Nop_ProductVariant_ProductAttribute_Mapping] ([ProductVariantAttributeID], [ProductVariantID], [ProductAttributeID], [TextPrompt], [IsRequired], [AttributeControlTypeID], [DisplayOrder]) VALUES (22, 76, 6, N'', 1, 1, 1)
INSERT [dbo].[Nop_ProductVariant_ProductAttribute_Mapping] ([ProductVariantAttributeID], [ProductVariantID], [ProductAttributeID], [TextPrompt], [IsRequired], [AttributeControlTypeID], [DisplayOrder]) VALUES (23, 76, 7, N'', 1, 1, 2)
INSERT [dbo].[Nop_ProductVariant_ProductAttribute_Mapping] ([ProductVariantAttributeID], [ProductVariantID], [ProductAttributeID], [TextPrompt], [IsRequired], [AttributeControlTypeID], [DisplayOrder]) VALUES (24, 76, 8, N'', 1, 2, 3)
INSERT [dbo].[Nop_ProductVariant_ProductAttribute_Mapping] ([ProductVariantAttributeID], [ProductVariantID], [ProductAttributeID], [TextPrompt], [IsRequired], [AttributeControlTypeID], [DisplayOrder]) VALUES (25, 76, 9, N'', 1, 2, 4)
INSERT [dbo].[Nop_ProductVariant_ProductAttribute_Mapping] ([ProductVariantAttributeID], [ProductVariantID], [ProductAttributeID], [TextPrompt], [IsRequired], [AttributeControlTypeID], [DisplayOrder]) VALUES (26, 76, 10, N'', 0, 3, 5)
INSERT [dbo].[Nop_ProductVariant_ProductAttribute_Mapping] ([ProductVariantAttributeID], [ProductVariantID], [ProductAttributeID], [TextPrompt], [IsRequired], [AttributeControlTypeID], [DisplayOrder]) VALUES (27, 96, 11, N'Enter your text:', 1, 4, 1)
SET IDENTITY_INSERT [dbo].[Nop_ProductVariant_ProductAttribute_Mapping] OFF
GO


SET IDENTITY_INSERT [dbo].[Nop_ProductVariantAttributeValue] ON
INSERT [dbo].[Nop_ProductVariantAttributeValue] ([ProductVariantAttributeValueID], [ProductVariantAttributeID], [Name], [PriceAdjustment], [WeightAdjustment], [IsPreSelected], [DisplayOrder]) VALUES (29, 19, N'8', 0.0000, CAST(0.0000 AS Decimal(18, 4)), 0, 1)
INSERT [dbo].[Nop_ProductVariantAttributeValue] ([ProductVariantAttributeValueID], [ProductVariantAttributeID], [Name], [PriceAdjustment], [WeightAdjustment], [IsPreSelected], [DisplayOrder]) VALUES (30, 19, N'9', 0.0000, CAST(0.0000 AS Decimal(18, 4)), 0, 2)
INSERT [dbo].[Nop_ProductVariantAttributeValue] ([ProductVariantAttributeValueID], [ProductVariantAttributeID], [Name], [PriceAdjustment], [WeightAdjustment], [IsPreSelected], [DisplayOrder]) VALUES (31, 19, N'10', 0.0000, CAST(0.0000 AS Decimal(18, 4)), 0, 3)
INSERT [dbo].[Nop_ProductVariantAttributeValue] ([ProductVariantAttributeValueID], [ProductVariantAttributeID], [Name], [PriceAdjustment], [WeightAdjustment], [IsPreSelected], [DisplayOrder]) VALUES (32, 19, N'11', 0.0000, CAST(0.0000 AS Decimal(18, 4)), 0, 4)
INSERT [dbo].[Nop_ProductVariantAttributeValue] ([ProductVariantAttributeValueID], [ProductVariantAttributeID], [Name], [PriceAdjustment], [WeightAdjustment], [IsPreSelected], [DisplayOrder]) VALUES (34, 17, N'8', 0.0000, CAST(0.0000 AS Decimal(18, 4)), 0, 1)
INSERT [dbo].[Nop_ProductVariantAttributeValue] ([ProductVariantAttributeValueID], [ProductVariantAttributeID], [Name], [PriceAdjustment], [WeightAdjustment], [IsPreSelected], [DisplayOrder]) VALUES (35, 17, N'9', 0.0000, CAST(0.0000 AS Decimal(18, 4)), 0, 2)
INSERT [dbo].[Nop_ProductVariantAttributeValue] ([ProductVariantAttributeValueID], [ProductVariantAttributeID], [Name], [PriceAdjustment], [WeightAdjustment], [IsPreSelected], [DisplayOrder]) VALUES (36, 17, N'10', 0.0000, CAST(0.0000 AS Decimal(18, 4)), 0, 3)
INSERT [dbo].[Nop_ProductVariantAttributeValue] ([ProductVariantAttributeValueID], [ProductVariantAttributeID], [Name], [PriceAdjustment], [WeightAdjustment], [IsPreSelected], [DisplayOrder]) VALUES (37, 17, N'11', 0.0000, CAST(0.0000 AS Decimal(18, 4)), 0, 4)
INSERT [dbo].[Nop_ProductVariantAttributeValue] ([ProductVariantAttributeValueID], [ProductVariantAttributeID], [Name], [PriceAdjustment], [WeightAdjustment], [IsPreSelected], [DisplayOrder]) VALUES (39, 18, N'White/Black', 0.0000, CAST(0.0000 AS Decimal(18, 4)), 0, 1)
INSERT [dbo].[Nop_ProductVariantAttributeValue] ([ProductVariantAttributeValueID], [ProductVariantAttributeID], [Name], [PriceAdjustment], [WeightAdjustment], [IsPreSelected], [DisplayOrder]) VALUES (40, 18, N'White/Blue', 0.0000, CAST(0.0000 AS Decimal(18, 4)), 0, 2)
INSERT [dbo].[Nop_ProductVariantAttributeValue] ([ProductVariantAttributeValueID], [ProductVariantAttributeID], [Name], [PriceAdjustment], [WeightAdjustment], [IsPreSelected], [DisplayOrder]) VALUES (41, 16, N'White/Blue', 0.0000, CAST(0.0000 AS Decimal(18, 4)), 0, 1)
INSERT [dbo].[Nop_ProductVariantAttributeValue] ([ProductVariantAttributeValueID], [ProductVariantAttributeID], [Name], [PriceAdjustment], [WeightAdjustment], [IsPreSelected], [DisplayOrder]) VALUES (42, 16, N'White/Black', 0.0000, CAST(0.0000 AS Decimal(18, 4)), 0, 2)
INSERT [dbo].[Nop_ProductVariantAttributeValue] ([ProductVariantAttributeValueID], [ProductVariantAttributeID], [Name], [PriceAdjustment], [WeightAdjustment], [IsPreSelected], [DisplayOrder]) VALUES (43, 20, N'Small', 0.0000, CAST(0.0000 AS Decimal(18, 4)), 0, 1)
INSERT [dbo].[Nop_ProductVariantAttributeValue] ([ProductVariantAttributeValueID], [ProductVariantAttributeID], [Name], [PriceAdjustment], [WeightAdjustment], [IsPreSelected], [DisplayOrder]) VALUES (44, 20, N'3X', 0.0000, CAST(0.0000 AS Decimal(18, 4)), 0, 2)
INSERT [dbo].[Nop_ProductVariantAttributeValue] ([ProductVariantAttributeValueID], [ProductVariantAttributeID], [Name], [PriceAdjustment], [WeightAdjustment], [IsPreSelected], [DisplayOrder]) VALUES (45, 20, N'4X', 0.0000, CAST(0.0000 AS Decimal(18, 4)), 0, 3)
INSERT [dbo].[Nop_ProductVariantAttributeValue] ([ProductVariantAttributeValueID], [ProductVariantAttributeID], [Name], [PriceAdjustment], [WeightAdjustment], [IsPreSelected], [DisplayOrder]) VALUES (46, 20, N'5X', 0.0000, CAST(0.0000 AS Decimal(18, 4)), 0, 4)
INSERT [dbo].[Nop_ProductVariantAttributeValue] ([ProductVariantAttributeValueID], [ProductVariantAttributeID], [Name], [PriceAdjustment], [WeightAdjustment], [IsPreSelected], [DisplayOrder]) VALUES (47, 20, N'1X', 0.0000, CAST(0.0000 AS Decimal(18, 4)), 0, 5)
INSERT [dbo].[Nop_ProductVariantAttributeValue] ([ProductVariantAttributeValueID], [ProductVariantAttributeID], [Name], [PriceAdjustment], [WeightAdjustment], [IsPreSelected], [DisplayOrder]) VALUES (48, 20, N'2X', 0.0000, CAST(0.0000 AS Decimal(18, 4)), 0, 6)
INSERT [dbo].[Nop_ProductVariantAttributeValue] ([ProductVariantAttributeValueID], [ProductVariantAttributeID], [Name], [PriceAdjustment], [WeightAdjustment], [IsPreSelected], [DisplayOrder]) VALUES (49, 21, N'Small', 0.0000, CAST(0.0000 AS Decimal(18, 4)), 0, 1)
INSERT [dbo].[Nop_ProductVariantAttributeValue] ([ProductVariantAttributeValueID], [ProductVariantAttributeID], [Name], [PriceAdjustment], [WeightAdjustment], [IsPreSelected], [DisplayOrder]) VALUES (50, 21, N'Medium', 0.0000, CAST(0.0000 AS Decimal(18, 4)), 0, 2)
INSERT [dbo].[Nop_ProductVariantAttributeValue] ([ProductVariantAttributeValueID], [ProductVariantAttributeID], [Name], [PriceAdjustment], [WeightAdjustment], [IsPreSelected], [DisplayOrder]) VALUES (51, 21, N'Large', 0.0000, CAST(0.0000 AS Decimal(18, 4)), 0, 3)
INSERT [dbo].[Nop_ProductVariantAttributeValue] ([ProductVariantAttributeValueID], [ProductVariantAttributeID], [Name], [PriceAdjustment], [WeightAdjustment], [IsPreSelected], [DisplayOrder]) VALUES (52, 21, N'X-Large', 0.0000, CAST(0.0000 AS Decimal(18, 4)), 0, 4)
INSERT [dbo].[Nop_ProductVariantAttributeValue] ([ProductVariantAttributeValueID], [ProductVariantAttributeID], [Name], [PriceAdjustment], [WeightAdjustment], [IsPreSelected], [DisplayOrder]) VALUES (53, 22, N'2.2 GHz Intel Pentium Dual-Core E2200', 0.0000, CAST(0.0000 AS Decimal(18, 4)), 0, 1)
INSERT [dbo].[Nop_ProductVariantAttributeValue] ([ProductVariantAttributeValueID], [ProductVariantAttributeID], [Name], [PriceAdjustment], [WeightAdjustment], [IsPreSelected], [DisplayOrder]) VALUES (54, 22, N'2.5 GHz Intel Pentium Dual-Core E2200', 15.0000, CAST(0.0000 AS Decimal(18, 4)), 1, 2)
INSERT [dbo].[Nop_ProductVariantAttributeValue] ([ProductVariantAttributeValueID], [ProductVariantAttributeID], [Name], [PriceAdjustment], [WeightAdjustment], [IsPreSelected], [DisplayOrder]) VALUES (55, 23, N'2 GB', 0.0000, CAST(0.0000 AS Decimal(18, 4)), 0, 1)
INSERT [dbo].[Nop_ProductVariantAttributeValue] ([ProductVariantAttributeValueID], [ProductVariantAttributeID], [Name], [PriceAdjustment], [WeightAdjustment], [IsPreSelected], [DisplayOrder]) VALUES (56, 23, N'4GB', 20.0000, CAST(0.0000 AS Decimal(18, 4)), 0, 2)
INSERT [dbo].[Nop_ProductVariantAttributeValue] ([ProductVariantAttributeValueID], [ProductVariantAttributeID], [Name], [PriceAdjustment], [WeightAdjustment], [IsPreSelected], [DisplayOrder]) VALUES (57, 23, N'8GB', 60.0000, CAST(0.0000 AS Decimal(18, 4)), 0, 3)
INSERT [dbo].[Nop_ProductVariantAttributeValue] ([ProductVariantAttributeValueID], [ProductVariantAttributeID], [Name], [PriceAdjustment], [WeightAdjustment], [IsPreSelected], [DisplayOrder]) VALUES (58, 24, N'320 GB', 0.0000, CAST(0.0000 AS Decimal(18, 4)), 0, 1)
INSERT [dbo].[Nop_ProductVariantAttributeValue] ([ProductVariantAttributeValueID], [ProductVariantAttributeID], [Name], [PriceAdjustment], [WeightAdjustment], [IsPreSelected], [DisplayOrder]) VALUES (59, 24, N'400 GB', 100.0000, CAST(0.0000 AS Decimal(18, 4)), 0, 2)
INSERT [dbo].[Nop_ProductVariantAttributeValue] ([ProductVariantAttributeValueID], [ProductVariantAttributeID], [Name], [PriceAdjustment], [WeightAdjustment], [IsPreSelected], [DisplayOrder]) VALUES (60, 25, N'Vista Home', 50.0000, CAST(0.0000 AS Decimal(18, 4)), 0, 1)
INSERT [dbo].[Nop_ProductVariantAttributeValue] ([ProductVariantAttributeValueID], [ProductVariantAttributeID], [Name], [PriceAdjustment], [WeightAdjustment], [IsPreSelected], [DisplayOrder]) VALUES (61, 25, N'Vista Premium', 60.0000, CAST(0.0000 AS Decimal(18, 4)), 1, 2)
INSERT [dbo].[Nop_ProductVariantAttributeValue] ([ProductVariantAttributeValueID], [ProductVariantAttributeID], [Name], [PriceAdjustment], [WeightAdjustment], [IsPreSelected], [DisplayOrder]) VALUES (62, 26, N'Microsoft Office', 50.0000, CAST(0.0000 AS Decimal(18, 4)), 1, 1)
INSERT [dbo].[Nop_ProductVariantAttributeValue] ([ProductVariantAttributeValueID], [ProductVariantAttributeID], [Name], [PriceAdjustment], [WeightAdjustment], [IsPreSelected], [DisplayOrder]) VALUES (63, 26, N'Acrobat Reader', 10.0000, CAST(0.0000 AS Decimal(18, 4)), 0, 2)
INSERT [dbo].[Nop_ProductVariantAttributeValue] ([ProductVariantAttributeValueID], [ProductVariantAttributeID], [Name], [PriceAdjustment], [WeightAdjustment], [IsPreSelected], [DisplayOrder]) VALUES (64, 26, N'Total Commander', 5.0000, CAST(0.0000 AS Decimal(18, 4)), 0, 3)
SET IDENTITY_INSERT [dbo].[Nop_ProductVariantAttributeValue] OFF
GO


SET IDENTITY_INSERT [dbo].[Nop_News] ON
INSERT [dbo].[Nop_News] ([NewsID], [LanguageID], [Title], [Short], [Full], [Published], [AllowComments], [CreatedOn]) VALUES (9, 7, N'New online store is open!', N'The new nopCommerce store is open now! We are very excited to offer our new range of products. We will be constantly adding to our range so please register on our site, this will enable you to keep up to date with any new products.', N'<p>Our online store is officially up and running. Stock up for the holiday season! We have a great selection of items. We will be constantly adding to our range so please register on our site, this will enable you to keep up to date with any new products.</p>
<p>All shipping is worldwide and will leave the same day an order is placed! Happy Shopping and spread the word!!</p>', 1, 1, CAST(0x00009DCD00FEDD50 AS DateTime))
INSERT [dbo].[Nop_News] ([NewsID], [LanguageID], [Title], [Short], [Full], [Published], [AllowComments], [CreatedOn]) VALUES (10, 7, N'nopCommerce new release!', N'nopCommerce includes everything you need to begin your e-commerce online store. We have thought of everything and it''s all included!<br /><br />nopCommerce is a fully customizable shopping cart. It''s stable and highly usable. From downloads to documentation, www.nopCommerce.com offers a comprehensive base of information, resources, and support to the nopCommerce community.', N'<p>nopCommerce includes everything you need to begin your e-commerce online store. We have thought of everything and it''s all included!</p>
<p>For full feature list go to <a href="http://www.nopCommerce.com">nopCommerce.com</a></p>
<p>Providing outstanding custom search engine optimization, web development services and e-commerce development solutions to our clients at a fair price in a professional manner.</p>', 1, 1, CAST(0x00009DCE00FF7DDC AS DateTime))
SET IDENTITY_INSERT [dbo].[Nop_News] OFF
GO


SET IDENTITY_INSERT [dbo].[Nop_TierPrice] ON
INSERT [dbo].[Nop_TierPrice] ([TierPriceID], [ProductVariantID], [Quantity], [Price]) VALUES (1, 82, 2, 19.0000)
INSERT [dbo].[Nop_TierPrice] ([TierPriceID], [ProductVariantID], [Quantity], [Price]) VALUES (2, 82, 5, 17.0000)
INSERT [dbo].[Nop_TierPrice] ([TierPriceID], [ProductVariantID], [Quantity], [Price]) VALUES (3, 82, 10, 15.0000)
INSERT [dbo].[Nop_TierPrice] ([TierPriceID], [ProductVariantID], [Quantity], [Price]) VALUES (5, 62, 3, 21.0000)
INSERT [dbo].[Nop_TierPrice] ([TierPriceID], [ProductVariantID], [Quantity], [Price]) VALUES (6, 62, 7, 19.0000)
INSERT [dbo].[Nop_TierPrice] ([TierPriceID], [ProductVariantID], [Quantity], [Price]) VALUES (7, 62, 10, 16.0000)
INSERT [dbo].[Nop_TierPrice] ([TierPriceID], [ProductVariantID], [Quantity], [Price]) VALUES (8, 60, 3, 40.0000)
INSERT [dbo].[Nop_TierPrice] ([TierPriceID], [ProductVariantID], [Quantity], [Price]) VALUES (9, 60, 6, 38.0000)
INSERT [dbo].[Nop_TierPrice] ([TierPriceID], [ProductVariantID], [Quantity], [Price]) VALUES (10, 60, 10, 35.0000)
SET IDENTITY_INSERT [dbo].[Nop_TierPrice] OFF
GO



SET IDENTITY_INSERT [dbo].[Nop_Forums_Group] ON
INSERT [dbo].[Nop_Forums_Group] ([ForumGroupID], [Name], [Description], [DisplayOrder], [CreatedOn], [UpdatedOn]) VALUES (2, N'General', N'', 5, CAST(0x00009D300083B42A AS DateTime), CAST(0x00009D300083DC6D AS DateTime))
SET IDENTITY_INSERT [dbo].[Nop_Forums_Group] OFF
GO


SET IDENTITY_INSERT [dbo].[Nop_Forums_Forum] ON
INSERT [dbo].[Nop_Forums_Forum] ([ForumID], [ForumGroupID], [Name], [Description], [NumTopics], [NumPosts], [LastTopicID], [LastPostID], [LastPostUserID], [LastPostTime], [DisplayOrder], [CreatedOn], [UpdatedOn]) VALUES (2, 2, N'New products', N'Discuss new products and industry trends', 0, 0, 0, 0, 0, NULL, 1, CAST(0x00009D300083EE2C AS DateTime), CAST(0x00009D300084E261 AS DateTime))
INSERT [dbo].[Nop_Forums_Forum] ([ForumID], [ForumGroupID], [Name], [Description], [NumTopics], [NumPosts], [LastTopicID], [LastPostID], [LastPostUserID], [LastPostTime], [DisplayOrder], [CreatedOn], [UpdatedOn]) VALUES (3, 2, N'Mobile Devices Forum', N'Discuss the mobile phone market', 0, 0, 0, 0, 0, NULL, 10, CAST(0x00009D300084020E AS DateTime), CAST(0x00009D3000855B27 AS DateTime))
INSERT [dbo].[Nop_Forums_Forum] ([ForumID], [ForumGroupID], [Name], [Description], [NumTopics], [NumPosts], [LastTopicID], [LastPostID], [LastPostUserID], [LastPostTime], [DisplayOrder], [CreatedOn], [UpdatedOn]) VALUES (4, 2, N'Packaging & Shipping', N'Discuss packaging & shipping', 0, 0, 0, 0, 0, NULL, 20, CAST(0x00009D300085B80B AS DateTime), CAST(0x00009D300085B80B AS DateTime))
SET IDENTITY_INSERT [dbo].[Nop_Forums_Forum] OFF
GO


SET IDENTITY_INSERT [dbo].[Nop_ProductVariantAttributeCombination] ON
INSERT [dbo].[Nop_ProductVariantAttributeCombination] ([ProductVariantAttributeCombinationID], [ProductVariantID], [AttributesXML], [StockQuantity], [AllowOutOfStockOrders]) VALUES (1, 58, N'<Attributes><ProductVariantAttribute ID="17"><ProductVariantAttributeValue><Value>34</Value></ProductVariantAttributeValue></ProductVariantAttribute><ProductVariantAttribute ID="16"><ProductVariantAttributeValue><Value>41</Value></ProductVariantAttributeValue></ProductVariantAttribute></Attributes>', 3047, 0)
INSERT [dbo].[Nop_ProductVariantAttributeCombination] ([ProductVariantAttributeCombinationID], [ProductVariantID], [AttributesXML], [StockQuantity], [AllowOutOfStockOrders]) VALUES (2, 58, N'<Attributes><ProductVariantAttribute ID="17"><ProductVariantAttributeValue><Value>34</Value></ProductVariantAttributeValue></ProductVariantAttribute><ProductVariantAttribute ID="16"><ProductVariantAttributeValue><Value>42</Value></ProductVariantAttributeValue></ProductVariantAttribute></Attributes>', 23400, 0)
INSERT [dbo].[Nop_ProductVariantAttributeCombination] ([ProductVariantAttributeCombinationID], [ProductVariantID], [AttributesXML], [StockQuantity], [AllowOutOfStockOrders]) VALUES (3, 58, N'<Attributes><ProductVariantAttribute ID="17"><ProductVariantAttributeValue><Value>35</Value></ProductVariantAttributeValue></ProductVariantAttribute><ProductVariantAttribute ID="16"><ProductVariantAttributeValue><Value>41</Value></ProductVariantAttributeValue></ProductVariantAttribute></Attributes>', 9440, 0)
INSERT [dbo].[Nop_ProductVariantAttributeCombination] ([ProductVariantAttributeCombinationID], [ProductVariantID], [AttributesXML], [StockQuantity], [AllowOutOfStockOrders]) VALUES (4, 58, N'<Attributes><ProductVariantAttribute ID="17"><ProductVariantAttributeValue><Value>35</Value></ProductVariantAttributeValue></ProductVariantAttribute><ProductVariantAttribute ID="16"><ProductVariantAttributeValue><Value>42</Value></ProductVariantAttributeValue></ProductVariantAttribute></Attributes>', 12003, 0)
INSERT [dbo].[Nop_ProductVariantAttributeCombination] ([ProductVariantAttributeCombinationID], [ProductVariantID], [AttributesXML], [StockQuantity], [AllowOutOfStockOrders]) VALUES (5, 58, N'<Attributes><ProductVariantAttribute ID="17"><ProductVariantAttributeValue><Value>36</Value></ProductVariantAttributeValue></ProductVariantAttribute><ProductVariantAttribute ID="16"><ProductVariantAttributeValue><Value>41</Value></ProductVariantAttributeValue></ProductVariantAttribute></Attributes>', 1200, 0)
INSERT [dbo].[Nop_ProductVariantAttributeCombination] ([ProductVariantAttributeCombinationID], [ProductVariantID], [AttributesXML], [StockQuantity], [AllowOutOfStockOrders]) VALUES (6, 58, N'<Attributes><ProductVariantAttribute ID="17"><ProductVariantAttributeValue><Value>36</Value></ProductVariantAttributeValue></ProductVariantAttribute><ProductVariantAttribute ID="16"><ProductVariantAttributeValue><Value>42</Value></ProductVariantAttributeValue></ProductVariantAttribute></Attributes>', 90, 1)
INSERT [dbo].[Nop_ProductVariantAttributeCombination] ([ProductVariantAttributeCombinationID], [ProductVariantID], [AttributesXML], [StockQuantity], [AllowOutOfStockOrders]) VALUES (7, 58, N'<Attributes><ProductVariantAttribute ID="17"><ProductVariantAttributeValue><Value>37</Value></ProductVariantAttributeValue></ProductVariantAttribute><ProductVariantAttribute ID="16"><ProductVariantAttributeValue><Value>41</Value></ProductVariantAttributeValue></ProductVariantAttribute></Attributes>', 4990, 1)
INSERT [dbo].[Nop_ProductVariantAttributeCombination] ([ProductVariantAttributeCombinationID], [ProductVariantID], [AttributesXML], [StockQuantity], [AllowOutOfStockOrders]) VALUES (8, 58, N'<Attributes><ProductVariantAttribute ID="17"><ProductVariantAttributeValue><Value>37</Value></ProductVariantAttributeValue></ProductVariantAttribute><ProductVariantAttribute ID="16"><ProductVariantAttributeValue><Value>42</Value></ProductVariantAttributeValue></ProductVariantAttribute></Attributes>', 10000, 0)
INSERT [dbo].[Nop_ProductVariantAttributeCombination] ([ProductVariantAttributeCombinationID], [ProductVariantID], [AttributesXML], [StockQuantity], [AllowOutOfStockOrders]) VALUES (11, 59, N'<Attributes><ProductVariantAttribute ID="19"><ProductVariantAttributeValue><Value>29</Value></ProductVariantAttributeValue></ProductVariantAttribute><ProductVariantAttribute ID="18"><ProductVariantAttributeValue><Value>39</Value></ProductVariantAttributeValue></ProductVariantAttribute></Attributes>', 45000, 0)
INSERT [dbo].[Nop_ProductVariantAttributeCombination] ([ProductVariantAttributeCombinationID], [ProductVariantID], [AttributesXML], [StockQuantity], [AllowOutOfStockOrders]) VALUES (12, 59, N'<Attributes><ProductVariantAttribute ID="19"><ProductVariantAttributeValue><Value>29</Value></ProductVariantAttributeValue></ProductVariantAttribute><ProductVariantAttribute ID="18"><ProductVariantAttributeValue><Value>40</Value></ProductVariantAttributeValue></ProductVariantAttribute></Attributes>', 3000, 1)
INSERT [dbo].[Nop_ProductVariantAttributeCombination] ([ProductVariantAttributeCombinationID], [ProductVariantID], [AttributesXML], [StockQuantity], [AllowOutOfStockOrders]) VALUES (13, 59, N'<Attributes><ProductVariantAttribute ID="19"><ProductVariantAttributeValue><Value>30</Value></ProductVariantAttributeValue></ProductVariantAttribute><ProductVariantAttribute ID="18"><ProductVariantAttributeValue><Value>39</Value></ProductVariantAttributeValue></ProductVariantAttribute></Attributes>', 700, 0)
INSERT [dbo].[Nop_ProductVariantAttributeCombination] ([ProductVariantAttributeCombinationID], [ProductVariantID], [AttributesXML], [StockQuantity], [AllowOutOfStockOrders]) VALUES (14, 59, N'<Attributes><ProductVariantAttribute ID="19"><ProductVariantAttributeValue><Value>30</Value></ProductVariantAttributeValue></ProductVariantAttribute><ProductVariantAttribute ID="18"><ProductVariantAttributeValue><Value>40</Value></ProductVariantAttributeValue></ProductVariantAttribute></Attributes>', 3883, 0)
INSERT [dbo].[Nop_ProductVariantAttributeCombination] ([ProductVariantAttributeCombinationID], [ProductVariantID], [AttributesXML], [StockQuantity], [AllowOutOfStockOrders]) VALUES (15, 59, N'<Attributes><ProductVariantAttribute ID="19"><ProductVariantAttributeValue><Value>31</Value></ProductVariantAttributeValue></ProductVariantAttribute><ProductVariantAttribute ID="18"><ProductVariantAttributeValue><Value>39</Value></ProductVariantAttributeValue></ProductVariantAttribute></Attributes>', 3787, 0)
INSERT [dbo].[Nop_ProductVariantAttributeCombination] ([ProductVariantAttributeCombinationID], [ProductVariantID], [AttributesXML], [StockQuantity], [AllowOutOfStockOrders]) VALUES (16, 59, N'<Attributes><ProductVariantAttribute ID="19"><ProductVariantAttributeValue><Value>31</Value></ProductVariantAttributeValue></ProductVariantAttribute><ProductVariantAttribute ID="18"><ProductVariantAttributeValue><Value>40</Value></ProductVariantAttributeValue></ProductVariantAttribute></Attributes>', 2850, 0)
INSERT [dbo].[Nop_ProductVariantAttributeCombination] ([ProductVariantAttributeCombinationID], [ProductVariantID], [AttributesXML], [StockQuantity], [AllowOutOfStockOrders]) VALUES (17, 59, N'<Attributes><ProductVariantAttribute ID="19"><ProductVariantAttributeValue><Value>32</Value></ProductVariantAttributeValue></ProductVariantAttribute><ProductVariantAttribute ID="18"><ProductVariantAttributeValue><Value>39</Value></ProductVariantAttributeValue></ProductVariantAttribute></Attributes>', 194, 0)
INSERT [dbo].[Nop_ProductVariantAttributeCombination] ([ProductVariantAttributeCombinationID], [ProductVariantID], [AttributesXML], [StockQuantity], [AllowOutOfStockOrders]) VALUES (18, 59, N'<Attributes><ProductVariantAttribute ID="19"><ProductVariantAttributeValue><Value>32</Value></ProductVariantAttributeValue></ProductVariantAttribute><ProductVariantAttribute ID="18"><ProductVariantAttributeValue><Value>40</Value></ProductVariantAttributeValue></ProductVariantAttribute></Attributes>', 983, 0)
SET IDENTITY_INSERT [dbo].[Nop_ProductVariantAttributeCombination] OFF
GO

SET IDENTITY_INSERT [dbo].[Nop_Manufacturer] ON
INSERT [dbo].[Nop_Manufacturer] ([ManufacturerID], [Name], [Description], [TemplateID], [MetaKeywords], [MetaDescription], [MetaTitle], [SEName], [PictureID], [PageSize], [PriceRanges], [Published], [Deleted], [DisplayOrder], [CreatedOn], [UpdatedOn]) VALUES (1, N'HP', N'', 1, N'', N'', N'', N'', 0, 4, N'', 1, 0, 5, CAST(0x00009D300082C6BF AS DateTime), CAST(0x00009D300082E245 AS DateTime))
INSERT [dbo].[Nop_Manufacturer] ([ManufacturerID], [Name], [Description], [TemplateID], [MetaKeywords], [MetaDescription], [MetaTitle], [SEName], [PictureID], [PageSize], [PriceRanges], [Published], [Deleted], [DisplayOrder], [CreatedOn], [UpdatedOn]) VALUES (2, N'ASUS', N'', 1, N'', N'', N'', N'', 0, 4, N'', 1, 0, 2, CAST(0x00009D300082F4F7 AS DateTime), CAST(0x00009D300082F4F7 AS DateTime))
SET IDENTITY_INSERT [dbo].[Nop_Manufacturer] OFF
GO



SET IDENTITY_INSERT [dbo].[Nop_Product_Manufacturer_Mapping] ON
INSERT [dbo].[Nop_Product_Manufacturer_Mapping] ([ProductManufacturerID], [ProductID], [ManufacturerID], [IsFeaturedProduct], [DisplayOrder]) VALUES (1, 68, 2, 0, 1)
INSERT [dbo].[Nop_Product_Manufacturer_Mapping] ([ProductManufacturerID], [ProductID], [ManufacturerID], [IsFeaturedProduct], [DisplayOrder]) VALUES (2, 70, 2, 0, 2)
INSERT [dbo].[Nop_Product_Manufacturer_Mapping] ([ProductManufacturerID], [ProductID], [ManufacturerID], [IsFeaturedProduct], [DisplayOrder]) VALUES (3, 64, 1, 0, 1)
INSERT [dbo].[Nop_Product_Manufacturer_Mapping] ([ProductManufacturerID], [ProductID], [ManufacturerID], [IsFeaturedProduct], [DisplayOrder]) VALUES (4, 65, 1, 0, 2)
INSERT [dbo].[Nop_Product_Manufacturer_Mapping] ([ProductManufacturerID], [ProductID], [ManufacturerID], [IsFeaturedProduct], [DisplayOrder]) VALUES (5, 71, 1, 0, 3)
INSERT [dbo].[Nop_Product_Manufacturer_Mapping] ([ProductManufacturerID], [ProductID], [ManufacturerID], [IsFeaturedProduct], [DisplayOrder]) VALUES (6, 72, 1, 0, 4)
SET IDENTITY_INSERT [dbo].[Nop_Product_Manufacturer_Mapping] OFF
GO

SET IDENTITY_INSERT [dbo].[Nop_ProductTag] ON
INSERT [dbo].[Nop_ProductTag] ([ProductTagID], [Name], [ProductCount]) VALUES (1, N'book', 4)
INSERT [dbo].[Nop_ProductTag] ([ProductTagID], [Name], [ProductCount]) VALUES (2, N'awesome', 20)
INSERT [dbo].[Nop_ProductTag] ([ProductTagID], [Name], [ProductCount]) VALUES (3, N'nice', 5)
INSERT [dbo].[Nop_ProductTag] ([ProductTagID], [Name], [ProductCount]) VALUES (4, N'computer', 17)
INSERT [dbo].[Nop_ProductTag] ([ProductTagID], [Name], [ProductCount]) VALUES (5, N'cool', 21)
INSERT [dbo].[Nop_ProductTag] ([ProductTagID], [Name], [ProductCount]) VALUES (6, N'compact', 7)
INSERT [dbo].[Nop_ProductTag] ([ProductTagID], [Name], [ProductCount]) VALUES (7, N'game', 3)
INSERT [dbo].[Nop_ProductTag] ([ProductTagID], [Name], [ProductCount]) VALUES (8, N'camera', 3)
INSERT [dbo].[Nop_ProductTag] ([ProductTagID], [Name], [ProductCount]) VALUES (9, N'cell', 2)
INSERT [dbo].[Nop_ProductTag] ([ProductTagID], [Name], [ProductCount]) VALUES (10, N'apparel', 10)
INSERT [dbo].[Nop_ProductTag] ([ProductTagID], [Name], [ProductCount]) VALUES (11, N'shirt', 3)
INSERT [dbo].[Nop_ProductTag] ([ProductTagID], [Name], [ProductCount]) VALUES (12, N'jeans', 2)
INSERT [dbo].[Nop_ProductTag] ([ProductTagID], [Name], [ProductCount]) VALUES (13, N'shoes', 2)
INSERT [dbo].[Nop_ProductTag] ([ProductTagID], [Name], [ProductCount]) VALUES (14, N'digital', 3)
INSERT [dbo].[Nop_ProductTag] ([ProductTagID], [Name], [ProductCount]) VALUES (15, N'jewelry', 4)
INSERT [dbo].[Nop_ProductTag] ([ProductTagID], [Name], [ProductCount]) VALUES (16, N'gift', 2)
SET IDENTITY_INSERT [dbo].[Nop_ProductTag] OFF
GO


INSERT [dbo].[Nop_ProductTag_Product_Mapping] ([ProductTagID], [ProductID]) VALUES (1, 60)
INSERT [dbo].[Nop_ProductTag_Product_Mapping] ([ProductTagID], [ProductID]) VALUES (1, 61)
INSERT [dbo].[Nop_ProductTag_Product_Mapping] ([ProductTagID], [ProductID]) VALUES (1, 62)
INSERT [dbo].[Nop_ProductTag_Product_Mapping] ([ProductTagID], [ProductID]) VALUES (1, 63)
INSERT [dbo].[Nop_ProductTag_Product_Mapping] ([ProductTagID], [ProductID]) VALUES (2, 45)
INSERT [dbo].[Nop_ProductTag_Product_Mapping] ([ProductTagID], [ProductID]) VALUES (2, 46)
INSERT [dbo].[Nop_ProductTag_Product_Mapping] ([ProductTagID], [ProductID]) VALUES (2, 47)
INSERT [dbo].[Nop_ProductTag_Product_Mapping] ([ProductTagID], [ProductID]) VALUES (2, 48)
INSERT [dbo].[Nop_ProductTag_Product_Mapping] ([ProductTagID], [ProductID]) VALUES (2, 57)
INSERT [dbo].[Nop_ProductTag_Product_Mapping] ([ProductTagID], [ProductID]) VALUES (2, 58)
INSERT [dbo].[Nop_ProductTag_Product_Mapping] ([ProductTagID], [ProductID]) VALUES (2, 59)
INSERT [dbo].[Nop_ProductTag_Product_Mapping] ([ProductTagID], [ProductID]) VALUES (2, 61)
INSERT [dbo].[Nop_ProductTag_Product_Mapping] ([ProductTagID], [ProductID]) VALUES (2, 63)
INSERT [dbo].[Nop_ProductTag_Product_Mapping] ([ProductTagID], [ProductID]) VALUES (2, 64)
INSERT [dbo].[Nop_ProductTag_Product_Mapping] ([ProductTagID], [ProductID]) VALUES (2, 67)
INSERT [dbo].[Nop_ProductTag_Product_Mapping] ([ProductTagID], [ProductID]) VALUES (2, 68)
INSERT [dbo].[Nop_ProductTag_Product_Mapping] ([ProductTagID], [ProductID]) VALUES (2, 69)
INSERT [dbo].[Nop_ProductTag_Product_Mapping] ([ProductTagID], [ProductID]) VALUES (2, 70)
INSERT [dbo].[Nop_ProductTag_Product_Mapping] ([ProductTagID], [ProductID]) VALUES (2, 79)
INSERT [dbo].[Nop_ProductTag_Product_Mapping] ([ProductTagID], [ProductID]) VALUES (2, 80)
INSERT [dbo].[Nop_ProductTag_Product_Mapping] ([ProductTagID], [ProductID]) VALUES (2, 81)
INSERT [dbo].[Nop_ProductTag_Product_Mapping] ([ProductTagID], [ProductID]) VALUES (2, 82)
INSERT [dbo].[Nop_ProductTag_Product_Mapping] ([ProductTagID], [ProductID]) VALUES (2, 84)
INSERT [dbo].[Nop_ProductTag_Product_Mapping] ([ProductTagID], [ProductID]) VALUES (2, 87)
INSERT [dbo].[Nop_ProductTag_Product_Mapping] ([ProductTagID], [ProductID]) VALUES (3, 63)
INSERT [dbo].[Nop_ProductTag_Product_Mapping] ([ProductTagID], [ProductID]) VALUES (3, 65)
INSERT [dbo].[Nop_ProductTag_Product_Mapping] ([ProductTagID], [ProductID]) VALUES (3, 72)
INSERT [dbo].[Nop_ProductTag_Product_Mapping] ([ProductTagID], [ProductID]) VALUES (3, 88)
INSERT [dbo].[Nop_ProductTag_Product_Mapping] ([ProductTagID], [ProductID]) VALUES (3, 89)
INSERT [dbo].[Nop_ProductTag_Product_Mapping] ([ProductTagID], [ProductID]) VALUES (4, 64)
INSERT [dbo].[Nop_ProductTag_Product_Mapping] ([ProductTagID], [ProductID]) VALUES (4, 65)
INSERT [dbo].[Nop_ProductTag_Product_Mapping] ([ProductTagID], [ProductID]) VALUES (4, 66)
INSERT [dbo].[Nop_ProductTag_Product_Mapping] ([ProductTagID], [ProductID]) VALUES (4, 67)
INSERT [dbo].[Nop_ProductTag_Product_Mapping] ([ProductTagID], [ProductID]) VALUES (4, 68)
INSERT [dbo].[Nop_ProductTag_Product_Mapping] ([ProductTagID], [ProductID]) VALUES (4, 69)
INSERT [dbo].[Nop_ProductTag_Product_Mapping] ([ProductTagID], [ProductID]) VALUES (4, 70)
INSERT [dbo].[Nop_ProductTag_Product_Mapping] ([ProductTagID], [ProductID]) VALUES (4, 71)
INSERT [dbo].[Nop_ProductTag_Product_Mapping] ([ProductTagID], [ProductID]) VALUES (4, 72)
INSERT [dbo].[Nop_ProductTag_Product_Mapping] ([ProductTagID], [ProductID]) VALUES (4, 73)
INSERT [dbo].[Nop_ProductTag_Product_Mapping] ([ProductTagID], [ProductID]) VALUES (4, 74)
INSERT [dbo].[Nop_ProductTag_Product_Mapping] ([ProductTagID], [ProductID]) VALUES (4, 75)
INSERT [dbo].[Nop_ProductTag_Product_Mapping] ([ProductTagID], [ProductID]) VALUES (4, 76)
INSERT [dbo].[Nop_ProductTag_Product_Mapping] ([ProductTagID], [ProductID]) VALUES (4, 77)
INSERT [dbo].[Nop_ProductTag_Product_Mapping] ([ProductTagID], [ProductID]) VALUES (4, 78)
INSERT [dbo].[Nop_ProductTag_Product_Mapping] ([ProductTagID], [ProductID]) VALUES (4, 79)
INSERT [dbo].[Nop_ProductTag_Product_Mapping] ([ProductTagID], [ProductID]) VALUES (4, 80)
INSERT [dbo].[Nop_ProductTag_Product_Mapping] ([ProductTagID], [ProductID]) VALUES (5, 49)
INSERT [dbo].[Nop_ProductTag_Product_Mapping] ([ProductTagID], [ProductID]) VALUES (5, 50)
INSERT [dbo].[Nop_ProductTag_Product_Mapping] ([ProductTagID], [ProductID]) VALUES (5, 51)
INSERT [dbo].[Nop_ProductTag_Product_Mapping] ([ProductTagID], [ProductID]) VALUES (5, 52)
INSERT [dbo].[Nop_ProductTag_Product_Mapping] ([ProductTagID], [ProductID]) VALUES (5, 53)
INSERT [dbo].[Nop_ProductTag_Product_Mapping] ([ProductTagID], [ProductID]) VALUES (5, 54)
INSERT [dbo].[Nop_ProductTag_Product_Mapping] ([ProductTagID], [ProductID]) VALUES (5, 55)
INSERT [dbo].[Nop_ProductTag_Product_Mapping] ([ProductTagID], [ProductID]) VALUES (5, 56)
INSERT [dbo].[Nop_ProductTag_Product_Mapping] ([ProductTagID], [ProductID]) VALUES (5, 57)
INSERT [dbo].[Nop_ProductTag_Product_Mapping] ([ProductTagID], [ProductID]) VALUES (5, 66)
INSERT [dbo].[Nop_ProductTag_Product_Mapping] ([ProductTagID], [ProductID]) VALUES (5, 71)
INSERT [dbo].[Nop_ProductTag_Product_Mapping] ([ProductTagID], [ProductID]) VALUES (5, 73)
INSERT [dbo].[Nop_ProductTag_Product_Mapping] ([ProductTagID], [ProductID]) VALUES (5, 74)
INSERT [dbo].[Nop_ProductTag_Product_Mapping] ([ProductTagID], [ProductID]) VALUES (5, 75)
INSERT [dbo].[Nop_ProductTag_Product_Mapping] ([ProductTagID], [ProductID]) VALUES (5, 76)
INSERT [dbo].[Nop_ProductTag_Product_Mapping] ([ProductTagID], [ProductID]) VALUES (5, 77)
INSERT [dbo].[Nop_ProductTag_Product_Mapping] ([ProductTagID], [ProductID]) VALUES (5, 78)
INSERT [dbo].[Nop_ProductTag_Product_Mapping] ([ProductTagID], [ProductID]) VALUES (5, 83)
INSERT [dbo].[Nop_ProductTag_Product_Mapping] ([ProductTagID], [ProductID]) VALUES (5, 84)
INSERT [dbo].[Nop_ProductTag_Product_Mapping] ([ProductTagID], [ProductID]) VALUES (5, 85)
INSERT [dbo].[Nop_ProductTag_Product_Mapping] ([ProductTagID], [ProductID]) VALUES (5, 86)
INSERT [dbo].[Nop_ProductTag_Product_Mapping] ([ProductTagID], [ProductID]) VALUES (6, 68)
INSERT [dbo].[Nop_ProductTag_Product_Mapping] ([ProductTagID], [ProductID]) VALUES (6, 69)
INSERT [dbo].[Nop_ProductTag_Product_Mapping] ([ProductTagID], [ProductID]) VALUES (6, 70)
INSERT [dbo].[Nop_ProductTag_Product_Mapping] ([ProductTagID], [ProductID]) VALUES (6, 71)
INSERT [dbo].[Nop_ProductTag_Product_Mapping] ([ProductTagID], [ProductID]) VALUES (6, 72)
INSERT [dbo].[Nop_ProductTag_Product_Mapping] ([ProductTagID], [ProductID]) VALUES (6, 81)
INSERT [dbo].[Nop_ProductTag_Product_Mapping] ([ProductTagID], [ProductID]) VALUES (6, 82)
INSERT [dbo].[Nop_ProductTag_Product_Mapping] ([ProductTagID], [ProductID]) VALUES (7, 76)
INSERT [dbo].[Nop_ProductTag_Product_Mapping] ([ProductTagID], [ProductID]) VALUES (7, 77)
INSERT [dbo].[Nop_ProductTag_Product_Mapping] ([ProductTagID], [ProductID]) VALUES (7, 78)
INSERT [dbo].[Nop_ProductTag_Product_Mapping] ([ProductTagID], [ProductID]) VALUES (8, 83)
INSERT [dbo].[Nop_ProductTag_Product_Mapping] ([ProductTagID], [ProductID]) VALUES (8, 84)
INSERT [dbo].[Nop_ProductTag_Product_Mapping] ([ProductTagID], [ProductID]) VALUES (8, 85)
INSERT [dbo].[Nop_ProductTag_Product_Mapping] ([ProductTagID], [ProductID]) VALUES (9, 81)
INSERT [dbo].[Nop_ProductTag_Product_Mapping] ([ProductTagID], [ProductID]) VALUES (9, 82)
INSERT [dbo].[Nop_ProductTag_Product_Mapping] ([ProductTagID], [ProductID]) VALUES (10, 49)
INSERT [dbo].[Nop_ProductTag_Product_Mapping] ([ProductTagID], [ProductID]) VALUES (10, 50)
INSERT [dbo].[Nop_ProductTag_Product_Mapping] ([ProductTagID], [ProductID]) VALUES (10, 51)
INSERT [dbo].[Nop_ProductTag_Product_Mapping] ([ProductTagID], [ProductID]) VALUES (10, 52)
INSERT [dbo].[Nop_ProductTag_Product_Mapping] ([ProductTagID], [ProductID]) VALUES (10, 53)
INSERT [dbo].[Nop_ProductTag_Product_Mapping] ([ProductTagID], [ProductID]) VALUES (10, 54)
INSERT [dbo].[Nop_ProductTag_Product_Mapping] ([ProductTagID], [ProductID]) VALUES (10, 55)
INSERT [dbo].[Nop_ProductTag_Product_Mapping] ([ProductTagID], [ProductID]) VALUES (10, 56)
INSERT [dbo].[Nop_ProductTag_Product_Mapping] ([ProductTagID], [ProductID]) VALUES (10, 57)
INSERT [dbo].[Nop_ProductTag_Product_Mapping] ([ProductTagID], [ProductID]) VALUES (10, 86)
INSERT [dbo].[Nop_ProductTag_Product_Mapping] ([ProductTagID], [ProductID]) VALUES (11, 53)
INSERT [dbo].[Nop_ProductTag_Product_Mapping] ([ProductTagID], [ProductID]) VALUES (11, 54)
INSERT [dbo].[Nop_ProductTag_Product_Mapping] ([ProductTagID], [ProductID]) VALUES (11, 86)
INSERT [dbo].[Nop_ProductTag_Product_Mapping] ([ProductTagID], [ProductID]) VALUES (12, 51)
INSERT [dbo].[Nop_ProductTag_Product_Mapping] ([ProductTagID], [ProductID]) VALUES (12, 52)
INSERT [dbo].[Nop_ProductTag_Product_Mapping] ([ProductTagID], [ProductID]) VALUES (13, 49)
INSERT [dbo].[Nop_ProductTag_Product_Mapping] ([ProductTagID], [ProductID]) VALUES (13, 50)
INSERT [dbo].[Nop_ProductTag_Product_Mapping] ([ProductTagID], [ProductID]) VALUES (14, 58)
INSERT [dbo].[Nop_ProductTag_Product_Mapping] ([ProductTagID], [ProductID]) VALUES (14, 59)
INSERT [dbo].[Nop_ProductTag_Product_Mapping] ([ProductTagID], [ProductID]) VALUES (14, 87)
INSERT [dbo].[Nop_ProductTag_Product_Mapping] ([ProductTagID], [ProductID]) VALUES (15, 45)
INSERT [dbo].[Nop_ProductTag_Product_Mapping] ([ProductTagID], [ProductID]) VALUES (15, 46)
INSERT [dbo].[Nop_ProductTag_Product_Mapping] ([ProductTagID], [ProductID]) VALUES (15, 47)
INSERT [dbo].[Nop_ProductTag_Product_Mapping] ([ProductTagID], [ProductID]) VALUES (15, 48)
INSERT [dbo].[Nop_ProductTag_Product_Mapping] ([ProductTagID], [ProductID]) VALUES (16, 88)
INSERT [dbo].[Nop_ProductTag_Product_Mapping] ([ProductTagID], [ProductID]) VALUES (16, 89)
GO